DIA,ONDA,CANALIZACAO,CPT,TOTAL_PACOTES,COT_TOTAL,DOT_TOTAL,OOT_TOTAL,PROCESSADOS,PCT_PROCESSADOS,OT_ONDA_PRETA,OT_NAO_PRETA,PRONTOS_EXPEDICAO,QTD_OFENSORES,NAO_LOC_PROCESSO,NAO_LOC_EXPEDICAO,ATRASO_MONTAGEM,ATRASO_EXPEDICAO,PENDENTES,EXPEDIDOS_ATRASADOS,OOT_ONDA_PRETA,OOT_NAO_PRETA
01/10/2026,Amarela,SBA6,04:00,559,3,1,1,4,"0,72",0,1,3,555,555,0,0,0,555,0,554,1
01/10/2026,Amarela,SDF1,03:00,546,5,0,0,5,"0,92",0,0,5,541,541,0,0,0,541,0,541,0
01/10/2026,Amarela,SDF2,03:00,222,0,0,0,0,0,0,0,0,222,222,0,0,0,222,0,221,1
01/10/2026,Amarela,SES2,04:00,161,2,0,0,2,"1,24",0,0,2,159,159,0,0,0,159,0,159,0
01/10/2026,Amarela,SMG11,04:00,110,2,0,0,2,"1,82",0,0,2,108,108,0,0,0,108,0,108,0
01/10/2026,Amarela,SMG12,03:00,79,0,0,0,1,"1,27",0,0,1,78,78,0,0,0,78,0,76,2
01/10/2026,Amarela,SMG6,03:00,250,1,0,0,1,"0,4",0,0,1,249,249,0,0,0,249,0,249,0
01/10/2026,Amarela,SMG9,02:30,168,0,0,0,0,0,0,0,0,168,168,0,0,0,168,0,166,2
01/10/2026,Amarela,SMN1,04:00,241,1,0,0,1,"0,41",0,0,1,240,240,0,0,0,240,0,240,0
01/10/2026,Amarela,SMS2,03:00,262,2,1,1,2,"0,76",0,1,1,260,260,0,0,0,260,0,260,0
01/10/2026,Amarela,SPA2,04:00,175,3,1,0,4,"2,29",0,0,4,171,171,0,0,0,171,0,171,0
01/10/2026,Amarela,SPE1,04:00,675,13,3,3,14,"2,07",0,3,11,661,661,0,0,0,661,0,660,1
01/10/2026,Amarela,SPR10,04:00,162,0,0,0,0,0,0,0,0,162,162,0,0,0,162,0,162,0
01/10/2026,Amarela,SPR2,03:00,117,0,0,0,0,0,0,0,0,117,117,0,0,0,117,0,117,0
01/10/2026,Amarela,SPR4,06:00,124,1,0,0,1,"0,81",0,0,1,123,123,0,0,0,123,0,123,0
01/10/2026,Amarela,SPR5,03:00,150,1,0,0,1,"0,67",0,0,1,149,149,0,0,0,149,0,149,0
01/10/2026,Amarela,SPR7,03:00,158,2,0,0,2,"1,27",0,0,2,156,156,0,0,0,156,0,156,0
01/10/2026,Amarela,SPR8,04:00,295,2,0,0,2,"0,68",0,0,2,293,293,0,0,0,293,0,293,0
01/10/2026,Amarela,SPR8_V,04:00,1,0,0,0,0,0,0,0,0,1,1,0,0,0,1,0,0,1
01/10/2026,Amarela,SRJ4,04:00,19,0,0,0,0,0,0,0,0,19,19,0,0,0,19,0,19,0
01/10/2026,Amarela,SRJ5,04:00,189,1,0,0,1,"0,53",0,0,1,188,188,0,0,0,188,0,188,0
01/10/2026,Amarela,SRJ7,04:00,8,1,0,0,1,"12,5",0,0,1,7,7,0,0,0,7,0,7,0
01/10/2026,Amarela,SRJ9,04:00,1,0,0,0,0,0,0,0,0,1,1,0,0,0,1,0,1,0
01/10/2026,Amarela,SRS1,04:00,247,1,0,0,1,"0,4",0,0,1,246,246,0,0,0,246,0,246,0
01/10/2026,Amarela,SRS3,08:00,175,1,0,0,2,"1,14",0,0,2,173,173,0,0,0,173,0,172,1
01/10/2026,Amarela,SSC5,06:00,175,2,0,0,2,"1,14",0,0,2,173,173,0,0,0,173,0,173,0
01/10/2026,Amarela,SSC7,04:00,154,2,0,0,2,"1,3",0,0,2,152,152,0,0,0,152,0,152,0
01/10/2026,Amarela,SSC8,03:00,148,2,0,0,2,"1,35",0,0,2,146,146,0,0,0,146,0,146,0
01/10/2026,Amarela,SSC9,03:00,232,1,0,0,1,"0,43",0,0,1,231,231,0,0,0,231,0,231,0
01/10/2026,Amarela,SSP10,04:00,159,3,0,0,6,"3,77",0,0,6,153,153,0,0,0,153,0,153,0
01/10/2026,Amarela,SSP17,02:30,45,0,0,0,0,0,0,0,0,45,45,0,0,0,45,0,44,1
01/10/2026,Amarela,SSP17_V,02:30,14,0,0,0,0,0,0,0,0,14,14,0,0,0,14,0,14,0
01/10/2026,Amarela,SSP21,03:00,136,1,1,1,1,"0,74",0,1,0,135,135,0,0,0,135,0,133,2
01/10/2026,Amarela,SSP25,03:00,276,1,0,0,2,"0,72",0,0,2,274,274,0,0,0,274,0,274,0
01/10/2026,Amarela,SSP28,04:00,49,0,0,0,0,0,0,0,0,49,49,0,0,0,49,0,48,1
01/10/2026,Amarela,SSP3,02:30,64,1,0,0,1,"1,56",0,0,1,63,63,0,0,0,63,0,61,2
01/10/2026,Amarela,SSP30,03:00,281,4,1,1,4,"1,42",1,0,3,277,277,0,0,0,277,0,276,1
01/10/2026,Amarela,SSP34,03:00,188,1,0,0,1,"0,53",0,0,1,187,187,0,0,0,187,0,187,0
01/10/2026,Amarela,SSP36,05:30,81,0,0,0,0,0,0,0,0,81,81,0,0,0,81,0,79,2
01/10/2026,Amarela,SSP40,03:00,131,0,0,0,0,0,0,0,0,131,131,0,0,0,131,0,130,1
01/10/2026,Amarela,SSP40_V,03:00,6,0,0,0,0,0,0,0,0,6,6,0,0,0,6,0,5,1
01/10/2026,Amarela,SSP45,03:00,191,4,0,0,5,"2,62",0,0,5,186,186,0,0,0,186,0,185,1
01/10/2026,Amarela,SSP45_V,03:00,8,0,0,0,0,0,0,0,0,8,8,0,0,0,8,0,8,0
01/10/2026,Amarela,SSP48,03:00,162,3,2,2,3,"1,85",0,2,1,159,159,0,0,0,159,0,159,0
01/10/2026,Amarela,SSP49,03:00,65,0,0,0,0,0,0,0,0,65,65,0,0,0,65,0,65,0
01/10/2026,Amarela,SSP5,03:00,232,2,0,0,2,"0,86",0,0,2,230,230,0,0,0,230,0,229,1
01/10/2026,Amarela,SSP54,04:00,24,0,0,0,0,0,0,0,0,24,24,0,0,0,24,0,24,0
01/10/2026,Amarela,SSP5_V,03:00,6,0,0,0,0,0,0,0,0,6,6,0,0,0,6,0,6,0
01/10/2026,Amarela,SSP64,04:00,44,0,0,0,0,0,0,0,0,44,44,0,0,0,44,0,44,0
01/10/2026,Amarela,SSP8,02:30,391,4,0,0,4,"1,02",0,0,4,387,387,0,0,0,387,0,385,2
01/10/2026,Amarela,XSP17_1,06:00,196,1,0,0,1,"0,51",0,0,1,195,195,0,0,0,195,0,195,0
01/10/2026,Amarela,XSP17_2,06:00,144,1,0,0,1,"0,69",0,0,1,143,143,0,0,0,143,0,142,1
01/10/2026,Amarela,XSP17_3,06:00,3,0,0,0,0,0,0,0,0,3,3,0,0,0,3,0,3,0
01/10/2026,Amarela,XSP24_6,06:00,14,3,1,1,3,"21,43",0,1,2,11,11,0,0,0,11,0,11,0
01/10/2026,Amarela,XSP9_3,06:00,78,0,0,0,0,0,0,0,0,78,78,0,0,0,78,0,77,1
01/10/2026,Azul,SAL1_C,02:00,4,1,0,0,1,25,0,0,1,3,3,0,0,0,3,0,3,0
01/10/2026,Azul,SAM1_A,01:30,223,0,0,0,4,"1,79",0,0,4,219,219,0,0,0,219,0,219,0
01/10/2026,Azul,SBA1_A,01:30,81,0,0,0,1,"1,23",0,0,1,80,80,0,0,0,80,0,80,0
01/10/2026,Azul,SBA2_C,02:00,1,0,0,0,0,0,0,0,0,1,1,0,0,0,1,0,0,1
01/10/2026,Azul,SBA6_A,01:00,7,3,2,2,3,"42,86",0,2,1,4,4,0,0,0,4,0,4,0
01/10/2026,Azul,SDF1_A,01:30,211,0,0,0,1,"0,47",0,0,1,210,210,0,0,0,210,0,210,0
01/10/2026,Azul,SDF2_A,01:30,96,1,1,1,2,"2,08",1,0,1,94,94,0,0,0,94,0,94,0
01/10/2026,Azul,SES1_A,01:30,375,3,0,0,4,"1,07",0,0,4,371,371,0,0,0,371,0,371,0
01/10/2026,Azul,SGO1_A,01:00,12,0,0,0,0,0,0,0,0,12,12,0,0,0,12,0,11,1
01/10/2026,Azul,SGO3_A,01:00,6,0,0,0,0,0,0,0,0,6,6,0,0,0,6,0,6,0
01/10/2026,Azul,SJP1X_A,05:00,76,0,0,0,0,0,0,0,0,76,76,0,0,0,76,0,76,0
01/10/2026,Azul,SJP1_A,05:00,110,0,0,0,1,"0,91",0,0,1,109,109,0,0,0,109,0,109,0
01/10/2026,Azul,SMN1_A,05:00,10,0,0,0,0,0,0,0,0,10,10,0,0,0,10,0,10,0
01/10/2026,Azul,SMN2_C,05:00,42,0,0,0,0,0,0,0,0,42,42,0,0,0,42,0,41,1
01/10/2026,Azul,SMR1_A,01:00,108,0,0,0,3,"2,78",0,0,3,105,105,0,0,0,105,0,105,0
01/10/2026,Azul,SMR2_A,01:00,87,1,1,1,4,"4,6",0,1,3,83,83,0,0,0,83,0,83,0
01/10/2026,Azul,SPA1_C,05:00,4,1,0,0,1,25,0,0,1,3,3,0,0,0,3,0,3,0
01/10/2026,Azul,SPE1_A,01:00,308,2,0,0,7,"2,27",0,0,7,301,301,0,0,0,301,0,301,0
01/10/2026,Azul,SPI1_A,05:00,94,1,0,0,1,"1,06",0,0,1,93,93,0,0,0,93,0,93,0
01/10/2026,Azul,SRN1_A,05:00,67,1,0,0,1,"1,49",0,0,1,66,66,0,0,0,66,0,66,0
01/10/2026,Azul,SRN2_A,05:00,42,1,0,0,1,"2,38",0,0,1,41,41,0,0,0,41,0,41,0
01/10/2026,Azul,SRS1_A,01:30,22,0,0,0,0,0,0,0,0,22,22,0,0,0,22,0,22,0
01/10/2026,Azul,SRS8_A,01:30,13,0,0,0,1,"7,69",0,0,1,12,12,0,0,0,12,0,12,0
01/10/2026,Azul,SRS9_A,01:30,10,1,0,0,1,10,0,0,1,9,9,0,0,0,9,0,9,0
01/10/2026,Azul,SSE1_C,02:00,4,1,0,0,1,25,0,0,1,3,3,0,0,0,3,0,3,0
01/10/2026,Rosa,FSP2_R,06:00,13,0,0,0,0,0,0,0,0,13,13,0,0,0,13,0,0,13
01/10/2026,Verde,CVLHUB,06:00,1,1,1,1,1,100,0,1,0,0,0,0,0,0,0,0,0,0
01/10/2026,Verde,JADHUB,13:00,2,2,2,2,2,100,0,2,0,0,0,0,0,0,0,0,0,0
01/10/2026,Verde,JETSL1,13:00,3083,13,0,0,15,"0,49",0,0,15,3068,3068,0,0,0,3068,0,3068,0
01/10/2026,Verde,SBA1,04:00,349,2,1,1,4,"1,15",0,1,3,345,345,0,0,0,345,0,345,0
01/10/2026,Verde,SBA2,06:00,215,6,0,0,8,"3,72",0,0,8,207,207,0,0,0,207,0,207,0
01/10/2026,Verde,SBA3,08:00,201,1,0,0,1,"0,5",0,0,1,200,200,0,0,0,200,0,199,1
01/10/2026,Verde,SBA4,06:00,62,2,0,0,2,"3,23",0,0,2,60,60,0,0,0,60,0,60,0
01/10/2026,Verde,SBA7,08:00,160,1,0,0,1,"0,63",0,0,1,159,159,0,0,0,159,0,159,0
01/10/2026,Verde,SES3,06:00,10,2,0,0,2,20,0,0,2,8,8,0,0,0,8,0,8,0
01/10/2026,Verde,SES3_X,06:00,8,3,1,1,3,"37,5",0,1,2,5,5,0,0,0,5,0,5,0
01/10/2026,Verde,SGO1,06:00,321,6,0,0,7,"2,18",0,0,7,314,314,0,0,0,314,0,311,3
01/10/2026,Verde,SMG1,05:30,247,3,0,0,3,"1,21",0,0,3,244,244,0,0,0,244,0,244,0
01/10/2026,Verde,SMG10,05:00,9,0,0,0,1,"11,11",0,0,1,8,8,0,0,0,8,0,4,4
01/10/2026,Verde,SMG13,06:00,4,0,0,0,0,0,0,0,0,4,4,0,0,0,4,0,4,0
01/10/2026,Verde,SMG13_X,06:00,5,2,1,1,2,40,0,1,1,3,3,0,0,0,3,0,3,0
01/10/2026,Verde,SMG14,05:00,174,4,1,1,4,"2,3",0,1,3,170,170,0,0,0,170,0,170,0
01/10/2026,Verde,SMG15,05:30,11,0,0,0,0,0,0,0,0,11,11,0,0,0,11,0,9,2
01/10/2026,Verde,SMG18,05:30,9,3,0,0,3,"33,33",0,0,3,6,6,0,0,0,6,0,6,0
01/10/2026,Verde,SMG1_V,05:30,1,0,0,0,0,0,0,0,0,1,1,0,0,0,1,0,1,0
01/10/2026,Verde,SMG2,05:00,242,3,1,1,3,"1,24",0,1,2,239,239,0,0,0,239,0,239,0
01/10/2026,Verde,SMG8,05:30,340,1,0,0,1,"0,29",0,0,1,339,339,0,0,0,339,0,339,0
01/10/2026,Verde,SMR1,04:00,227,0,0,0,0,0,0,0,0,227,227,0,0,0,227,0,225,2
01/10/2026,Verde,SMS1,06:00,129,1,1,1,1,"0,78",0,1,0,128,128,0,0,0,128,0,127,1
01/10/2026,Verde,SPA1,04:00,323,1,0,0,1,"0,31",0,0,1,322,322,0,0,0,322,0,322,0
01/10/2026,Verde,SPI1,06:00,34,2,0,0,2,"5,88",0,0,2,32,32,0,0,0,32,0,32,0
01/10/2026,Verde,SPR1,03:00,404,2,0,0,2,"0,5",0,0,2,402,402,0,0,0,402,0,402,0
01/10/2026,Verde,SPR6,03:00,254,2,0,0,2,"0,79",0,0,2,252,252,0,0,0,252,0,251,1
01/10/2026,Verde,SRJ8,04:00,658,6,1,1,7,"1,06",0,1,6,651,651,0,0,0,651,0,650,1
01/10/2026,Verde,SRN1,06:00,152,1,0,0,3,"1,97",0,0,3,149,149,0,0,0,149,0,149,0
01/10/2026,Verde,SRS10,06:00,10,2,1,1,2,20,1,0,1,8,8,0,0,0,8,0,8,0
01/10/2026,Verde,SRS2,08:00,170,3,0,0,3,"1,76",0,0,3,167,167,0,0,0,167,0,167,0
01/10/2026,Verde,SRS4,05:00,385,5,2,2,5,"1,3",1,1,3,380,380,0,0,0,380,0,379,1
01/10/2026,Verde,SRS5,04:00,113,7,1,1,8,"7,08",0,1,7,105,105,0,0,0,105,0,103,2
01/10/2026,Verde,SSC1,13:00,185,1,0,0,1,"0,54",0,0,1,184,184,0,0,0,184,0,183,1
01/10/2026,Verde,SSC2,04:00,328,0,0,0,0,0,0,0,0,328,328,0,0,0,328,0,327,1
01/10/2026,Verde,SSC3,03:00,185,1,0,0,2,"1,08",0,0,2,183,183,0,0,0,183,0,183,0
01/10/2026,Verde,SSE1,06:00,264,3,1,1,3,"1,14",0,1,2,261,261,0,0,0,261,0,261,0
01/10/2026,Verde,SSP11,08:00,180,2,0,0,2,"1,11",0,0,2,178,178,0,0,0,178,0,178,0
01/10/2026,Verde,SSP23,03:00,161,2,0,0,3,"1,86",0,0,3,158,158,0,0,0,158,0,157,1
01/10/2026,Verde,SSP29,03:00,200,0,0,0,0,0,0,0,0,200,200,0,0,0,200,0,200,0
01/10/2026,Verde,SSP50,04:00,68,3,1,1,3,"4,41",0,1,2,65,65,0,0,0,65,0,65,0
01/10/2026,Verde,SSP50_V,04:00,16,0,0,0,0,0,0,0,0,16,16,0,0,0,16,0,16,0
01/10/2026,Verde,SSP52,13:00,364,1,0,0,1,"0,27",0,0,1,363,363,0,0,0,363,0,363,0
01/10/2026,Verde,SSP56,06:00,143,1,1,1,1,"0,7",0,1,0,142,142,0,0,0,142,0,142,0
01/10/2026,Verde,SSP7,03:00,22,1,0,0,1,"4,55",0,0,1,21,21,0,0,0,21,0,21,0
01/10/2026,Verde,STO1,06:00,136,0,0,0,0,0,0,0,0,136,136,0,0,0,136,0,136,0
01/10/2026,Verde,STO2,06:00,75,1,0,0,1,"1,33",0,0,1,74,74,0,0,0,74,0,74,0
01/10/2026,Verde,XSP23_3,06:00,233,2,0,0,2,"0,86",0,0,2,231,231,0,0,0,231,0,231,0
01/10/2026,Verde,XSP9_1,04:00,219,1,0,0,1,"0,46",0,0,1,218,218,0,0,0,218,0,218,0
01/10/2026,Verde,XSP9_2,06:00,967,3,0,0,3,"0,31",0,0,3,964,964,0,0,0,964,0,963,1
01/10/2026,Vermelha,SAL1,02:30,379,3,1,1,4,"1,06",0,1,3,375,375,0,0,0,375,0,374,1
01/10/2026,Vermelha,SES1,02:30,5,1,0,0,1,20,0,0,1,4,4,0,0,0,4,0,2,2
01/10/2026,Vermelha,SMG3,02:00,4,0,0,0,0,0,0,0,0,4,4,0,0,0,4,0,3,1
01/10/2026,Vermelha,SMG5,01:30,206,1,0,0,1,"0,49",0,0,1,205,205,0,0,0,205,0,204,1
01/10/2026,Vermelha,SMG7,13:00,12,0,0,0,0,0,0,0,0,12,12,0,0,0,12,0,10,2
01/10/2026,Vermelha,SMN2,05:00,199,0,0,0,0,0,0,0,0,199,199,0,0,0,199,0,199,0
01/10/2026,Vermelha,SRJ1,01:30,373,5,1,1,5,"1,34",0,1,4,368,368,0,0,0,368,0,368,0
01/10/2026,Vermelha,SRJ10,01:00,404,4,0,0,4,"0,99",0,0,4,400,400,0,0,0,400,0,399,1
01/10/2026,Vermelha,SRJ10_V,01:00,5,0,0,0,0,0,0,0,0,5,5,0,0,0,5,0,4,1
01/10/2026,Vermelha,SRJ13,01:30,243,6,2,2,6,"2,47",0,2,4,237,237,0,0,0,237,0,236,1
01/10/2026,Vermelha,SRJ2,02:00,281,2,1,1,2,"0,71",0,1,1,279,279,0,0,0,279,0,277,2
01/10/2026,Vermelha,SRJ3,02:30,250,1,0,0,1,"0,4",0,0,1,249,249,0,0,0,249,0,249,0
01/10/2026,Vermelha,SRJ6,01:30,214,4,0,0,4,"1,87",0,0,4,210,210,0,0,0,210,0,210,0
01/10/2026,Vermelha,SRS8,03:00,106,0,0,0,0,0,0,0,0,106,106,0,0,0,106,0,106,0
01/10/2026,Vermelha,SRS9,02:30,3,0,0,0,0,0,0,0,0,3,3,0,0,0,3,0,3,0
01/10/2026,Vermelha,SSC4,02:30,138,4,1,1,4,"2,9",0,1,3,134,134,0,0,0,134,0,134,0
01/10/2026,Vermelha,SSP1,02:00,275,3,0,0,3,"1,09",0,0,3,272,272,0,0,0,272,0,272,0
01/10/2026,Vermelha,SSP12,02:00,105,0,0,0,2,"1,9",0,0,2,103,103,0,0,0,103,0,102,1
01/10/2026,Vermelha,SSP13,01:00,217,4,0,0,4,"1,84",0,0,4,213,213,0,0,0,213,0,212,1
01/10/2026,Vermelha,SSP14,01:00,260,2,0,0,2,"0,77",0,0,2,258,258,0,0,0,258,0,257,1
01/10/2026,Vermelha,SSP15,01:30,284,1,0,0,2,"0,7",0,0,2,282,282,0,0,0,282,0,281,1
01/10/2026,Vermelha,SSP16,01:00,162,0,0,0,0,0,0,0,0,162,162,0,0,0,162,0,161,1
01/10/2026,Vermelha,SSP18,02:30,165,1,0,0,1,"0,61",0,0,1,164,164,0,0,0,164,0,163,1
01/10/2026,Vermelha,SSP20,02:30,240,1,0,0,1,"0,42",0,0,1,239,239,0,0,0,239,0,238,1
01/10/2026,Vermelha,SSP22,01:00,243,1,1,1,1,"0,41",0,1,0,242,242,0,0,0,242,0,241,1
01/10/2026,Vermelha,SSP24,01:30,135,1,0,0,1,"0,74",0,0,1,134,134,0,0,0,134,0,134,0
01/10/2026,Vermelha,SSP26,01:00,169,2,0,0,2,"1,18",0,0,2,167,167,0,0,0,167,0,166,1
01/10/2026,Vermelha,SSP27,02:30,110,1,0,0,1,"0,91",0,0,1,109,109,0,0,0,109,0,109,0
01/10/2026,Vermelha,SSP31,01:30,154,2,1,1,3,"1,95",0,1,2,151,151,0,0,0,151,0,151,0
01/10/2026,Vermelha,SSP37,02:30,29,1,0,0,2,"6,9",0,0,2,27,27,0,0,0,27,0,27,0
01/10/2026,Vermelha,SSP38,02:30,16,1,1,1,1,"6,25",0,1,0,15,15,0,0,0,15,0,15,0
01/10/2026,Vermelha,SSP39,02:00,134,3,0,0,4,"2,99",0,0,4,130,130,0,0,0,130,0,130,0
01/10/2026,Vermelha,SSP4,01:00,222,1,0,0,1,"0,45",0,0,1,221,221,0,0,0,221,0,221,0
01/10/2026,Vermelha,SSP46,01:30,118,3,0,0,3,"2,54",0,0,3,115,115,0,0,0,115,0,115,0
01/10/2026,Vermelha,SSP6,02:00,147,1,0,0,1,"0,68",0,0,1,146,146,0,0,0,146,0,145,1
01/10/2026,Vermelha,SSP9,02:00,187,2,0,0,2,"1,07",0,0,2,185,185,0,0,0,185,0,185,0
01/10/2026,Vermelha,SSP9_V,02:00,22,0,0,0,0,0,0,0,0,22,22,0,0,0,22,0,22,0
01/10/2026,Vermelha,XSP9_6,06:00,1649,13,5,5,13,"0,79",1,4,8,1636,1636,0,0,0,1636,0,1634,2
30/09/2026,Amarela,SBA6,04:00,756,621,7,7,640,"84,66",6,1,633,116,116,0,0,0,116,0,7,109
30/09/2026,Amarela,SDF1,03:00,1009,770,14,14,772,"76,51",11,3,758,237,237,0,0,0,237,0,13,224
30/09/2026,Amarela,SDF2,03:00,541,339,13,13,403,"74,49",7,6,390,138,138,0,0,0,138,0,2,136
30/09/2026,Amarela,SES2,04:00,500,303,4,4,370,74,3,1,366,130,130,0,0,0,130,0,0,130
30/09/2026,Amarela,SMG11,04:00,519,260,3,3,341,"65,7",3,0,338,178,178,0,0,0,178,0,13,165
30/09/2026,Amarela,SMG12,03:00,661,414,6,6,416,"62,93",3,3,410,245,245,0,0,0,245,0,3,242
30/09/2026,Amarela,SMG6,03:00,904,657,11,11,673,"74,45",4,7,662,231,231,0,0,0,231,0,6,225
30/09/2026,Amarela,SMG9,02:30,1078,470,12,12,577,"53,53",2,10,565,501,501,0,0,0,501,0,2,499
30/09/2026,Amarela,SMN1,04:00,684,427,6,6,486,"71,05",2,4,480,198,198,0,0,0,198,0,12,186
30/09/2026,Amarela,SMS2,03:00,719,523,8,8,576,"80,11",6,2,568,143,143,0,0,0,143,0,5,138
30/09/2026,Amarela,SPA2,04:00,714,467,7,7,541,"75,77",3,4,534,173,173,0,0,0,173,0,3,170
30/09/2026,Amarela,SPE1,04:00,1193,1064,21,21,1070,"89,69",17,4,1049,123,123,0,0,0,123,0,13,110
30/09/2026,Amarela,SPR10,04:00,639,394,10,10,433,"67,76",7,3,423,206,206,0,0,0,206,0,0,206
30/09/2026,Amarela,SPR2,03:00,606,258,8,8,258,"42,57",0,8,250,348,348,0,0,0,348,0,0,348
30/09/2026,Amarela,SPR4,06:00,483,245,7,7,311,"64,39",5,2,304,172,172,0,0,0,172,0,1,171
30/09/2026,Amarela,SPR5,03:00,433,221,4,4,291,"67,21",3,1,287,142,142,0,0,0,142,0,1,141
30/09/2026,Amarela,SPR7,03:00,707,400,5,5,466,"65,91",2,3,461,241,241,0,0,0,241,0,1,240
30/09/2026,Amarela,SPR8,04:00,1223,779,11,11,783,"64,02",8,3,772,440,440,0,0,0,440,0,4,436
30/09/2026,Amarela,SPR8_V,04:00,210,121,1,1,142,"67,62",1,0,141,68,68,0,0,0,68,0,0,68
30/09/2026,Amarela,SRJ12,04:00,2,0,0,0,0,0,0,0,0,2,2,0,0,0,2,0,1,1
30/09/2026,Amarela,SRJ4,04:00,768,419,6,6,499,"64,97",0,6,493,269,269,0,0,0,269,0,4,265
30/09/2026,Amarela,SRJ5,04:00,594,349,6,6,410,"69,02",4,2,404,184,184,0,0,0,184,0,1,183
30/09/2026,Amarela,SRJ7,04:00,424,261,6,6,289,"68,16",4,2,283,135,135,0,0,0,135,0,0,135
30/09/2026,Amarela,SRJ9,04:00,2,0,0,0,0,0,0,0,0,2,2,0,0,0,2,0,1,1
30/09/2026,Amarela,SRS1,04:00,614,295,6,6,340,"55,37",4,2,334,274,274,0,0,0,274,0,2,272
30/09/2026,Amarela,SRS3,08:00,594,365,5,5,396,"66,67",3,2,391,198,198,0,0,0,198,0,2,196
30/09/2026,Amarela,SSC5,06:00,798,498,8,8,546,"68,42",5,3,538,252,252,0,0,0,252,0,4,248
30/09/2026,Amarela,SSC7,04:00,634,433,2,2,460,"72,56",2,0,458,174,174,0,0,0,174,0,3,171
30/09/2026,Amarela,SSC8,03:00,632,332,0,0,388,"61,39",0,0,388,244,244,0,0,0,244,0,8,236
30/09/2026,Amarela,SSC9,03:00,798,556,9,9,565,"70,8",6,3,556,233,233,0,0,0,233,0,3,230
30/09/2026,Amarela,SSP10,04:00,658,330,5,5,409,"62,16",4,1,404,249,249,0,0,0,249,0,0,249
30/09/2026,Amarela,SSP17,02:30,537,255,2,2,263,"48,98",0,2,261,274,274,0,0,0,274,0,1,273
30/09/2026,Amarela,SSP17_V,02:30,102,17,0,0,52,"50,98",0,0,52,50,50,0,0,0,50,0,0,50
30/09/2026,Amarela,SSP21,03:00,635,334,4,4,403,"63,46",2,2,399,232,232,0,0,0,232,0,2,230
30/09/2026,Amarela,SSP25,03:00,1215,676,8,8,723,"59,51",4,4,715,492,492,0,0,0,492,0,6,486
30/09/2026,Amarela,SSP28,04:00,367,189,4,4,254,"69,21",2,2,250,113,113,0,0,0,113,0,1,112
30/09/2026,Amarela,SSP3,02:30,723,219,6,6,348,"48,13",0,6,342,375,375,0,0,0,375,0,2,373
30/09/2026,Amarela,SSP30,03:00,1246,722,18,18,800,"64,21",8,10,782,446,446,0,0,0,446,0,6,440
30/09/2026,Amarela,SSP34,03:00,921,575,6,6,586,"63,63",2,4,580,335,335,0,0,0,335,0,3,332
30/09/2026,Amarela,SSP36,05:30,574,266,2,2,286,"49,83",0,2,284,288,288,0,0,0,288,0,2,286
30/09/2026,Amarela,SSP40,03:00,743,381,14,14,461,"62,05",6,8,447,282,282,0,0,0,282,0,2,280
30/09/2026,Amarela,SSP40_V,03:00,78,44,0,0,44,"56,41",0,0,44,34,34,0,0,0,34,0,0,34
30/09/2026,Amarela,SSP45,03:00,714,352,7,7,412,"57,7",1,6,405,302,302,0,0,0,302,0,0,302
30/09/2026,Amarela,SSP45_V,03:00,96,51,1,1,51,"53,13",0,1,50,45,45,0,0,0,45,0,0,45
30/09/2026,Amarela,SSP48,03:00,853,460,10,10,480,"56,27",4,6,470,373,373,0,0,0,373,0,0,373
30/09/2026,Amarela,SSP49,03:00,340,188,2,2,208,"61,18",1,1,206,132,132,0,0,0,132,0,5,127
30/09/2026,Amarela,SSP5,03:00,1064,605,15,15,668,"62,78",7,8,653,396,396,0,0,0,396,0,1,395
30/09/2026,Amarela,SSP54,04:00,121,36,0,0,36,"29,75",0,0,36,85,85,0,0,0,85,0,2,83
30/09/2026,Amarela,SSP5_V,03:00,144,68,0,0,81,"56,25",0,0,81,63,63,0,0,0,63,0,0,63
30/09/2026,Amarela,SSP64,04:00,199,67,0,0,67,"33,67",0,0,67,132,132,0,0,0,132,0,1,131
30/09/2026,Amarela,SSP8,02:30,1775,1052,14,14,1162,"65,46",6,8,1148,613,613,0,0,0,613,0,7,606
30/09/2026,Amarela,XSP17_1,06:00,1294,832,9,9,832,"64,3",7,2,823,462,462,0,0,0,462,0,6,456
30/09/2026,Amarela,XSP17_2,06:00,1068,561,7,7,626,"58,61",2,5,619,442,442,0,0,0,442,0,10,432
30/09/2026,Amarela,XSP17_3,06:00,24,13,0,0,13,"54,17",0,0,13,11,11,0,0,0,11,0,2,9
30/09/2026,Amarela,XSP24_6,06:00,283,85,0,0,162,"57,24",0,0,162,121,121,0,0,0,121,0,0,121
30/09/2026,Amarela,XSP9_3,06:00,656,303,4,4,358,"54,57",2,2,354,298,298,0,0,0,298,0,5,293
30/09/2026,Azul,SAL1_C,02:00,311,163,0,0,274,"88,1",0,0,274,37,37,0,0,0,37,0,1,36
30/09/2026,Azul,SAM1_A,01:30,457,134,4,4,355,"77,68",4,0,351,102,102,0,0,0,102,0,0,102
30/09/2026,Azul,SBA1_A,01:30,405,36,6,6,358,"88,4",4,2,352,47,47,0,0,0,47,0,1,46
30/09/2026,Azul,SBA2_C,02:00,491,1,1,1,427,"86,97",0,1,426,64,64,0,0,0,64,0,0,64
30/09/2026,Azul,SBA6_A,01:00,571,352,4,4,457,"80,04",0,4,453,114,114,0,0,0,114,0,3,111
30/09/2026,Azul,SCE1_C,02:00,59,0,0,0,45,"76,27",0,0,45,14,14,0,0,0,14,0,0,14
30/09/2026,Azul,SCE3_A,01:00,116,5,3,3,94,"81,03",0,3,91,22,22,0,0,0,22,0,0,22
30/09/2026,Azul,SDF1_A,01:30,517,215,5,5,461,"89,17",5,0,456,56,56,0,0,0,56,0,1,55
30/09/2026,Azul,SDF2_A,01:30,300,96,2,2,274,"91,33",2,0,272,26,26,0,0,0,26,0,1,25
30/09/2026,Azul,SES1_A,01:30,586,274,4,4,443,"75,6",2,2,439,143,143,0,0,0,143,0,1,142
30/09/2026,Azul,SFN1_C,05:00,5,5,5,5,5,100,0,5,0,0,0,0,0,0,0,0,0,0
30/09/2026,Azul,SGO1_A,01:00,386,172,1,1,304,"78,76",0,1,303,82,82,0,0,0,82,0,0,82
30/09/2026,Azul,SGO3_A,01:00,208,0,0,0,160,"76,92",0,0,160,48,48,0,0,0,48,0,0,48
30/09/2026,Azul,SJP1X_A,05:00,251,79,0,0,185,"73,71",0,0,185,66,66,0,0,0,66,0,2,64
30/09/2026,Azul,SJP1_A,05:00,350,143,6,6,311,"88,86",5,1,305,39,39,0,0,0,39,0,4,35
30/09/2026,Azul,SMN1_A,05:00,265,5,1,1,218,"82,26",0,1,217,47,47,0,0,0,47,0,0,47
30/09/2026,Azul,SMN2_C,05:00,50,0,0,0,0,0,0,0,0,50,50,0,0,0,50,0,0,50
30/09/2026,Azul,SMR1_A,01:00,383,14,2,2,325,"84,86",0,2,323,58,58,0,0,0,58,0,1,57
30/09/2026,Azul,SMR2_A,01:00,237,7,0,0,216,"91,14",0,0,216,21,21,0,0,0,21,0,0,21
30/09/2026,Azul,SPA1_C,05:00,151,0,0,0,82,"54,3",0,0,82,69,69,0,0,0,69,0,0,69
30/09/2026,Azul,SPE1_A,01:00,554,387,6,6,502,"90,61",6,0,496,52,52,0,0,0,52,0,1,51
30/09/2026,Azul,SPI1_A,05:00,325,44,2,2,241,"74,15",1,1,239,84,84,0,0,0,84,0,0,84
30/09/2026,Azul,SRN1_A,05:00,188,83,3,3,175,"93,09",3,0,172,13,13,0,0,0,13,0,1,12
30/09/2026,Azul,SRN2_A,05:00,186,101,6,6,143,"76,88",6,0,137,43,43,0,0,0,43,0,1,42
30/09/2026,Azul,SRS1_A,01:30,384,204,5,5,288,75,0,5,283,96,96,0,0,0,96,0,0,96
30/09/2026,Azul,SRS8_A,01:30,292,12,2,2,201,"68,84",0,2,199,91,91,0,0,0,91,0,0,91
30/09/2026,Azul,SRS9_A,01:30,171,114,0,0,138,"80,7",0,0,138,33,33,0,0,0,33,0,0,33
30/09/2026,Azul,SSE1_C,02:00,306,1,0,0,269,"87,91",0,0,269,37,37,0,0,0,37,0,0,37
30/09/2026,Rosa,FSP2_R,06:00,1726,6,6,6,6,"0,35",0,6,0,1720,1720,0,0,0,1720,0,0,1720
30/09/2026,Rosa,XSP27_R,08:00,206,1,1,1,1,"0,49",0,1,0,205,205,0,0,0,205,0,0,205
30/09/2026,Verde,CVLHUB,06:00,99,4,1,1,62,"62,63",0,1,61,37,37,0,0,0,37,0,0,37
30/09/2026,Verde,JADHUB,13:00,88,1,1,1,57,"64,77",0,1,56,31,31,0,0,0,31,0,0,31
30/09/2026,Verde,JETSL1,13:00,5080,4817,73,73,4922,"96,89",73,0,4849,158,158,0,0,0,158,0,28,130
30/09/2026,Verde,LOGHUB,13:00,130,0,0,0,58,"44,62",0,0,58,72,72,0,0,0,72,0,0,72
30/09/2026,Verde,SBA1,04:00,643,514,8,8,557,"86,63",7,1,549,86,86,0,0,0,86,0,5,81
30/09/2026,Verde,SBA2,06:00,456,301,5,5,333,"73,03",4,1,328,123,123,0,0,0,123,0,5,118
30/09/2026,Verde,SBA3,08:00,726,479,5,5,479,"65,98",3,2,474,247,247,0,0,0,247,0,3,244
30/09/2026,Verde,SBA4,06:00,1063,766,9,9,772,"72,62",5,4,763,291,291,0,0,0,291,0,7,284
30/09/2026,Verde,SBA7,08:00,614,425,5,5,429,"69,87",4,1,424,185,185,0,0,0,185,0,3,182
30/09/2026,Verde,SES3,06:00,331,251,2,2,252,"76,13",2,0,250,79,79,0,0,0,79,0,4,75
30/09/2026,Verde,SES3_X,06:00,345,223,2,2,254,"73,62",1,1,252,91,91,0,0,0,91,0,3,88
30/09/2026,Verde,SGO1,06:00,750,533,10,10,637,"84,93",8,2,627,113,113,0,0,0,113,0,1,112
30/09/2026,Verde,SMG1,05:30,1253,963,14,14,980,"78,21",8,6,966,273,273,0,0,0,273,0,3,270
30/09/2026,Verde,SMG10,05:00,474,20,13,13,267,"56,33",0,13,254,207,207,0,0,0,207,0,0,207
30/09/2026,Verde,SMG13,06:00,239,141,3,3,167,"69,87",0,3,164,72,72,0,0,0,72,0,0,72
30/09/2026,Verde,SMG13_X,06:00,261,130,1,1,190,"72,8",0,1,189,71,71,0,0,0,71,0,0,71
30/09/2026,Verde,SMG14,05:00,1063,779,11,11,782,"73,57",3,8,771,281,281,0,0,0,281,0,3,278
30/09/2026,Verde,SMG15,05:30,694,423,2,2,450,"64,84",0,2,448,244,244,0,0,0,244,0,0,244
30/09/2026,Verde,SMG18,05:30,484,257,1,1,345,"71,28",1,0,344,139,139,0,0,0,139,0,0,139
30/09/2026,Verde,SMG1_V,05:30,188,144,3,3,144,"76,6",0,3,141,44,44,0,0,0,44,0,0,44
30/09/2026,Verde,SMG2,05:00,1235,904,7,7,924,"74,82",4,3,917,311,311,0,0,0,311,0,6,305
30/09/2026,Verde,SMG8,05:30,923,556,3,3,634,"68,69",0,3,631,289,289,0,0,0,289,0,4,285
30/09/2026,Verde,SMR1,04:00,862,575,8,8,594,"68,91",0,8,586,268,268,0,0,0,268,0,3,265
30/09/2026,Verde,SMS1,06:00,370,268,1,1,286,"77,3",0,1,285,84,84,0,0,0,84,0,3,81
30/09/2026,Verde,SPA1,04:00,957,751,1,1,779,"81,4",0,1,778,178,178,0,0,0,178,0,7,171
30/09/2026,Verde,SPI1,06:00,555,487,7,7,496,"89,37",7,0,489,59,59,0,0,0,59,0,4,55
30/09/2026,Verde,SPR1,03:00,1476,1034,5,5,1118,"75,75",4,1,1113,358,358,0,0,0,358,0,10,348
30/09/2026,Verde,SPR6,03:00,1144,785,9,9,823,"71,94",0,9,814,321,321,0,0,0,321,0,5,316
30/09/2026,Verde,SRJ8,04:00,934,611,5,5,636,"68,09",3,2,631,298,298,0,0,0,298,0,2,296
30/09/2026,Verde,SRN1,06:00,352,265,1,1,272,"77,27",0,1,271,80,80,0,0,0,80,0,5,75
30/09/2026,Verde,SRS10,06:00,500,355,5,5,385,77,5,0,380,115,115,0,0,0,115,0,4,111
30/09/2026,Verde,SRS2,08:00,634,492,5,5,502,"79,18",5,0,497,132,132,0,0,0,132,0,5,127
30/09/2026,Verde,SRS4,05:00,1290,907,17,17,1081,"83,8",10,7,1064,209,209,0,0,0,209,0,8,201
30/09/2026,Verde,SRS5,04:00,1048,802,8,8,834,"79,58",4,4,826,214,214,0,0,0,214,0,1,213
30/09/2026,Verde,SSC1,13:00,971,635,5,5,681,"70,13",2,3,676,290,290,0,0,0,290,0,6,284
30/09/2026,Verde,SSC2,04:00,1303,955,5,5,984,"75,52",1,4,979,319,319,0,0,0,319,0,7,312
30/09/2026,Verde,SSC3,03:00,859,669,9,9,679,"79,05",0,9,670,180,180,0,0,0,180,0,4,176
30/09/2026,Verde,SSE1,06:00,574,454,5,5,459,"79,97",3,2,454,115,115,0,0,0,115,0,5,110
30/09/2026,Verde,SSP11,08:00,788,521,5,5,616,"78,17",3,2,611,172,172,0,0,0,172,0,1,171
30/09/2026,Verde,SSP23,03:00,996,615,14,14,729,"73,19",3,11,715,267,267,0,0,0,267,0,1,266
30/09/2026,Verde,SSP29,03:00,1002,699,9,9,699,"69,76",1,8,690,303,303,0,0,0,303,0,1,302
30/09/2026,Verde,SSP50,04:00,616,300,7,7,390,"63,31",2,5,383,226,226,0,0,0,226,0,1,225
30/09/2026,Verde,SSP50_V,04:00,75,18,1,1,32,"42,67",1,0,31,43,43,0,0,0,43,0,3,40
30/09/2026,Verde,SSP52,13:00,444,436,1,1,436,"98,2",1,0,435,8,8,0,0,0,8,0,8,0
30/09/2026,Verde,SSP56,06:00,333,214,3,3,268,"80,48",3,0,265,65,65,0,0,0,65,0,2,63
30/09/2026,Verde,SSP7,03:00,639,236,6,6,331,"51,8",0,6,325,308,308,0,0,0,308,0,0,308
30/09/2026,Verde,STO1,06:00,421,312,5,5,354,"84,09",4,1,349,67,67,0,0,0,67,0,0,67
30/09/2026,Verde,STO2,06:00,216,162,1,1,187,"86,57",1,0,186,29,29,0,0,0,29,0,2,27
30/09/2026,Verde,XSP23_3,06:00,1109,785,9,9,799,"72,05",0,9,790,310,310,0,0,0,310,0,7,303
30/09/2026,Verde,XSP9_1,04:00,554,420,1,1,444,"80,14",1,0,443,110,110,0,0,0,110,0,8,102
30/09/2026,Verde,XSP9_2,06:00,2215,1806,20,20,1849,"83,48",0,20,1829,366,366,0,0,0,366,0,20,346
30/09/2026,Vermelha,SAL1,02:30,1104,847,12,12,889,"80,53",7,5,877,215,215,0,0,0,215,0,9,206
30/09/2026,Vermelha,SES1,02:30,393,246,6,6,293,"74,55",2,4,287,100,100,0,0,0,100,0,1,99
30/09/2026,Vermelha,SMG3,02:00,759,382,2,2,470,"61,92",0,2,468,289,289,0,0,0,289,0,0,289
30/09/2026,Vermelha,SMG5,01:30,698,439,7,7,517,"74,07",3,4,510,181,181,0,0,0,181,0,2,179
30/09/2026,Vermelha,SMG7,13:00,536,350,2,2,366,"68,28",1,1,364,170,170,0,0,0,170,0,4,166
30/09/2026,Vermelha,SMN2,05:00,469,315,3,3,326,"69,51",3,0,323,143,143,0,0,0,143,0,8,135
30/09/2026,Vermelha,SRJ1,01:30,1616,1119,14,14,1246,"77,1",11,3,1232,370,370,0,0,0,370,0,0,370
30/09/2026,Vermelha,SRJ10,01:00,1756,1208,23,23,1303,"74,2",10,13,1280,453,453,0,0,0,453,0,7,446
30/09/2026,Vermelha,SRJ10_V,01:00,126,51,3,3,91,"72,22",0,3,88,35,35,0,0,0,35,0,0,35
30/09/2026,Vermelha,SRJ13,01:30,1008,759,8,8,767,"76,09",5,3,759,241,241,0,0,0,241,0,1,240
30/09/2026,Vermelha,SRJ2,02:00,1511,1146,1,1,1183,"78,29",0,1,1182,328,328,0,0,0,328,0,3,325
30/09/2026,Vermelha,SRJ3,02:30,1061,658,7,7,676,"63,71",4,3,669,385,385,0,0,0,385,0,7,378
30/09/2026,Vermelha,SRJ6,01:30,1099,761,6,6,794,"72,25",1,5,788,305,305,0,0,0,305,0,2,303
30/09/2026,Vermelha,SRS8,03:00,193,81,3,3,81,"41,97",2,1,78,112,112,0,0,0,112,0,0,112
30/09/2026,Vermelha,SRS9,02:30,139,4,1,1,68,"48,92",0,1,67,71,71,0,0,0,71,0,0,71
30/09/2026,Vermelha,SRS9_V,02:30,38,1,1,1,23,"60,53",0,1,22,15,15,0,0,0,15,0,0,15
30/09/2026,Vermelha,SSC4,02:30,815,586,11,11,627,"76,93",4,7,616,188,188,0,0,0,188,0,1,187
30/09/2026,Vermelha,SSP1,02:00,865,484,8,8,583,"67,4",3,5,575,282,282,0,0,0,282,0,0,282
30/09/2026,Vermelha,SSP12,02:00,459,316,4,4,347,"75,6",0,4,343,112,112,0,0,0,112,0,3,109
30/09/2026,Vermelha,SSP13,01:00,930,674,11,11,703,"75,59",8,3,692,227,227,0,0,0,227,0,4,223
30/09/2026,Vermelha,SSP14,01:00,1255,958,12,12,1017,"81,04",8,4,1005,238,238,0,0,0,238,0,7,231
30/09/2026,Vermelha,SSP15,01:30,1407,955,20,20,1055,"74,98",10,10,1035,352,352,0,0,0,352,0,9,343
30/09/2026,Vermelha,SSP16,01:00,758,553,3,3,568,"74,93",1,2,565,190,190,0,0,0,190,0,3,187
30/09/2026,Vermelha,SSP18,02:30,766,501,8,8,501,"65,4",1,7,493,265,265,0,0,0,265,0,2,263
30/09/2026,Vermelha,SSP20,02:30,1242,965,13,13,980,"78,9",0,13,967,262,262,0,0,0,262,0,8,254
30/09/2026,Vermelha,SSP22,01:00,948,615,8,8,661,"69,73",3,5,653,287,287,0,0,0,287,0,1,286
30/09/2026,Vermelha,SSP24,01:30,627,374,8,8,431,"68,74",4,4,423,196,196,0,0,0,196,0,13,183
30/09/2026,Vermelha,SSP26,01:00,834,607,14,14,607,"72,78",4,10,593,227,227,0,0,0,227,0,3,224
30/09/2026,Vermelha,SSP27,02:30,680,484,6,6,523,"76,91",2,4,517,157,157,0,0,0,157,0,4,153
30/09/2026,Vermelha,SSP31,01:30,490,256,3,3,338,"68,98",1,2,335,152,152,0,0,0,152,0,0,152
30/09/2026,Vermelha,SSP37,02:30,744,419,6,6,537,"72,18",1,5,531,207,207,0,0,0,207,0,1,206
30/09/2026,Vermelha,SSP38,02:30,839,457,11,11,503,"59,95",0,11,492,336,336,0,0,0,336,0,0,336
30/09/2026,Vermelha,SSP39,02:00,668,428,5,5,504,"75,45",3,2,499,164,164,0,0,0,164,0,3,161
30/09/2026,Vermelha,SSP4,01:00,973,731,9,9,731,"75,13",5,4,722,242,242,0,0,0,242,0,6,236
30/09/2026,Vermelha,SSP46,01:30,486,264,9,9,371,"76,34",2,7,362,115,115,0,0,0,115,0,4,111
30/09/2026,Vermelha,SSP6,02:00,655,413,4,4,440,"67,18",2,2,436,215,215,0,0,0,215,0,3,212
30/09/2026,Vermelha,SSP9,02:00,1047,612,10,10,700,"66,86",5,5,690,347,347,0,0,0,347,0,4,343
30/09/2026,Vermelha,SSP9_V,02:00,124,45,0,0,91,"73,39",0,0,91,33,33,0,0,0,33,0,1,32
30/09/2026,Vermelha,XSP9_6,06:00,4381,3652,49,49,3707,"84,62",25,24,3658,674,674,0,0,0,674,0,36,638
29/09/2026,Amarela,SBA6,04:00,889,876,876,876,877,"98,65",541,335,0,13,12,1,0,0,13,0,2,11
29/09/2026,Amarela,SDF1,03:00,886,875,875,875,879,"99,21",429,446,0,11,7,4,0,0,11,0,3,8
29/09/2026,Amarela,SDF2,03:00,482,475,475,475,477,"98,96",192,283,0,7,5,2,0,0,7,0,2,5
29/09/2026,Amarela,SES2,04:00,494,489,489,489,490,"99,19",154,335,0,5,4,1,0,0,5,0,2,3
29/09/2026,Amarela,SMG11,04:00,610,605,605,605,607,"99,51",177,428,0,5,3,2,0,0,5,0,2,3
29/09/2026,Amarela,SMG12,03:00,654,649,649,649,649,"99,24",103,546,0,5,5,0,0,0,5,0,0,5
29/09/2026,Amarela,SMG4,03:00,1,0,0,0,0,0,0,0,0,1,1,0,0,0,1,0,0,1
29/09/2026,Amarela,SMG6,03:00,871,864,864,864,865,"99,31",127,737,0,7,6,1,0,0,7,0,2,5
29/09/2026,Amarela,SMG9,02:30,1050,1034,1034,1034,1035,"98,57",168,866,0,16,15,0,1,0,16,0,1,15
29/09/2026,Amarela,SMN1,04:00,728,709,709,709,710,"97,53",254,455,0,19,18,1,0,0,19,0,4,15
29/09/2026,Amarela,SMS2,03:00,658,655,655,655,655,"99,54",306,349,0,3,3,0,0,0,3,0,2,1
29/09/2026,Amarela,SPA2,04:00,623,622,622,622,623,100,255,367,0,1,0,1,0,0,1,0,0,1
29/09/2026,Amarela,SPE1,04:00,1236,1226,1226,1225,1226,"99,19",798,427,0,11,10,0,0,1,10,1,3,8
29/09/2026,Amarela,SPR10,04:00,555,550,550,550,551,"99,28",174,376,0,5,4,1,0,0,5,0,0,5
29/09/2026,Amarela,SPR2,03:00,614,602,602,602,605,"98,53",56,546,0,12,9,3,0,0,12,0,0,12
29/09/2026,Amarela,SPR4,06:00,494,488,488,488,491,"99,39",122,366,0,6,3,3,0,0,6,0,0,6
29/09/2026,Amarela,SPR5,03:00,372,367,367,367,369,"99,19",100,267,0,5,3,2,0,0,5,0,1,4
29/09/2026,Amarela,SPR7,03:00,664,660,660,660,662,"99,7",167,493,0,4,2,2,0,0,4,0,0,4
29/09/2026,Amarela,SPR8,04:00,1042,1026,1026,1026,1035,"99,33",273,753,0,16,7,9,0,0,16,0,1,15
29/09/2026,Amarela,SPR8_V,04:00,253,244,244,244,246,"97,23",14,230,0,9,7,2,0,0,9,0,0,9
29/09/2026,Amarela,SRJ12,04:00,1,0,0,0,0,0,0,0,0,1,1,0,0,0,1,0,0,1
29/09/2026,Amarela,SRJ4,04:00,786,775,775,774,781,"99,36",140,634,0,12,5,6,0,1,11,1,2,10
29/09/2026,Amarela,SRJ5,04:00,482,473,473,473,477,"98,96",117,356,0,9,5,4,0,0,9,0,2,7
29/09/2026,Amarela,SRJ7,04:00,341,338,338,338,339,"99,41",55,283,0,3,2,1,0,0,3,0,1,2
29/09/2026,Amarela,SRJ9,04:00,5,1,1,1,1,20,1,0,0,4,4,0,0,0,4,0,0,4
29/09/2026,Amarela,SRS1,04:00,437,430,430,430,432,"98,86",110,320,0,7,5,2,0,0,7,0,1,6
29/09/2026,Amarela,SRS3,08:00,583,576,576,576,577,"98,97",137,439,0,7,6,0,1,0,7,0,2,5
29/09/2026,Amarela,SSC5,06:00,680,669,669,669,672,"98,82",146,523,0,11,8,3,0,0,11,0,2,9
29/09/2026,Amarela,SSC7,04:00,591,585,585,585,586,"99,15",146,439,0,6,5,1,0,0,6,0,1,5
29/09/2026,Amarela,SSC8,03:00,754,742,742,742,742,"98,41",157,585,0,12,12,0,0,0,12,0,2,10
29/09/2026,Amarela,SSC9,03:00,800,777,777,777,786,"98,25",254,523,0,23,14,9,0,0,23,0,0,23
29/09/2026,Amarela,SSP10,04:00,583,580,580,580,581,"99,66",93,487,0,3,2,1,0,0,3,0,0,3
29/09/2026,Amarela,SSP17,02:30,603,578,578,578,586,"97,18",73,505,0,25,17,8,0,0,25,0,1,24
29/09/2026,Amarela,SSP17_V,02:30,113,111,111,111,111,"98,23",7,104,0,2,2,0,0,0,2,0,0,2
29/09/2026,Amarela,SSP21,03:00,567,564,564,564,565,"99,65",133,431,0,3,2,1,0,0,3,0,1,2
29/09/2026,Amarela,SSP25,03:00,1104,1081,1081,1081,1087,"98,46",278,803,0,23,17,6,0,0,23,0,1,22
29/09/2026,Amarela,SSP28,04:00,361,355,355,355,355,"98,34",98,257,0,6,6,0,0,0,6,0,0,6
29/09/2026,Amarela,SSP3,02:30,648,639,639,639,640,"98,77",18,621,0,9,8,1,0,0,9,0,0,9
29/09/2026,Amarela,SSP30,03:00,1212,1201,1201,1201,1203,"99,26",263,938,0,11,9,2,0,0,11,0,0,11
29/09/2026,Amarela,SSP34,03:00,800,785,785,785,791,"98,88",194,591,0,15,9,6,0,0,15,0,2,13
29/09/2026,Amarela,SSP36,05:30,632,621,621,621,621,"98,26",157,464,0,11,11,0,0,0,11,0,1,10
29/09/2026,Amarela,SSP40,03:00,702,689,689,689,691,"98,43",130,559,0,13,11,2,0,0,13,0,9,4
29/09/2026,Amarela,SSP40_V,03:00,81,81,81,81,81,100,9,72,0,0,0,0,0,0,0,0,0,0
29/09/2026,Amarela,SSP45,03:00,640,630,630,630,632,"98,75",78,552,0,10,8,2,0,0,10,0,0,10
29/09/2026,Amarela,SSP45_V,03:00,58,56,56,56,56,"96,55",3,53,0,2,2,0,0,0,2,0,0,2
29/09/2026,Amarela,SSP48,03:00,758,744,744,744,744,"98,15",189,555,0,14,14,0,0,0,14,0,0,14
29/09/2026,Amarela,SSP49,03:00,345,340,340,340,340,"98,55",86,254,0,5,5,0,0,0,5,0,1,4
29/09/2026,Amarela,SSP5,03:00,1013,1005,1005,1005,1010,"99,7",267,738,0,8,3,5,0,0,8,0,2,6
29/09/2026,Amarela,SSP54,04:00,109,35,35,35,35,"32,11",24,11,0,74,74,0,0,0,74,0,1,73
29/09/2026,Amarela,SSP5_V,03:00,103,100,100,100,100,"97,09",5,95,0,3,3,0,0,0,3,0,0,3
29/09/2026,Amarela,SSP64,04:00,119,27,27,27,27,"22,69",19,8,0,92,92,0,0,0,92,0,0,92
29/09/2026,Amarela,SSP8,02:30,1733,1717,1717,1717,1719,"99,19",458,1259,0,16,14,2,0,0,16,0,3,13
29/09/2026,Amarela,XSP17_1,06:00,1233,1207,1207,1207,1213,"98,38",240,967,0,26,20,6,0,0,26,0,2,24
29/09/2026,Amarela,XSP17_2,06:00,1102,1072,1072,1072,1075,"97,55",140,932,0,30,27,3,0,0,30,0,2,28
29/09/2026,Amarela,XSP17_2,08:00,2,2,2,2,2,100,0,2,0,0,0,0,0,0,0,0,0,0
29/09/2026,Amarela,XSP17_3,06:00,55,50,50,50,50,"90,91",4,46,0,5,5,0,0,0,5,0,0,5
29/09/2026,Amarela,XSP17_3,08:00,1,1,1,1,1,100,0,1,0,0,0,0,0,0,0,0,0,0
29/09/2026,Amarela,XSP24_6,06:00,385,373,373,373,374,"97,14",65,308,0,12,11,0,1,0,12,0,0,12
29/09/2026,Amarela,XSP9_3,06:00,594,581,581,581,581,"97,81",66,515,0,13,13,0,0,0,13,0,3,10
29/09/2026,Azul,SAL1_C,02:00,308,305,305,305,305,"99,03",22,283,0,3,3,0,0,0,3,0,0,3
29/09/2026,Azul,SAM1_A,05:00,480,479,479,479,479,"99,79",143,336,0,1,1,0,0,0,1,0,1,0
29/09/2026,Azul,SBA1_A,01:30,459,458,458,458,458,"99,78",71,387,0,1,1,0,0,0,1,0,0,1
29/09/2026,Azul,SBA2_C,02:00,511,510,510,510,510,"99,8",22,488,0,1,1,0,0,0,1,0,1,0
29/09/2026,Azul,SBA6_A,01:00,453,453,453,453,453,100,16,437,0,0,0,0,0,0,0,0,0,0
29/09/2026,Azul,SCE1_C,02:00,85,85,85,85,85,100,14,71,0,0,0,0,0,0,0,0,0,0
29/09/2026,Azul,SCE3_A,01:00,184,183,183,183,183,"99,46",3,180,0,1,1,0,0,0,1,0,0,1
29/09/2026,Azul,SDF1_A,01:30,592,588,588,588,588,"99,32",70,518,0,4,4,0,0,0,4,0,3,1
29/09/2026,Azul,SDF2_A,01:30,269,269,269,269,269,100,35,234,0,0,0,0,0,0,0,0,0,0
29/09/2026,Azul,SES1_A,01:30,570,567,567,567,568,"99,65",40,527,0,3,2,1,0,0,3,0,2,1
29/09/2026,Azul,SGO1_A,01:00,369,368,368,368,368,"99,73",31,337,0,1,1,0,0,0,1,0,0,1
29/09/2026,Azul,SGO3_A,01:00,218,215,215,215,217,"99,54",1,214,0,3,1,2,0,0,3,0,1,2
29/09/2026,Azul,SJP1X_A,05:00,194,194,194,194,194,100,35,159,0,0,0,0,0,0,0,0,0,0
29/09/2026,Azul,SJP1_A,05:00,258,258,258,258,258,100,29,229,0,0,0,0,0,0,0,0,0,0
29/09/2026,Azul,SMN1_A,05:00,376,376,376,376,376,100,32,344,0,0,0,0,0,0,0,0,0,0
29/09/2026,Azul,SMN2_C,05:00,47,46,46,46,46,"97,87",0,46,0,1,1,0,0,0,1,0,0,1
29/09/2026,Azul,SMR1_A,01:00,387,386,386,386,386,"99,74",27,359,0,1,1,0,0,0,1,0,0,1
29/09/2026,Azul,SMR2_A,01:00,249,248,248,248,248,"99,6",21,227,0,1,1,0,0,0,1,0,0,1
29/09/2026,Azul,SPA1_C,05:00,165,165,165,165,165,100,1,164,0,0,0,0,0,0,0,0,0,0
29/09/2026,Azul,SPE1_A,01:00,369,368,368,368,368,"99,73",65,303,0,1,1,0,0,0,1,0,0,1
29/09/2026,Azul,SPI1_A,05:00,439,439,439,439,439,100,24,415,0,0,0,0,0,0,0,0,0,0
29/09/2026,Azul,SRN1_A,05:00,175,175,175,175,175,100,33,142,0,0,0,0,0,0,0,0,0,0
29/09/2026,Azul,SRN2_A,05:00,125,124,124,124,124,"99,2",19,105,0,1,1,0,0,0,1,0,0,1
29/09/2026,Azul,SRS1_A,01:30,281,281,281,281,281,100,14,267,0,0,0,0,0,0,0,0,0,0
29/09/2026,Azul,SRS8_A,01:30,292,292,292,292,292,100,24,268,0,0,0,0,0,0,0,0,0,0
29/09/2026,Azul,SRS9_A,01:30,46,46,46,46,46,100,4,42,0,0,0,0,0,0,0,0,0,0
29/09/2026,Azul,SSE1_C,02:00,302,301,301,301,302,100,2,299,0,1,0,0,1,0,1,0,0,1
29/09/2026,Rosa,FSP2_R,06:00,2048,1960,1960,1960,1960,"95,7",0,1960,0,88,88,0,0,0,88,0,0,88
29/09/2026,Rosa,XSP27_R,08:00,541,416,416,416,416,"76,89",0,416,0,125,125,0,0,0,125,0,0,125
29/09/2026,Verde,CVLHUB,06:00,135,134,134,134,134,"99,26",0,134,0,1,1,0,0,0,1,0,0,1
29/09/2026,Verde,JADHUB,13:00,345,342,342,342,342,"99,13",1,341,0,3,3,0,0,0,3,0,0,3
29/09/2026,Verde,JETSL1,13:00,5589,5559,5559,5559,5563,"99,53",4853,706,0,30,26,4,0,0,30,0,24,6
29/09/2026,Verde,LOGHUB,13:00,128,124,124,124,124,"96,88",1,123,0,4,4,0,0,0,4,0,0,4
29/09/2026,Verde,SBA1,04:00,401,396,396,396,398,"99,25",147,249,0,5,3,2,0,0,5,0,0,5
29/09/2026,Verde,SBA2,06:00,434,432,432,432,433,"99,77",170,262,0,2,1,1,0,0,2,0,1,1
29/09/2026,Verde,SBA3,08:00,752,746,746,746,747,"99,34",124,622,0,6,5,1,0,0,6,0,0,6
29/09/2026,Verde,SBA4,06:00,1099,1092,1092,1092,1096,"99,73",273,819,0,7,3,4,0,0,7,0,1,6
29/09/2026,Verde,SBA7,08:00,717,711,711,711,711,"99,16",159,552,0,6,6,0,0,0,6,0,1,5
29/09/2026,Verde,SES3,06:00,347,344,344,344,346,"99,71",135,209,0,3,1,2,0,0,3,0,2,1
29/09/2026,Verde,SES3_X,06:00,395,394,394,394,394,"99,75",97,297,0,1,1,0,0,0,1,0,0,1
29/09/2026,Verde,SGO1,06:00,784,778,778,778,780,"99,49",332,446,0,6,4,2,0,0,6,0,2,4
29/09/2026,Verde,SMG1,05:30,974,969,969,969,970,"99,59",237,732,0,5,4,1,0,0,5,0,3,2
29/09/2026,Verde,SMG10,05:00,492,489,489,489,489,"99,39",3,486,0,3,3,0,0,0,3,0,0,3
29/09/2026,Verde,SMG13,06:00,326,323,323,323,324,"99,39",80,243,0,3,2,1,0,0,3,0,0,3
29/09/2026,Verde,SMG13_X,06:00,320,314,314,314,316,"98,75",67,247,0,6,4,2,0,0,6,0,1,5
29/09/2026,Verde,SMG14,05:00,973,970,970,970,970,"99,69",211,759,0,3,3,0,0,0,3,0,0,3
29/09/2026,Verde,SMG15,05:30,822,803,803,803,806,"98,05",34,769,0,19,16,3,0,0,19,0,1,18
29/09/2026,Verde,SMG18,05:30,485,481,481,481,481,"99,18",90,391,0,4,4,0,0,0,4,0,0,4
29/09/2026,Verde,SMG1_V,05:30,211,207,207,207,207,"98,1",8,199,0,4,4,0,0,0,4,0,0,4
29/09/2026,Verde,SMG2,05:00,1183,1175,1175,1175,1178,"99,58",314,861,0,8,5,3,0,0,8,0,2,6
29/09/2026,Verde,SMG8,05:30,1037,1027,1027,1027,1031,"99,42",231,796,0,10,6,4,0,0,10,0,3,7
29/09/2026,Verde,SMR1,04:00,1048,1027,1027,1027,1028,"98,09",171,856,0,21,20,1,0,0,21,0,5,16
29/09/2026,Verde,SMS1,06:00,391,386,386,386,386,"98,72",152,234,0,5,5,0,0,0,5,0,0,5
29/09/2026,Verde,SPA1,04:00,887,878,878,878,878,"98,99",376,502,0,9,9,0,0,0,9,0,1,8
29/09/2026,Verde,SPI1,06:00,429,423,423,423,426,"99,3",179,244,0,6,3,3,0,0,6,0,2,4
29/09/2026,Verde,SPR1,03:00,1326,1311,1311,1311,1312,"98,94",439,872,0,15,14,1,0,0,15,0,3,12
29/09/2026,Verde,SPR6,03:00,1118,1094,1094,1094,1099,"98,3",257,837,0,24,19,5,0,0,24,0,5,19
29/09/2026,Verde,SRJ8,04:00,876,872,872,872,873,"99,66",12,860,0,4,3,1,0,0,4,0,0,4
29/09/2026,Verde,SRN1,06:00,290,289,289,289,289,"99,66",171,118,0,1,1,0,0,0,1,0,0,1
29/09/2026,Verde,SRS10,06:00,490,489,489,489,489,"99,8",158,331,0,1,1,0,0,0,1,0,0,1
29/09/2026,Verde,SRS10,08:00,1,1,1,1,1,100,0,1,0,0,0,0,0,0,0,0,0,0
29/09/2026,Verde,SRS2,08:00,581,578,578,578,579,"99,66",159,419,0,3,2,1,0,0,3,0,1,2
29/09/2026,Verde,SRS4,05:00,1302,1292,1280,1280,1293,"99,31",332,948,0,22,9,13,0,0,22,0,14,8
29/09/2026,Verde,SRS5,04:00,849,843,843,843,844,"99,41",130,713,0,6,5,1,0,0,6,0,2,4
29/09/2026,Verde,SSC1,13:00,967,962,962,962,963,"99,59",190,772,0,5,4,1,0,0,5,0,0,5
29/09/2026,Verde,SSC2,04:00,1258,1252,1252,1252,1253,"99,6",334,918,0,6,5,1,0,0,6,0,2,4
29/09/2026,Verde,SSC3,03:00,675,672,672,672,675,100,114,558,0,3,0,3,0,0,3,0,0,3
29/09/2026,Verde,SSE1,06:00,638,636,636,636,637,"99,84",404,232,0,2,1,1,0,0,2,0,1,1
29/09/2026,Verde,SSP11,08:00,673,669,669,669,670,"99,55",109,560,0,4,3,1,0,0,4,0,0,4
29/09/2026,Verde,SSP23,03:00,977,967,967,967,969,"99,18",236,731,0,10,8,2,0,0,10,0,1,9
29/09/2026,Verde,SSP29,03:00,956,940,928,928,941,"98,43",130,798,0,28,15,13,0,0,28,0,3,25
29/09/2026,Verde,SSP50,04:00,679,658,658,658,662,"97,5",106,552,0,21,17,4,0,0,21,0,0,21
29/09/2026,Verde,SSP50_V,04:00,84,79,79,79,79,"94,05",10,69,0,5,5,0,0,0,5,0,0,5
29/09/2026,Verde,SSP52,13:00,117,117,117,117,117,100,117,0,0,0,0,0,0,0,0,0,0,0
29/09/2026,Verde,SSP56,06:00,268,264,264,264,264,"98,51",57,207,0,4,4,0,0,0,4,0,0,4
29/09/2026,Verde,SSP7,03:00,758,747,747,747,748,"98,68",28,719,0,11,10,1,0,0,11,0,0,11
29/09/2026,Verde,STO1,06:00,501,498,498,498,498,"99,4",205,293,0,3,3,0,0,0,3,0,1,2
29/09/2026,Verde,STO2,06:00,200,197,197,197,197,"98,5",86,111,0,3,3,0,0,0,3,0,3,0
29/09/2026,Verde,XSP23_3,06:00,1155,1143,1143,1143,1145,"99,13",269,874,0,12,10,2,0,0,12,0,2,10
29/09/2026,Verde,XSP9_1,04:00,519,483,483,483,504,"97,11",201,282,0,36,15,21,0,0,36,0,25,11
29/09/2026,Verde,XSP9_2,06:00,2008,1974,1974,1974,1982,"98,71",892,1082,0,34,26,8,0,0,34,0,17,17
29/09/2026,Vermelha,SAL1,02:30,951,946,946,946,946,"99,47",451,495,0,5,5,0,0,0,5,0,3,2
29/09/2026,Vermelha,SES1,02:30,473,469,469,469,469,"99,15",184,285,0,4,4,0,0,0,4,0,1,3
29/09/2026,Vermelha,SMG3,02:00,319,317,316,316,317,"99,37",8,308,0,3,2,1,0,0,3,0,1,2
29/09/2026,Vermelha,SMG5,01:30,692,687,687,687,689,"99,57",209,478,0,5,3,2,0,0,5,0,4,1
29/09/2026,Vermelha,SMG7,13:00,486,482,482,482,482,"99,18",107,375,0,4,4,0,0,0,4,0,1,3
29/09/2026,Vermelha,SMN2,05:00,545,537,537,537,537,"98,53",305,232,0,8,8,0,0,0,8,0,2,6
29/09/2026,Vermelha,SRJ1,01:30,1422,1412,1411,1411,1416,"99,58",406,1005,0,11,6,5,0,0,11,0,2,9
29/09/2026,Vermelha,SRJ10,01:00,1671,1667,1667,1667,1669,"99,88",357,1310,0,4,2,2,0,0,4,0,1,3
29/09/2026,Vermelha,SRJ10_V,01:00,287,282,282,282,282,"98,26",5,277,0,5,5,0,0,0,5,0,0,5
29/09/2026,Vermelha,SRJ13,01:30,909,902,902,902,905,"99,56",224,678,0,7,4,3,0,0,7,0,3,4
29/09/2026,Vermelha,SRJ2,02:00,1459,1444,1444,1444,1451,"99,45",368,1076,0,15,8,7,0,0,15,0,4,11
29/09/2026,Vermelha,SRJ3,02:30,1036,1025,1025,1025,1028,"99,23",251,774,0,11,8,3,0,0,11,0,3,8
29/09/2026,Vermelha,SRJ6,01:30,1041,1031,1031,1031,1033,"99,23",269,762,0,10,8,2,0,0,10,0,2,8
29/09/2026,Vermelha,SRS8,03:00,149,147,147,147,147,"98,66",15,132,0,2,2,0,0,0,2,0,0,2
29/09/2026,Vermelha,SRS9,02:30,26,25,25,25,25,"96,15",10,15,0,1,1,0,0,0,1,0,0,1
29/09/2026,Vermelha,SRS9_V,02:30,36,36,36,36,36,100,11,25,0,0,0,0,0,0,0,0,0,0
29/09/2026,Vermelha,SSC4,02:30,842,836,836,836,838,"99,52",124,712,0,6,4,2,0,0,6,0,0,6
29/09/2026,Vermelha,SSP1,02:00,782,766,766,766,768,"98,21",124,642,0,16,14,2,0,0,16,0,0,16
29/09/2026,Vermelha,SSP12,02:00,384,379,379,379,379,"98,7",106,273,0,5,5,0,0,0,5,0,3,2
29/09/2026,Vermelha,SSP13,01:00,893,865,865,865,869,"97,31",291,574,0,28,24,2,2,0,28,0,2,26
29/09/2026,Vermelha,SSP14,01:00,946,939,939,939,941,"99,47",188,751,0,7,5,2,0,0,7,0,1,6
29/09/2026,Vermelha,SSP15,01:30,1263,1251,1251,1251,1254,"99,29",291,960,0,12,9,3,0,0,12,0,3,9
29/09/2026,Vermelha,SSP16,01:00,677,669,669,669,672,"99,26",181,488,0,8,5,3,0,0,8,0,3,5
29/09/2026,Vermelha,SSP18,02:30,756,745,745,745,748,"98,94",23,722,0,11,8,3,0,0,11,0,3,8
29/09/2026,Vermelha,SSP20,02:30,1107,1088,1086,1086,1092,"98,64",236,850,0,21,15,6,0,0,21,0,10,11
29/09/2026,Vermelha,SSP22,01:00,986,981,978,978,984,"99,8",198,780,0,8,2,4,2,0,8,0,1,7
29/09/2026,Vermelha,SSP24,01:30,567,566,566,566,566,"99,82",183,383,0,1,1,0,0,0,1,0,1,0
29/09/2026,Vermelha,SSP26,01:00,766,759,759,759,762,"99,48",169,590,0,7,4,3,0,0,7,0,1,6
29/09/2026,Vermelha,SSP27,02:30,639,634,633,633,634,"99,22",132,501,0,6,5,1,0,0,6,0,0,6
29/09/2026,Vermelha,SSP31,01:30,421,419,419,419,419,"99,52",120,299,0,2,2,0,0,0,2,0,0,2
29/09/2026,Vermelha,SSP37,02:30,755,753,753,753,754,"99,87",15,738,0,2,1,1,0,0,2,0,0,2
29/09/2026,Vermelha,SSP38,02:30,916,910,910,910,911,"99,45",32,878,0,6,5,1,0,0,6,0,0,6
29/09/2026,Vermelha,SSP39,02:00,637,633,633,633,635,"99,69",184,449,0,4,2,2,0,0,4,0,1,3
29/09/2026,Vermelha,SSP4,01:00,912,904,902,902,907,"99,45",200,702,0,10,5,5,0,0,10,0,5,5
29/09/2026,Vermelha,SSP46,01:30,512,505,505,505,509,"99,41",130,375,0,7,3,3,1,0,7,0,1,6
29/09/2026,Vermelha,SSP6,02:00,606,605,605,605,606,100,147,458,0,1,0,1,0,0,1,0,0,1
29/09/2026,Vermelha,SSP9,02:00,1005,1002,1002,1002,1005,100,121,881,0,3,0,3,0,0,3,0,0,3
29/09/2026,Vermelha,SSP9_V,02:00,104,102,102,102,102,"98,08",20,82,0,2,2,0,0,0,2,0,0,2
29/09/2026,Vermelha,XSP9_6,06:00,3818,3780,3780,3780,3788,"99,21",1496,2284,0,38,30,8,0,0,38,0,10,28
28/09/2026,Amarela,SBA6,04:00,427,418,418,418,423,"99,06",0,418,0,9,4,0,0,5,4,5,0,9
28/09/2026,Amarela,SDF1,03:00,680,670,670,670,676,"99,41",3,667,0,10,4,0,0,6,4,6,0,10
28/09/2026,Amarela,SDF2,03:00,392,386,386,386,390,"99,49",43,343,0,6,2,0,0,4,2,4,0,6
28/09/2026,Amarela,SES2,04:00,486,482,482,482,485,"99,79",0,482,0,4,1,0,0,3,1,3,0,4
28/09/2026,Amarela,SMG11,04:00,643,624,624,624,629,"97,82",0,624,0,19,14,0,0,5,14,5,0,19
28/09/2026,Amarela,SMG12,03:00,621,617,617,617,619,"99,68",0,617,0,4,2,0,0,2,2,2,0,4
28/09/2026,Amarela,SMG6,03:00,934,926,926,926,931,"99,68",0,926,0,8,3,0,0,5,3,5,0,8
28/09/2026,Amarela,SMG9,02:30,1051,1021,1021,1021,1031,"98,1",1,1020,0,30,20,0,0,10,20,10,0,30
28/09/2026,Amarela,SMN1,04:00,556,533,533,533,544,"97,84",0,533,0,23,12,0,0,11,12,11,0,23
28/09/2026,Amarela,SMS2,03:00,483,475,475,475,480,"99,38",0,475,0,8,3,0,0,5,3,5,0,8
28/09/2026,Amarela,SPA2,04:00,778,764,764,762,772,"99,23",108,654,0,16,6,0,0,10,6,10,2,14
28/09/2026,Amarela,SPE1,04:00,442,437,437,437,438,"99,1",3,434,0,5,4,0,0,1,4,1,0,5
28/09/2026,Amarela,SPR10,04:00,553,549,549,549,550,"99,46",0,549,0,4,3,0,0,1,3,1,0,4
28/09/2026,Amarela,SPR2,03:00,866,852,852,852,855,"98,73",0,852,0,14,11,0,0,3,11,3,0,14
28/09/2026,Amarela,SPR4,06:00,500,499,499,499,500,100,0,499,0,1,0,0,0,1,0,1,0,1
28/09/2026,Amarela,SPR5,03:00,414,411,411,411,413,"99,76",0,411,0,3,1,0,0,2,1,2,0,3
28/09/2026,Amarela,SPR7,04:00,604,585,584,584,591,"97,85",0,584,0,20,13,1,0,6,14,6,0,20
28/09/2026,Amarela,SPR8,04:00,1161,1145,1145,1145,1156,"99,57",0,1145,0,16,5,0,0,11,5,11,0,16
28/09/2026,Amarela,SPR8_V,04:00,300,293,293,293,297,99,0,293,0,7,3,0,0,4,3,4,0,7
28/09/2026,Amarela,SRJ4,04:00,906,896,896,896,904,"99,78",0,896,0,10,2,0,0,8,2,8,0,10
28/09/2026,Amarela,SRJ5,04:00,501,494,494,494,499,"99,6",0,494,0,7,2,0,0,5,2,5,0,7
28/09/2026,Amarela,SRJ7,04:00,425,414,414,414,422,"99,29",0,414,0,11,3,0,0,8,3,8,5,6
28/09/2026,Amarela,SRJ9,04:00,1,0,0,0,0,0,0,0,0,1,1,0,0,0,1,0,0,1
28/09/2026,Amarela,SRS1,04:00,315,312,312,312,315,100,0,312,0,3,0,0,0,3,0,3,0,3
28/09/2026,Amarela,SRS3,06:00,549,539,538,538,544,"99,09",0,538,0,11,5,1,0,5,6,5,0,11
28/09/2026,Amarela,SRS3,08:00,2,2,2,2,2,100,0,2,0,0,0,0,0,0,0,0,0,0
28/09/2026,Amarela,SSC5,06:00,846,839,839,839,842,"99,53",0,839,0,7,4,0,0,3,4,3,0,7
28/09/2026,Amarela,SSC7,04:00,696,687,687,687,693,"99,57",0,687,0,9,3,0,0,6,3,6,0,9
28/09/2026,Amarela,SSC8,03:00,778,762,762,762,774,"99,49",0,762,0,16,4,0,0,12,4,12,0,16
28/09/2026,Amarela,SSC9,03:00,726,715,715,715,722,"99,45",0,715,0,11,4,2,0,5,6,5,0,11
28/09/2026,Amarela,SSP10,04:00,694,694,694,694,694,100,0,694,0,0,0,0,0,0,0,0,0,0
28/09/2026,Amarela,SSP17,02:30,892,873,872,872,886,"99,33",13,859,0,20,6,1,0,13,7,13,0,20
28/09/2026,Amarela,SSP17_V,02:30,200,193,193,193,197,"98,5",2,191,0,7,3,0,0,4,3,4,0,7
28/09/2026,Amarela,SSP21,03:00,609,581,605,605,607,"99,67",0,605,0,4,2,0,0,2,2,2,0,4
28/09/2026,Amarela,SSP25,03:00,1123,1104,1102,1102,1107,"98,58",0,1102,0,21,16,2,0,3,18,3,0,21
28/09/2026,Amarela,SSP28,04:00,404,398,398,398,402,"99,5",0,398,0,6,2,0,0,4,2,4,0,6
28/09/2026,Amarela,SSP3,02:30,989,976,873,873,986,"99,7",0,873,0,116,3,103,0,10,106,10,0,116
28/09/2026,Amarela,SSP30,03:00,1374,1353,1353,1353,1359,"98,91",146,1207,0,21,15,0,0,6,15,6,1,20
28/09/2026,Amarela,SSP34,03:00,866,856,839,839,861,"99,42",1,838,0,27,5,5,0,17,10,17,0,27
28/09/2026,Amarela,SSP36,05:30,773,756,756,756,764,"98,84",3,753,0,17,9,0,0,8,9,8,0,17
28/09/2026,Amarela,SSP40,03:00,735,722,722,722,730,"99,32",1,721,0,13,5,0,0,8,5,8,0,13
28/09/2026,Amarela,SSP40_V,03:00,121,115,115,115,118,"97,52",2,113,0,6,3,0,0,3,3,3,0,6
28/09/2026,Amarela,SSP45,03:00,828,809,809,809,818,"98,79",1,808,0,19,10,0,0,9,10,9,0,19
28/09/2026,Amarela,SSP45_V,03:00,201,197,196,196,199,99,3,193,0,5,2,1,0,2,3,2,0,5
28/09/2026,Amarela,SSP48,03:00,1023,1004,1004,1004,1013,"99,02",115,889,0,19,10,0,0,9,10,9,0,19
28/09/2026,Amarela,SSP49,03:00,344,340,340,340,343,"99,71",1,339,0,4,1,0,0,3,1,3,0,4
28/09/2026,Amarela,SSP5,03:00,1043,1033,1033,1033,1034,"99,14",1,1032,0,10,9,0,0,1,9,1,0,10
28/09/2026,Amarela,SSP54,04:00,82,81,81,81,81,"98,78",0,81,0,1,1,0,0,0,1,0,0,1
28/09/2026,Amarela,SSP5_V,03:00,265,248,248,248,251,"94,72",2,246,0,17,14,0,0,3,14,3,0,17
28/09/2026,Amarela,SSP64,04:00,154,154,154,154,154,100,0,154,0,0,0,0,0,0,0,0,0,0
28/09/2026,Amarela,SSP8,02:30,1547,1532,1532,1532,1541,"99,61",0,1532,0,15,6,0,0,9,6,9,0,15
28/09/2026,Amarela,XSP17_1,06:00,1552,1481,1480,1480,1545,"99,55",0,1480,0,72,7,2,0,63,9,63,0,72
28/09/2026,Amarela,XSP17_2,06:00,1142,1089,1089,1089,1120,"98,07",0,1089,0,53,22,0,0,31,22,31,0,53
28/09/2026,Amarela,XSP17_2,08:00,1,1,1,1,1,100,0,1,0,0,0,0,0,0,0,0,0,0
28/09/2026,Amarela,XSP17_3,06:00,102,100,100,100,102,100,39,61,0,2,0,0,0,2,0,2,0,2
28/09/2026,Amarela,XSP24_6,06:00,538,527,527,527,533,"99,07",17,510,0,11,5,0,0,6,5,6,0,11
28/09/2026,Amarela,XSP9_3,06:00,1157,1107,1106,1106,1138,"98,36",131,975,0,51,19,1,0,31,20,31,4,47
28/09/2026,Azul,SAL1_C,02:00,369,368,368,368,368,"99,73",3,365,0,1,1,0,0,0,1,0,0,1
28/09/2026,Azul,SAM1_A,05:00,501,500,500,500,500,"99,8",6,494,0,1,1,0,0,0,1,0,0,1
28/09/2026,Azul,SBA1_A,01:30,949,943,943,943,943,"99,37",370,573,0,6,6,0,0,0,6,0,1,5
28/09/2026,Azul,SBA2_C,02:00,723,720,720,720,722,"99,86",0,720,0,3,1,0,0,2,1,2,0,3
28/09/2026,Azul,SBA6_A,01:00,1007,1005,1005,1005,1006,"99,9",137,868,0,2,1,0,0,1,1,1,0,2
28/09/2026,Azul,SCE1_C,02:00,98,96,96,96,97,"98,98",1,95,0,2,1,0,0,1,1,1,0,2
28/09/2026,Azul,SCE3_A,01:00,764,763,763,763,763,"99,87",235,528,0,1,1,0,0,0,1,0,0,1
28/09/2026,Azul,SDF1_A,01:30,1031,1027,1028,1028,1028,"99,71",220,808,0,3,3,0,0,0,3,0,0,3
28/09/2026,Azul,SDF2_A,01:30,388,387,387,387,387,"99,74",91,296,0,1,1,0,0,0,1,0,0,1
28/09/2026,Azul,SES1_A,01:30,999,999,999,999,999,100,204,795,0,0,0,0,0,0,0,0,0,0
28/09/2026,Azul,SFN1_C,05:00,4,4,4,4,4,100,0,4,0,0,0,0,0,0,0,0,0,0
28/09/2026,Azul,SGO1_A,01:00,496,496,496,496,496,100,4,492,0,0,0,0,0,0,0,0,0,0
28/09/2026,Azul,SGO3_A,01:00,328,327,327,327,327,"99,7",1,326,0,1,1,0,0,0,1,0,0,1
28/09/2026,Azul,SJP1X_A,05:00,260,259,259,259,259,"99,62",63,196,0,1,1,0,0,0,1,0,0,1
28/09/2026,Azul,SJP1_A,05:00,382,380,380,380,380,"99,48",40,340,0,2,2,0,0,0,2,0,0,2
28/09/2026,Azul,SMN1_A,05:00,472,470,470,470,471,"99,79",4,466,0,2,1,0,0,1,1,1,0,2
28/09/2026,Azul,SMN2_C,05:00,47,46,46,46,47,100,0,46,0,1,0,0,0,1,0,1,0,1
28/09/2026,Azul,SMR1_A,01:00,828,809,809,809,810,"97,83",108,701,0,19,18,0,0,1,18,1,0,19
28/09/2026,Azul,SMR2_A,01:00,478,476,476,476,477,"99,79",126,350,0,2,1,0,0,1,1,1,0,2
28/09/2026,Azul,SPA1_C,05:00,168,167,167,167,167,"99,4",0,167,0,1,1,0,0,0,1,0,1,0
28/09/2026,Azul,SPE1_A,01:00,1359,1357,1357,1357,1359,100,816,541,0,2,0,0,0,2,0,2,1,1
28/09/2026,Azul,SPI1_A,05:00,298,297,297,297,297,"99,66",4,293,0,1,1,0,0,0,1,0,0,1
28/09/2026,Azul,SRN1_A,05:00,230,230,230,230,230,100,50,180,0,0,0,0,0,0,0,0,0,0
28/09/2026,Azul,SRN2_A,05:00,194,193,193,193,194,100,11,182,0,1,0,1,0,0,1,0,0,1
28/09/2026,Azul,SRS1_A,01:30,539,539,539,539,539,100,57,482,0,0,0,0,0,0,0,0,0,0
28/09/2026,Azul,SRS8_A,01:30,588,585,585,585,585,"99,49",109,476,0,3,3,0,0,0,3,0,0,3
28/09/2026,Azul,SRS9_A,01:30,95,95,95,95,95,100,18,77,0,0,0,0,0,0,0,0,0,0
28/09/2026,Azul,SSE1_C,02:00,357,356,356,356,356,"99,72",2,354,0,1,1,0,0,0,1,0,0,1
28/09/2026,Rosa,FSP2_R,06:00,2246,2222,2222,2222,2223,"98,98",0,2222,0,24,23,0,0,1,23,1,0,24
28/09/2026,Rosa,XSP27_R,08:00,1732,1712,1712,1712,1717,"99,13",0,1712,0,20,15,0,0,5,15,5,0,20
28/09/2026,Verde,CVLHUB,06:00,188,186,186,186,187,"99,47",0,186,0,2,1,0,0,1,1,1,1,1
28/09/2026,Verde,JADHUB,13:00,373,364,364,364,366,"98,12",0,364,0,9,7,0,0,2,7,2,0,9
28/09/2026,Verde,JETSL1,13:00,2873,2864,2864,2864,2866,"99,76",2163,701,0,9,7,0,0,2,7,2,2,7
28/09/2026,Verde,LOGHUB,13:00,185,179,179,179,181,"97,84",0,179,0,6,4,0,0,2,4,2,0,6
28/09/2026,Verde,SBA1,04:00,308,305,305,305,305,"99,03",0,305,0,3,3,0,0,0,3,0,0,3
28/09/2026,Verde,SBA2,06:00,385,382,382,382,382,"99,22",0,382,0,3,3,0,0,0,3,0,0,3
28/09/2026,Verde,SBA3,06:00,1065,1060,1058,1058,1064,"99,91",0,1058,0,7,1,2,0,4,3,4,0,7
28/09/2026,Verde,SBA4,06:00,1258,1248,1248,1248,1250,"99,36",0,1248,0,10,8,0,0,2,8,2,0,10
28/09/2026,Verde,SBA7,06:00,849,845,845,845,846,"99,65",0,845,0,4,3,0,0,1,3,1,0,4
28/09/2026,Verde,SES3,06:00,307,304,304,304,305,"99,35",0,304,0,3,2,0,0,1,2,1,0,3
28/09/2026,Verde,SES3_X,06:00,431,431,431,431,431,100,43,388,0,0,0,0,0,0,0,0,0,0
28/09/2026,Verde,SGO1,06:00,540,531,531,531,532,"98,52",0,531,0,9,8,0,0,1,8,1,0,9
28/09/2026,Verde,SMG1,05:30,1037,1035,1035,1035,1036,"99,9",0,1035,0,2,1,0,0,1,1,1,0,2
28/09/2026,Verde,SMG10,05:00,552,547,547,547,548,"99,28",0,547,0,5,4,0,0,1,4,1,0,5
28/09/2026,Verde,SMG13,06:00,413,411,411,411,412,"99,76",0,411,0,2,1,0,0,1,1,1,0,2
28/09/2026,Verde,SMG13_X,06:00,431,427,427,427,428,"99,3",0,427,0,4,3,0,0,1,3,1,0,4
28/09/2026,Verde,SMG14,05:00,1133,1124,1124,1124,1126,"99,38",1,1123,0,9,7,0,0,2,7,2,0,9
28/09/2026,Verde,SMG15,05:30,1012,1008,1008,1008,1009,"99,7",2,1006,0,4,3,0,0,1,3,1,0,4
28/09/2026,Verde,SMG18,05:30,570,567,567,567,569,"99,82",0,567,0,3,1,0,0,2,1,2,0,3
28/09/2026,Verde,SMG1_V,05:30,105,105,105,105,105,100,0,105,0,0,0,0,0,0,0,0,0,0
28/09/2026,Verde,SMG2,05:00,1244,1240,1240,1240,1241,"99,76",0,1240,0,4,3,0,0,1,3,1,0,4
28/09/2026,Verde,SMG8,05:30,1226,1216,1216,1216,1219,"99,43",2,1214,0,10,7,0,0,3,7,3,0,10
28/09/2026,Verde,SMR1,04:00,1009,1002,1002,1002,1003,"99,41",0,1002,0,7,6,0,0,1,6,1,0,7
28/09/2026,Verde,SMS1,06:00,343,338,338,338,339,"98,83",0,338,0,5,4,0,0,1,4,1,0,5
28/09/2026,Verde,SPA1,04:00,748,745,745,745,745,"99,6",0,745,0,3,3,0,0,0,3,0,0,3
28/09/2026,Verde,SPI1,06:00,428,419,419,419,424,"99,07",0,419,0,9,4,0,0,5,4,5,0,9
28/09/2026,Verde,SPR1,03:00,1109,1088,1088,1088,1090,"98,29",6,1082,0,21,19,0,0,2,19,2,1,20
28/09/2026,Verde,SPR6,03:00,1240,1224,1224,1224,1229,"99,11",0,1224,0,16,11,0,0,5,11,5,0,16
28/09/2026,Verde,SRJ8,04:00,1258,1250,1250,1250,1255,"99,76",0,1250,0,8,3,0,0,5,3,5,0,8
28/09/2026,Verde,SRN1,06:00,144,144,144,144,144,100,0,144,0,0,0,0,0,0,0,0,0,0
28/09/2026,Verde,SRS10,06:00,475,475,475,475,475,100,0,475,0,0,0,0,0,0,0,0,0,0
28/09/2026,Verde,SRS2,06:00,650,640,639,639,643,"98,92",0,639,0,11,7,1,0,3,8,3,0,11
28/09/2026,Verde,SRS2,08:00,2,2,2,2,2,100,0,2,0,0,0,0,0,0,0,0,0,0
28/09/2026,Verde,SRS4,05:00,1190,1184,1183,1183,1187,"99,75",3,1180,0,7,3,1,0,3,4,3,0,7
28/09/2026,Verde,SRS5,04:00,912,909,909,909,909,"99,67",0,909,0,3,3,0,0,0,3,0,0,3
28/09/2026,Verde,SSC1,13:00,1097,1094,1092,1092,1096,"99,91",0,1092,0,5,1,0,0,4,1,4,0,5
28/09/2026,Verde,SSC2,04:00,1114,1109,1109,1109,1111,"99,73",1,1108,0,5,3,0,0,2,3,2,0,5
28/09/2026,Verde,SSC3,03:00,797,789,789,789,792,"99,37",0,789,0,8,5,0,0,3,5,3,0,8
28/09/2026,Verde,SSE1,06:00,404,404,404,404,404,100,0,404,0,0,0,0,0,0,0,0,0,0
28/09/2026,Verde,SSP11,06:00,756,753,753,753,755,"99,87",1,752,0,3,1,0,0,2,1,2,0,3
28/09/2026,Verde,SSP11,08:00,4,4,3,3,4,100,0,3,0,1,0,1,0,0,1,0,0,1
28/09/2026,Verde,SSP23,03:00,1001,990,988,988,994,"99,3",1,987,0,13,7,2,0,4,9,4,2,11
28/09/2026,Verde,SSP29,03:00,1136,1124,1124,1124,1127,"99,21",1,1123,0,12,9,0,0,3,9,3,0,12
28/09/2026,Verde,SSP50,04:00,863,833,833,833,858,"99,42",6,827,0,30,5,0,0,25,5,25,17,13
28/09/2026,Verde,SSP50_V,04:00,122,115,115,115,115,"94,26",1,114,0,7,7,0,0,0,7,0,0,7
28/09/2026,Verde,SSP52,13:00,186,186,147,147,186,100,147,0,0,39,0,9,0,30,9,30,39,0
28/09/2026,Verde,SSP56,06:00,364,349,349,349,353,"96,98",11,338,0,15,11,0,0,4,11,4,0,15
28/09/2026,Verde,SSP56,08:00,1,1,1,1,1,100,0,1,0,0,0,0,0,0,0,0,0,0
28/09/2026,Verde,SSP7,03:00,991,983,983,983,988,"99,7",0,983,0,8,3,0,0,5,3,5,0,8
28/09/2026,Verde,STO1,06:00,488,482,482,482,484,"99,18",0,482,0,6,4,0,0,2,4,2,0,6
28/09/2026,Verde,STO2,06:00,206,205,205,205,205,"99,51",0,205,0,1,1,0,0,0,1,0,0,1
28/09/2026,Verde,XSP23_3,06:00,1276,1241,1241,1241,1249,"97,88",0,1241,0,35,27,0,0,8,27,8,0,35
28/09/2026,Verde,XSP9_1,04:00,602,585,585,583,591,"98,17",54,529,0,19,11,0,0,8,11,8,0,19
28/09/2026,Verde,XSP9_2,06:00,1693,1663,1663,1663,1681,"99,29",0,1663,0,30,12,1,0,17,13,17,4,26
28/09/2026,Vermelha,SAL1,02:30,772,766,766,766,767,"99,35",0,766,0,6,5,1,0,0,6,0,0,6
28/09/2026,Vermelha,SES1,02:30,475,466,466,466,466,"98,11",0,466,0,9,9,0,0,0,9,0,0,9
28/09/2026,Vermelha,SMG3,02:00,257,253,253,253,254,"98,83",2,251,0,4,3,0,0,1,3,1,0,4
28/09/2026,Vermelha,SMG5,01:30,669,664,664,664,667,"99,7",2,662,0,5,2,2,0,1,4,1,0,5
28/09/2026,Vermelha,SMG7,13:00,709,706,706,706,709,100,0,706,0,3,0,0,0,3,0,3,0,3
28/09/2026,Vermelha,SMN2,05:00,256,245,245,245,250,"97,66",0,245,0,11,6,2,0,3,8,3,0,11
28/09/2026,Vermelha,SRJ1,01:30,1520,1511,1510,1510,1517,"99,8",3,1507,0,10,3,2,0,5,5,5,0,10
28/09/2026,Vermelha,SRJ10,01:00,1921,1899,1899,1899,1917,"99,79",137,1762,0,22,4,8,0,10,12,10,0,22
28/09/2026,Vermelha,SRJ10_V,01:00,403,399,399,399,399,"99,01",10,389,0,4,4,0,0,0,4,0,0,4
28/09/2026,Vermelha,SRJ13,01:30,1028,1014,1014,1014,1025,"99,71",41,973,0,14,3,2,0,9,5,9,0,14
28/09/2026,Vermelha,SRJ2,02:00,1417,1400,1400,1400,1411,"99,58",2,1398,0,17,6,3,0,8,9,8,0,17
28/09/2026,Vermelha,SRJ3,02:30,902,894,894,894,898,"99,56",0,894,0,8,4,1,0,3,5,3,0,8
28/09/2026,Vermelha,SRJ6,01:30,1160,1140,1140,1140,1147,"98,88",2,1138,0,20,13,0,0,7,13,7,0,20
28/09/2026,Vermelha,SRS8,03:00,192,190,190,190,191,"99,48",0,190,0,2,1,0,0,1,1,1,0,2
28/09/2026,Vermelha,SRS9,02:30,55,54,54,54,55,100,20,34,0,1,0,0,0,1,0,1,0,1
28/09/2026,Vermelha,SRS9_V,02:30,74,72,72,72,72,"97,3",12,60,0,2,2,0,0,0,2,0,0,2
28/09/2026,Vermelha,SSC4,02:30,843,833,833,833,841,"99,76",1,832,0,10,2,0,0,8,2,8,0,10
28/09/2026,Vermelha,SSP1,02:00,984,970,970,970,979,"99,49",2,968,0,14,5,0,2,7,7,7,0,14
28/09/2026,Vermelha,SSP12,02:00,410,409,409,409,409,"99,76",0,409,0,1,1,0,0,0,1,0,0,1
28/09/2026,Vermelha,SSP13,01:00,805,796,796,796,801,"99,5",2,794,0,9,4,1,1,3,6,3,0,9
28/09/2026,Vermelha,SSP14,01:00,1107,1091,1091,1091,1099,"99,28",0,1091,0,16,8,3,0,5,11,5,1,15
28/09/2026,Vermelha,SSP15,01:30,1438,1423,1425,1425,1434,"99,72",0,1425,0,13,4,2,0,7,6,7,0,13
28/09/2026,Vermelha,SSP16,01:00,741,734,733,733,737,"99,46",0,733,0,8,4,2,0,2,6,2,0,8
28/09/2026,Vermelha,SSP18,02:30,1113,1104,1104,1104,1109,"99,64",1,1103,0,9,4,0,0,5,4,5,0,9
28/09/2026,Vermelha,SSP20,02:30,1219,1208,1208,1208,1212,"99,43",2,1206,0,11,7,1,0,3,8,3,0,11
28/09/2026,Vermelha,SSP22,01:00,1118,1101,1100,1100,1114,"99,64",0,1100,0,18,4,2,5,7,11,7,0,18
28/09/2026,Vermelha,SSP24,01:30,667,665,665,665,666,"99,85",1,664,0,2,1,0,0,1,1,1,0,2
28/09/2026,Vermelha,SSP26,01:00,798,785,786,786,792,"99,25",0,786,0,12,6,3,0,3,9,3,0,12
28/09/2026,Vermelha,SSP27,02:30,695,686,686,686,693,"99,71",0,686,0,9,2,0,0,7,2,7,0,9
28/09/2026,Vermelha,SSP31,01:30,384,380,380,380,382,"99,48",2,378,0,4,2,0,0,2,2,2,0,4
28/09/2026,Vermelha,SSP37,02:30,1049,1041,1041,1041,1045,"99,62",0,1041,0,8,4,1,0,3,5,3,0,8
28/09/2026,Vermelha,SSP38,02:30,1251,1244,1244,1244,1249,"99,84",1,1243,0,7,2,0,0,5,2,5,0,7
28/09/2026,Vermelha,SSP39,02:00,646,637,636,636,643,"99,54",0,636,0,10,3,1,0,6,4,6,0,10
28/09/2026,Vermelha,SSP4,01:00,893,885,884,884,891,"99,78",0,884,0,9,2,3,0,4,5,4,0,9
28/09/2026,Vermelha,SSP46,01:30,504,499,499,499,504,100,0,499,0,5,0,1,0,4,1,4,0,5
28/09/2026,Vermelha,SSP6,02:00,615,610,610,610,614,"99,84",0,610,0,5,1,0,2,2,3,2,0,5
28/09/2026,Vermelha,SSP9,02:00,1163,1144,1144,1144,1152,"99,05",1,1143,0,19,11,0,3,5,14,5,0,19
28/09/2026,Vermelha,SSP9_V,02:00,184,183,183,183,183,"99,46",4,179,0,1,1,0,0,0,1,0,0,1
28/09/2026,Vermelha,XSP9_6,06:00,3056,3024,3024,3024,3050,"99,8",2,3022,0,32,6,1,0,25,7,25,0,32
28/09/2026,Vermelha,XSP9_6,08:00,2,2,2,2,2,100,0,2,0,0,0,0,0,0,0,0,0,0
25/09/2026,Amarela,SBA6,04:00,540,533,533,490,534,"98,89",286,204,0,50,6,0,0,44,6,44,7,43
25/09/2026,Amarela,SDF1,03:00,1311,1303,1303,1170,1307,"99,69",695,475,0,141,4,0,0,137,4,137,4,137
25/09/2026,Amarela,SDF2,03:00,502,501,501,501,502,100,256,245,0,1,0,0,0,1,0,1,0,1
25/09/2026,Amarela,SES2,04:00,219,219,219,219,219,100,6,213,0,0,0,0,0,0,0,0,0,0
25/09/2026,Amarela,SMG11,04:00,269,262,262,262,264,"98,14",16,246,0,7,5,0,0,2,5,2,0,7
25/09/2026,Amarela,SMG12,03:00,308,305,305,305,307,"99,68",8,297,0,3,1,0,0,2,1,2,0,3
25/09/2026,Amarela,SMG4,03:00,1,1,1,1,1,100,1,0,0,0,0,0,0,0,0,0,0,0
25/09/2026,Amarela,SMG6,03:00,669,663,663,663,666,"99,55",248,415,0,6,3,0,0,3,3,3,0,6
25/09/2026,Amarela,SMG9,02:30,915,904,904,904,908,"99,23",150,754,0,11,7,0,0,4,7,4,0,11
25/09/2026,Amarela,SMN1,04:00,658,643,643,610,644,"97,87",219,391,0,48,14,0,0,34,14,34,11,37
25/09/2026,Amarela,SMS2,03:00,450,443,443,430,446,"99,11",244,186,0,20,4,1,0,15,5,15,4,16
25/09/2026,Amarela,SPA2,04:00,453,451,451,198,453,100,160,38,0,255,0,0,0,255,0,255,2,253
25/09/2026,Amarela,SPE1,04:00,729,718,718,513,722,"99,04",300,213,0,216,7,0,0,209,7,209,137,79
25/09/2026,Amarela,SPR10,04:00,434,426,426,292,432,"99,54",32,260,0,142,2,0,0,140,2,140,136,6
25/09/2026,Amarela,SPR2,03:00,388,386,386,386,388,100,6,380,0,2,0,0,0,2,0,2,0,2
25/09/2026,Amarela,SPR4,06:00,312,308,308,308,310,"99,36",113,195,0,4,2,0,0,2,2,2,2,2
25/09/2026,Amarela,SPR5,03:00,272,270,270,270,271,"99,63",62,208,0,2,1,0,0,1,1,1,0,2
25/09/2026,Amarela,SPR7,03:00,453,445,445,445,449,"99,12",132,313,0,8,4,0,0,4,4,4,1,7
25/09/2026,Amarela,SPR8,04:00,847,832,832,832,837,"98,82",270,562,0,15,10,0,0,5,10,5,2,13
25/09/2026,Amarela,SPR8_V,04:00,96,94,94,94,96,100,17,77,0,2,0,0,0,2,0,2,0,2
25/09/2026,Amarela,SRJ4,04:00,515,515,515,208,515,100,96,112,0,307,0,0,0,307,0,307,0,307
25/09/2026,Amarela,SRJ5,04:00,433,432,432,432,432,"99,77",170,262,0,1,1,0,0,0,1,0,0,1
25/09/2026,Amarela,SRJ7,04:00,253,247,247,247,249,"98,42",67,180,0,6,4,0,0,2,4,2,3,3
25/09/2026,Amarela,SRJ9,04:00,3,1,1,1,1,"33,33",1,0,0,2,2,0,0,0,2,0,0,2
25/09/2026,Amarela,SRS1,04:00,195,195,195,195,195,100,46,149,0,0,0,0,0,0,0,0,0,0
25/09/2026,Amarela,SRS3,08:00,441,437,437,437,438,"99,32",131,306,0,4,3,0,0,1,3,1,2,2
25/09/2026,Amarela,SSC5,06:00,373,371,370,370,373,100,19,351,0,3,0,1,0,2,1,2,0,3
25/09/2026,Amarela,SSC7,04:00,318,314,314,314,316,"99,37",16,298,0,4,2,0,0,2,2,2,0,4
25/09/2026,Amarela,SSC8,03:00,582,579,579,579,581,"99,83",170,409,0,3,1,0,0,2,1,2,0,3
25/09/2026,Amarela,SSC9,03:00,522,518,518,518,522,100,195,323,0,4,0,0,0,4,0,4,2,2
25/09/2026,Amarela,SSP10,04:00,544,538,538,538,540,"99,26",169,369,0,6,4,0,0,2,4,2,1,5
25/09/2026,Amarela,SSP17,02:30,462,455,455,455,457,"98,92",117,338,0,7,5,0,0,2,5,2,0,7
25/09/2026,Amarela,SSP17_V,02:30,54,53,53,53,53,"98,15",12,41,0,1,1,0,0,0,1,0,0,1
25/09/2026,Amarela,SSP21,03:00,337,334,334,334,336,"99,7",23,311,0,3,1,0,0,2,1,2,0,3
25/09/2026,Amarela,SSP25,03:00,613,605,605,605,607,"99,02",19,586,0,8,6,0,0,2,6,2,0,8
25/09/2026,Amarela,SSP28,04:00,260,258,258,258,259,"99,62",83,175,0,2,1,1,0,0,2,0,0,2
25/09/2026,Amarela,SSP3,02:30,594,587,587,587,589,"99,16",24,563,0,7,5,0,0,2,5,2,1,6
25/09/2026,Amarela,SSP30,03:00,1024,1004,1004,1004,1010,"98,63",284,720,0,20,14,0,0,6,14,6,4,16
25/09/2026,Amarela,SSP34,03:00,716,704,704,704,707,"98,74",185,519,0,12,9,0,0,3,9,3,1,11
25/09/2026,Amarela,SSP36,05:30,477,470,470,470,475,"99,58",64,406,0,7,2,0,0,5,2,5,0,7
25/09/2026,Amarela,SSP40,03:00,590,589,588,588,589,"99,83",121,467,0,2,1,1,0,0,2,0,0,2
25/09/2026,Amarela,SSP40_V,03:00,72,72,72,72,72,100,9,63,0,0,0,0,0,0,0,0,0,0
25/09/2026,Amarela,SSP45,03:00,524,521,521,521,523,"99,81",16,505,0,3,1,0,0,2,1,2,0,3
25/09/2026,Amarela,SSP45_V,03:00,76,75,75,75,76,100,24,51,0,1,0,0,0,1,0,1,0,1
25/09/2026,Amarela,SSP48,03:00,542,534,534,534,535,"98,71",87,447,0,8,7,0,0,1,7,1,0,8
25/09/2026,Amarela,SSP49,03:00,278,276,276,276,277,"99,64",78,198,0,2,1,0,0,1,1,1,0,2
25/09/2026,Amarela,SSP5,03:00,1060,1053,1053,1053,1058,"99,81",377,676,0,7,2,0,0,5,2,5,1,6
25/09/2026,Amarela,SSP54,04:00,72,71,71,71,71,"98,61",15,56,0,1,1,0,0,0,1,0,0,1
25/09/2026,Amarela,SSP5_V,03:00,74,73,73,73,73,"98,65",22,51,0,1,1,0,0,0,1,0,0,1
25/09/2026,Amarela,SSP64,04:00,92,88,88,88,90,"97,83",25,63,0,4,2,0,0,2,2,2,0,4
25/09/2026,Amarela,SSP8,02:30,1207,1185,1185,1185,1188,"98,43",353,832,0,22,19,0,0,3,19,3,2,20
25/09/2026,Amarela,XSP17_1,06:00,856,843,843,843,851,"99,42",137,706,0,13,5,0,0,8,5,8,2,11
25/09/2026,Amarela,XSP17_2,06:00,708,695,695,695,704,"99,44",133,562,0,13,4,0,0,9,4,9,0,13
25/09/2026,Amarela,XSP17_3,06:00,216,216,216,216,216,100,152,64,0,0,0,0,0,0,0,0,0,0
25/09/2026,Amarela,XSP24_6,06:00,258,249,249,249,257,"99,61",9,240,0,9,1,0,0,8,1,8,0,9
25/09/2026,Amarela,XSP9_3,06:00,582,573,573,573,578,"99,31",144,429,0,9,4,0,0,5,4,5,2,7
25/09/2026,Azul,SAL1_C,02:00,174,173,173,173,173,"99,43",1,172,0,1,1,0,0,0,1,0,0,1
25/09/2026,Azul,SAM1_A,01:30,413,406,406,406,407,"98,55",87,319,0,7,6,0,0,1,6,1,1,6
25/09/2026,Azul,SBA1_A,01:30,503,501,501,501,501,"99,6",224,277,0,2,2,0,0,0,2,0,1,1
25/09/2026,Azul,SBA2_C,02:00,333,329,329,329,330,"99,1",2,327,0,4,3,0,0,1,3,1,0,4
25/09/2026,Azul,SBA6_A,01:00,368,367,367,367,367,"99,73",26,341,0,1,1,0,0,0,1,0,0,1
25/09/2026,Azul,SCE1_C,02:00,52,52,52,52,52,100,0,52,0,0,0,0,0,0,0,0,0,0
25/09/2026,Azul,SCE3_A,01:00,186,184,184,184,185,"99,46",35,149,0,2,1,0,0,1,1,1,0,2
25/09/2026,Azul,SDF1_A,01:30,244,243,243,243,244,100,6,237,0,1,0,0,0,1,0,1,0,1
25/09/2026,Azul,SDF2_A,01:30,130,128,128,128,129,"99,23",7,121,0,2,1,0,0,1,1,1,0,2
25/09/2026,Azul,SES1_A,01:30,801,800,800,800,801,100,507,293,0,1,0,0,0,1,0,1,0,1
25/09/2026,Azul,SFN1_C,05:00,1,1,1,1,1,100,0,1,0,0,0,0,0,0,0,0,0,0
25/09/2026,Azul,SGO1_A,01:00,163,163,163,163,163,100,0,163,0,0,0,0,0,0,0,0,0,0
25/09/2026,Azul,SGO3_A,01:00,97,97,97,97,97,100,0,97,0,0,0,0,0,0,0,0,0,0
25/09/2026,Azul,SJP1X_A,05:00,75,75,75,75,75,100,4,71,0,0,0,0,0,0,0,0,0,0
25/09/2026,Azul,SJP1_A,05:00,117,115,115,115,116,"99,15",3,112,0,2,1,0,0,1,1,1,0,2
25/09/2026,Azul,SMN1_A,05:00,290,290,290,290,290,100,5,285,0,0,0,0,0,0,0,0,0,0
25/09/2026,Azul,SMN2_C,05:00,44,44,44,44,44,100,2,42,0,0,0,0,0,0,0,0,0,0
25/09/2026,Azul,SMR1_A,01:00,136,136,136,136,136,100,4,132,0,0,0,0,0,0,0,0,0,0
25/09/2026,Azul,SMR2_A,01:00,241,241,241,241,241,100,3,238,0,0,0,0,0,0,0,0,0,0
25/09/2026,Azul,SPA1_C,05:00,124,124,124,124,124,100,0,124,0,0,0,0,0,0,0,0,0,0
25/09/2026,Azul,SPE1_A,01:00,528,525,525,525,526,"99,62",249,276,0,3,2,0,0,1,2,1,0,3
25/09/2026,Azul,SPI1_A,05:00,128,128,128,128,128,100,3,125,0,0,0,0,0,0,0,0,0,0
25/09/2026,Azul,SRN1_A,05:00,61,61,61,61,61,100,5,56,0,0,0,0,0,0,0,0,0,0
25/09/2026,Azul,SRN2_A,05:00,46,45,45,45,45,"97,83",2,43,0,1,1,0,0,0,1,0,0,1
25/09/2026,Azul,SRS1_A,01:30,314,313,313,313,313,"99,68",92,221,0,1,1,0,0,0,1,0,0,1
25/09/2026,Azul,SRS8_A,01:30,365,363,363,363,364,"99,73",109,254,0,2,1,0,0,1,1,1,0,2
25/09/2026,Azul,SRS9_A,01:30,24,24,24,24,24,100,0,24,0,0,0,0,0,0,0,0,0,0
25/09/2026,Azul,SSE1_C,02:00,242,242,242,242,242,100,0,242,0,0,0,0,0,0,0,0,0,0
25/09/2026,Rosa,FSP2_R,06:00,672,669,669,669,669,"99,55",0,669,0,3,3,0,0,0,3,0,0,3
25/09/2026,Rosa,XSP1_R,06:00,33,32,32,32,32,"96,97",0,32,0,1,1,0,0,0,1,0,0,1
25/09/2026,Verde,CVLHUB,06:00,94,94,94,94,94,100,0,94,0,0,0,0,0,0,0,0,0,0
25/09/2026,Verde,JADHUB,13:00,249,247,247,247,247,"99,2",0,247,0,2,2,0,0,0,2,0,0,2
25/09/2026,Verde,JETSL1,13:00,6067,6036,6036,6036,6044,"99,62",5474,562,0,31,23,0,0,8,23,8,26,5
25/09/2026,Verde,LOGHUB,13:00,100,99,99,99,99,99,0,99,0,1,1,0,0,0,1,0,0,1
25/09/2026,Verde,SBA1,04:00,323,317,317,204,320,"99,07",114,90,0,119,3,0,0,116,3,116,1,118
25/09/2026,Verde,SBA2,06:00,345,340,340,340,341,"98,84",157,183,0,5,4,0,0,1,4,1,1,4
25/09/2026,Verde,SBA3,08:00,656,648,648,648,651,"99,24",116,532,0,8,5,0,0,3,5,3,2,6
25/09/2026,Verde,SBA4,06:00,1003,998,998,998,1002,"99,9",288,710,0,5,1,0,0,4,1,4,2,3
25/09/2026,Verde,SBA7,08:00,500,497,497,497,498,"99,6",80,417,0,3,2,0,0,1,2,1,0,3
25/09/2026,Verde,SES3,06:00,305,304,304,304,305,100,168,136,0,1,0,0,0,1,0,1,0,1
25/09/2026,Verde,SES3_X,06:00,386,384,384,384,386,100,148,236,0,2,0,0,0,2,0,2,2,0
25/09/2026,Verde,SGO1,06:00,860,852,852,852,856,"99,53",481,371,0,8,4,0,0,4,4,4,3,5
25/09/2026,Verde,SMG1,05:30,895,881,881,881,892,"99,66",370,511,0,14,3,0,0,11,3,11,8,6
25/09/2026,Verde,SMG10,05:00,321,317,317,317,319,"99,38",1,316,0,4,2,0,0,2,2,2,1,3
25/09/2026,Verde,SMG13,06:00,288,285,285,285,286,"99,31",125,160,0,3,2,0,0,1,2,1,2,1
25/09/2026,Verde,SMG13_X,06:00,283,281,281,281,281,"99,29",95,186,0,2,2,0,0,0,2,0,2,0
25/09/2026,Verde,SMG14,05:00,581,581,581,581,581,100,12,569,0,0,0,0,0,0,0,0,0,0
25/09/2026,Verde,SMG15,05:30,650,647,647,647,648,"99,69",155,492,0,3,2,0,0,1,2,1,1,2
25/09/2026,Verde,SMG18,05:30,393,386,386,386,390,"99,24",4,382,0,7,3,0,0,4,3,4,1,6
25/09/2026,Verde,SMG1_V,05:30,160,159,159,159,160,100,25,134,0,1,0,0,0,1,0,1,1,0
25/09/2026,Verde,SMG2,05:00,915,910,910,910,912,"99,67",194,716,0,5,3,0,0,2,3,2,1,4
25/09/2026,Verde,SMG8,05:30,811,804,804,804,810,"99,88",288,516,0,7,1,0,0,6,1,6,5,2
25/09/2026,Verde,SMR1,04:00,1167,1153,1153,1129,1160,"99,4",292,837,0,38,7,0,0,31,7,31,3,35
25/09/2026,Verde,SMS1,06:00,347,344,344,344,345,"99,42",148,196,0,3,2,0,0,1,2,1,3,0
25/09/2026,Verde,SPA1,04:00,666,656,656,654,659,"98,95",249,405,0,12,7,0,0,5,7,5,5,7
25/09/2026,Verde,SPI1,06:00,549,543,543,543,545,"99,27",226,317,0,6,4,0,0,2,4,2,4,2
25/09/2026,Verde,SPR1,03:00,1008,998,998,998,1004,"99,6",388,610,0,10,4,0,0,6,4,6,5,5
25/09/2026,Verde,SPR3,08:00,1,0,0,0,0,0,0,0,0,1,1,0,0,0,1,0,0,1
25/09/2026,Verde,SPR6,03:00,766,755,755,755,759,"99,09",227,528,0,11,7,0,0,4,7,4,2,9
25/09/2026,Verde,SRJ8,04:00,721,719,719,719,719,"99,72",63,656,0,2,2,0,0,0,2,0,1,1
25/09/2026,Verde,SRN1,06:00,186,183,183,183,183,"98,39",111,72,0,3,3,0,0,0,3,0,1,2
25/09/2026,Verde,SRS10,06:00,313,312,312,312,313,100,66,246,0,1,0,0,0,1,0,1,0,1
25/09/2026,Verde,SRS2,08:00,470,464,464,464,465,"98,94",150,314,0,6,5,0,0,1,5,1,2,4
25/09/2026,Verde,SRS4,05:00,686,684,684,684,684,"99,71",103,581,0,2,2,0,0,0,2,0,0,2
25/09/2026,Verde,SRS5,04:00,772,768,768,768,768,"99,48",394,374,0,4,4,0,0,0,4,0,1,3
25/09/2026,Verde,SSC1,13:00,1076,1066,1064,1064,1068,"99,26",420,644,0,12,8,0,0,4,8,4,7,5
25/09/2026,Verde,SSC2,04:00,945,938,938,938,939,"99,37",334,604,0,7,6,0,0,1,6,1,4,3
25/09/2026,Verde,SSC3,03:00,521,516,516,516,517,"99,23",162,354,0,5,4,0,0,1,4,1,3,2
25/09/2026,Verde,SSE1,06:00,485,481,481,481,483,"99,59",267,214,0,4,2,0,0,2,2,2,2,2
25/09/2026,Verde,SSP11,08:00,607,598,598,598,601,"99,01",203,395,0,9,6,0,0,3,6,3,2,7
25/09/2026,Verde,SSP23,03:00,610,602,602,602,604,"99,02",59,543,0,8,6,0,0,2,6,2,2,6
25/09/2026,Verde,SSP29,03:00,817,812,812,812,816,"99,88",178,634,0,5,1,0,0,4,1,4,1,4
25/09/2026,Verde,SSP50,04:00,347,345,345,345,346,"99,71",9,336,0,2,1,0,0,1,1,1,0,2
25/09/2026,Verde,SSP50_V,04:00,28,27,27,27,27,"96,43",0,27,0,1,1,0,0,0,1,0,0,1
25/09/2026,Verde,SSP56,06:00,248,243,243,243,245,"98,79",58,185,0,5,3,0,0,2,3,2,0,5
25/09/2026,Verde,SSP7,03:00,559,553,553,553,553,"98,93",25,528,0,6,6,0,0,0,6,0,0,6
25/09/2026,Verde,STO1,06:00,363,360,360,168,362,"99,72",2,166,0,195,1,0,0,194,1,194,153,42
25/09/2026,Verde,STO2,06:00,252,251,251,75,252,100,38,37,0,177,0,0,0,177,0,177,52,125
25/09/2026,Verde,XSP23_3,06:00,986,970,969,969,979,"99,29",285,684,0,17,7,1,0,9,8,9,9,8
25/09/2026,Verde,XSP9_1,04:00,444,438,438,269,441,"99,32",178,91,0,175,3,1,0,171,4,171,6,169
25/09/2026,Verde,XSP9_2,06:00,1783,1769,1769,1729,1773,"99,44",858,871,0,54,10,0,0,44,10,44,5,49
25/09/2026,Vermelha,SAL1,02:30,743,738,738,702,739,"99,46",345,357,0,41,4,0,0,37,4,37,0,41
25/09/2026,Vermelha,SES1,02:30,232,228,228,190,229,"98,71",5,185,0,42,3,0,0,39,3,39,0,42
25/09/2026,Vermelha,SMG3,02:00,940,923,923,923,930,"98,94",34,889,0,17,10,0,0,7,10,7,0,17
25/09/2026,Vermelha,SMG5,01:30,611,608,608,608,610,"99,84",196,412,0,3,1,1,0,1,2,1,0,3
25/09/2026,Vermelha,SMG7,13:00,367,367,366,366,367,100,142,224,0,1,0,1,0,0,1,0,1,0
25/09/2026,Vermelha,SMN2,05:00,320,318,318,279,318,"99,38",200,79,0,41,2,0,0,39,2,39,1,40
25/09/2026,Vermelha,SRJ1,01:30,1051,1028,1032,1032,1039,"98,86",145,887,0,19,12,0,0,7,12,7,0,19
25/09/2026,Vermelha,SRJ10,01:00,1267,1251,1251,1251,1261,"99,53",351,900,0,16,6,0,0,10,6,10,1,15
25/09/2026,Vermelha,SRJ10_V,01:00,154,153,153,153,154,100,16,137,0,1,0,0,0,1,0,1,0,1
25/09/2026,Vermelha,SRJ13,01:30,579,572,572,572,575,"99,31",67,505,0,7,4,0,0,3,4,3,2,5
25/09/2026,Vermelha,SRJ2,02:00,1195,1178,1178,1178,1189,"99,5",316,862,0,17,6,0,0,11,6,11,1,16
25/09/2026,Vermelha,SRJ3,02:30,946,923,923,923,928,"98,1",150,773,0,23,18,0,0,5,18,5,0,23
25/09/2026,Vermelha,SRJ6,01:30,914,882,882,882,886,"96,94",226,656,0,32,28,0,0,4,28,4,1,31
25/09/2026,Vermelha,SRS8,03:00,125,121,121,117,125,100,16,101,0,8,0,0,0,8,0,8,1,7
25/09/2026,Vermelha,SRS9,02:30,59,58,58,41,59,100,37,4,0,18,0,0,0,18,0,18,0,18
25/09/2026,Vermelha,SRS9_V,02:30,22,22,22,22,22,100,9,13,0,0,0,0,0,0,0,0,0,0
25/09/2026,Vermelha,SSC4,02:30,599,595,595,595,596,"99,5",134,461,0,4,3,0,0,1,3,1,1,3
25/09/2026,Vermelha,SSP1,02:00,490,470,470,470,484,"98,78",7,463,0,20,6,0,0,14,6,14,0,20
25/09/2026,Vermelha,SSP12,02:00,270,269,269,269,270,100,78,191,0,1,0,0,0,1,0,1,0,1
25/09/2026,Vermelha,SSP13,01:00,720,716,716,716,719,"99,86",199,517,0,4,1,0,0,3,1,3,0,4
25/09/2026,Vermelha,SSP14,01:00,913,909,909,909,911,"99,78",249,660,0,4,2,0,0,2,2,2,1,3
25/09/2026,Vermelha,SSP15,01:30,926,914,913,913,918,"99,14",172,741,0,13,8,1,0,4,9,4,0,13
25/09/2026,Vermelha,SSP16,01:00,621,616,616,616,617,"99,36",223,393,0,5,4,0,0,1,4,1,2,3
25/09/2026,Vermelha,SSP18,02:30,585,581,581,581,583,"99,66",44,537,0,4,2,0,0,2,2,2,0,4
25/09/2026,Vermelha,SSP20,02:30,1106,1093,1093,1093,1098,"99,28",372,721,0,13,8,0,0,5,8,5,0,13
25/09/2026,Vermelha,SSP22,01:00,732,728,728,728,730,"99,73",82,646,0,4,2,0,0,2,2,2,0,4
25/09/2026,Vermelha,SSP24,01:30,373,364,364,364,369,"98,93",29,335,0,9,4,0,0,5,4,5,1,8
25/09/2026,Vermelha,SSP26,01:00,596,591,591,591,596,100,128,463,0,5,0,1,0,4,1,4,2,3
25/09/2026,Vermelha,SSP27,02:30,540,530,530,530,533,"98,7",101,429,0,10,7,0,0,3,7,3,5,5
25/09/2026,Vermelha,SSP31,01:30,372,371,371,371,371,"99,73",134,237,0,1,1,0,0,0,1,0,0,1
25/09/2026,Vermelha,SSP37,02:30,807,795,795,795,800,"99,13",22,773,0,12,7,0,0,5,7,5,0,12
25/09/2026,Vermelha,SSP38,02:30,662,641,641,641,645,"97,43",69,572,0,21,17,0,0,4,17,4,0,21
25/09/2026,Vermelha,SSP39,02:00,519,515,515,515,517,"99,61",161,354,0,4,2,0,0,2,2,2,0,4
25/09/2026,Vermelha,SSP4,01:00,707,703,703,703,703,"99,43",169,534,0,4,4,0,0,0,4,0,1,3
25/09/2026,Vermelha,SSP46,01:30,331,327,327,327,331,100,100,227,0,4,0,0,0,4,0,4,0,4
25/09/2026,Vermelha,SSP6,02:00,463,456,456,456,459,"99,14",59,397,0,7,4,0,0,3,4,3,0,7
25/09/2026,Vermelha,SSP9,02:00,759,753,753,753,758,"99,87",134,619,0,6,1,0,0,5,1,5,0,6
25/09/2026,Vermelha,SSP9_V,02:00,86,85,85,85,85,"98,84",14,71,0,1,1,0,0,0,1,0,0,1
25/09/2026,Vermelha,XSP9_6,06:00,3296,3261,3260,3079,3277,"99,42",1345,1734,0,217,19,1,0,197,20,197,7,210
24/09/2026,Amarela,SBA6,04:00,895,887,887,887,893,"99,78",545,342,0,8,2,0,0,6,2,6,6,2
24/09/2026,Amarela,SDF1,03:00,1072,1063,1061,1061,1068,"99,63",414,647,0,11,4,2,0,5,6,5,2,9
24/09/2026,Amarela,SDF2,03:00,609,609,609,609,609,100,359,250,0,0,0,0,0,0,0,0,0,0
24/09/2026,Amarela,SES2,04:00,282,280,280,280,281,"99,65",18,262,0,2,1,0,0,1,1,1,1,1
24/09/2026,Amarela,SMG11,04:00,455,450,450,450,453,"99,56",119,331,0,5,2,0,0,3,2,3,1,4
24/09/2026,Amarela,SMG12,03:00,426,423,423,423,425,"99,77",1,422,0,3,1,0,0,2,1,2,0,3
24/09/2026,Amarela,SMG6,03:00,779,774,774,774,775,"99,49",252,522,0,5,4,0,0,1,4,1,0,5
24/09/2026,Amarela,SMG9,02:30,995,988,988,988,992,"99,7",175,813,0,7,3,0,0,4,3,4,0,7
24/09/2026,Amarela,SMN1,04:00,703,695,695,695,700,"99,57",264,431,0,8,3,1,0,4,4,4,4,4
24/09/2026,Amarela,SMS2,03:00,560,557,557,557,559,"99,82",278,279,0,3,1,1,0,1,2,1,1,2
24/09/2026,Amarela,SPA2,04:00,481,476,476,476,480,"99,79",181,295,0,5,1,0,0,4,1,4,0,5
24/09/2026,Amarela,SPE1,04:00,912,901,901,901,910,"99,78",684,217,0,11,2,0,0,9,2,9,7,4
24/09/2026,Amarela,SPR10,04:00,430,425,425,425,428,"99,53",132,293,0,5,2,0,0,3,2,3,1,4
24/09/2026,Amarela,SPR2,03:00,508,503,503,503,507,"99,8",7,496,0,5,1,0,0,4,1,4,0,5
24/09/2026,Amarela,SPR4,06:00,331,329,329,329,330,"99,7",106,223,0,2,1,0,0,1,1,1,0,2
24/09/2026,Amarela,SPR5,03:00,421,420,420,420,421,100,132,288,0,1,0,0,0,1,0,1,0,1
24/09/2026,Amarela,SPR7,03:00,549,543,543,543,546,"99,45",179,364,0,6,3,0,0,3,3,3,1,5
24/09/2026,Amarela,SPR8,04:00,934,927,927,927,932,"99,79",302,625,0,7,2,0,0,5,2,5,1,6
24/09/2026,Amarela,SPR8_V,04:00,176,173,173,173,173,"98,3",3,170,0,3,3,0,0,0,3,0,0,3
24/09/2026,Amarela,SRJ12,04:00,3,2,2,2,2,"66,67",1,1,0,1,1,0,0,0,1,0,0,1
24/09/2026,Amarela,SRJ4,04:00,474,462,462,462,469,"98,95",21,441,0,12,5,0,0,7,5,7,0,12
24/09/2026,Amarela,SRJ5,04:00,459,454,454,454,456,"99,35",165,289,0,5,3,0,0,2,3,2,3,2
24/09/2026,Amarela,SRJ7,04:00,209,208,208,208,209,100,8,200,0,1,0,0,0,1,0,1,0,1
24/09/2026,Amarela,SRJ9,04:00,1,1,1,1,1,100,1,0,0,0,0,0,0,0,0,0,0,0
24/09/2026,Amarela,SRS1,04:00,211,211,211,211,211,100,51,160,0,0,0,0,0,0,0,0,0,0
24/09/2026,Amarela,SRS3,08:00,516,514,514,514,516,100,177,337,0,2,0,0,0,2,0,2,0,2
24/09/2026,Amarela,SSC5,06:00,595,587,587,587,591,"99,33",169,418,0,8,4,0,0,4,4,4,3,5
24/09/2026,Amarela,SSC7,04:00,480,474,474,474,476,"99,17",156,318,0,6,4,0,0,2,4,2,0,6
24/09/2026,Amarela,SSC8,03:00,527,523,523,523,526,"99,81",146,377,0,4,1,0,0,3,1,3,2,2
24/09/2026,Amarela,SSC9,03:00,578,575,575,575,577,"99,83",208,367,0,3,1,0,0,2,1,2,1,2
24/09/2026,Amarela,SSP10,04:00,572,569,569,569,570,"99,65",149,420,0,3,2,0,0,1,2,1,1,2
24/09/2026,Amarela,SSP17,02:30,586,575,575,575,582,"99,32",59,516,0,11,4,0,0,7,4,7,0,11
24/09/2026,Amarela,SSP17_V,02:30,53,53,53,53,53,100,11,42,0,0,0,0,0,0,0,0,0,0
24/09/2026,Amarela,SSP21,03:00,514,508,508,508,512,"99,61",116,392,0,6,2,0,0,4,2,4,0,6
24/09/2026,Amarela,SSP25,03:00,1093,1087,1087,1087,1089,"99,63",300,787,0,6,4,0,0,2,4,2,1,5
24/09/2026,Amarela,SSP28,04:00,303,302,302,302,303,100,81,221,0,1,0,0,0,1,0,1,0,1
24/09/2026,Amarela,SSP3,02:30,652,648,648,648,652,100,19,629,0,4,0,0,0,4,0,4,0,4
24/09/2026,Amarela,SSP30,03:00,1140,1131,1131,1131,1136,"99,65",266,865,0,9,4,0,0,5,4,5,0,9
24/09/2026,Amarela,SSP34,03:00,905,899,899,899,903,"99,78",250,649,0,6,2,0,0,4,2,4,0,6
24/09/2026,Amarela,SSP36,05:30,529,522,522,522,527,"99,62",11,511,0,7,2,0,0,5,2,5,0,7
24/09/2026,Amarela,SSP40,03:00,670,659,659,659,664,"99,1",172,487,0,11,6,0,0,5,6,5,2,9
24/09/2026,Amarela,SSP40_V,03:00,84,83,82,82,84,100,11,71,0,2,0,0,0,2,0,2,0,2
24/09/2026,Amarela,SSP45,03:00,631,627,627,627,630,"99,84",59,568,0,4,1,0,0,3,1,3,0,4
24/09/2026,Amarela,SSP45_V,03:00,69,66,66,66,67,"97,1",4,62,0,3,2,0,0,1,2,1,0,3
24/09/2026,Amarela,SSP48,03:00,538,531,531,531,534,"99,26",6,525,0,7,4,0,0,3,4,3,0,7
24/09/2026,Amarela,SSP49,03:00,288,286,286,286,288,100,74,212,0,2,0,0,0,2,0,2,0,2
24/09/2026,Amarela,SSP5,03:00,941,928,928,928,935,"99,36",210,718,0,13,6,0,0,7,6,7,1,12
24/09/2026,Amarela,SSP54,04:00,45,42,0,0,45,100,0,0,0,45,0,0,0,45,0,45,0,45
24/09/2026,Amarela,SSP5_V,03:00,123,122,122,122,123,100,8,114,0,1,0,0,0,1,0,1,0,1
24/09/2026,Amarela,SSP64,04:00,57,55,0,0,57,100,0,0,0,57,0,0,0,57,0,57,1,56
24/09/2026,Amarela,SSP8,02:30,1583,1576,1576,1576,1579,"99,75",469,1107,0,7,4,0,0,3,4,3,0,7
24/09/2026,Amarela,XSP17_1,06:00,682,668,668,668,679,"99,56",26,642,0,14,3,0,0,11,3,11,3,11
24/09/2026,Amarela,XSP17_2,06:00,688,679,679,679,686,"99,71",105,574,0,9,2,0,0,7,2,7,3,6
24/09/2026,Amarela,XSP17_3,06:00,318,314,314,314,317,"99,69",77,237,0,4,1,0,0,3,1,3,1,3
24/09/2026,Amarela,XSP24_6,06:00,303,299,299,299,303,100,20,279,0,4,0,0,0,4,0,4,2,2
24/09/2026,Amarela,XSP9_3,06:00,552,541,541,541,550,"99,64",72,469,0,11,2,0,0,9,2,9,4,7
24/09/2026,Azul,SAL1_C,02:00,213,211,211,211,211,"99,06",3,208,0,2,2,0,0,0,2,0,0,2
24/09/2026,Azul,SAM1_A,01:30,369,369,369,369,369,100,100,269,0,0,0,0,0,0,0,0,0,0
24/09/2026,Azul,SBA1_A,01:30,410,410,410,410,410,100,98,312,0,0,0,0,0,0,0,0,0,0
24/09/2026,Azul,SBA2_C,02:00,456,455,455,455,455,"99,78",1,454,0,1,1,0,0,0,1,0,0,1
24/09/2026,Azul,SBA6_A,01:00,425,425,425,425,425,100,11,414,0,0,0,0,0,0,0,0,0,0
24/09/2026,Azul,SCE1_C,02:00,56,56,56,56,56,100,1,55,0,0,0,0,0,0,0,0,0,0
24/09/2026,Azul,SCE3_A,01:00,197,197,197,197,197,100,2,195,0,0,0,0,0,0,0,0,0,0
24/09/2026,Azul,SDF1_A,01:30,477,477,477,477,477,100,137,340,0,0,0,0,0,0,0,0,0,0
24/09/2026,Azul,SDF2_A,01:30,332,331,331,331,332,100,70,261,0,1,0,0,0,1,0,1,0,1
24/09/2026,Azul,SES1_A,01:30,585,584,584,584,584,"99,83",225,359,0,1,1,0,0,0,1,0,0,1
24/09/2026,Azul,SFN1_C,05:00,6,6,6,6,6,100,0,6,0,0,0,0,0,0,0,0,0,0
24/09/2026,Azul,SGO1_A,01:00,361,357,357,357,357,"98,89",1,356,0,4,4,0,0,0,4,0,0,4
24/09/2026,Azul,SGO3_A,01:00,315,314,314,314,314,"99,68",2,312,0,1,1,0,0,0,1,0,0,1
24/09/2026,Azul,SJP1X_A,05:00,192,191,191,191,191,"99,48",77,114,0,1,1,0,0,0,1,0,1,0
24/09/2026,Azul,SJP1_A,05:00,264,262,262,262,262,"99,24",85,177,0,2,2,0,0,0,2,0,1,1
24/09/2026,Azul,SMN1_A,05:00,65,65,65,65,65,100,41,24,0,0,0,0,0,0,0,0,0,0
24/09/2026,Azul,SMN2_C,05:00,39,39,39,39,39,100,0,39,0,0,0,0,0,0,0,0,0,0
24/09/2026,Azul,SMR1_A,01:00,404,403,403,403,404,100,62,341,0,1,0,0,0,1,0,1,0,1
24/09/2026,Azul,SMR2_A,01:00,169,169,169,169,169,100,59,110,0,0,0,0,0,0,0,0,0,0
24/09/2026,Azul,SPA1_C,05:00,172,172,172,172,172,100,2,170,0,0,0,0,0,0,0,0,0,0
24/09/2026,Azul,SPE1_A,01:00,590,586,586,586,589,"99,83",225,361,0,4,1,0,0,3,1,3,1,3
24/09/2026,Azul,SPI1_A,05:00,258,257,257,257,258,100,49,208,0,1,0,0,0,1,0,1,0,1
24/09/2026,Azul,SRN1_A,05:00,169,168,168,168,169,100,78,90,0,1,0,0,0,1,0,1,0,1
24/09/2026,Azul,SRN2_A,05:00,160,159,159,159,159,"99,38",61,98,0,1,1,0,0,0,1,0,1,0
24/09/2026,Azul,SRS1_A,01:30,457,454,454,454,456,"99,78",102,352,0,3,1,0,0,2,1,2,0,3
24/09/2026,Azul,SRS8_A,01:30,397,394,394,394,395,"99,5",6,388,0,3,2,0,0,1,2,1,0,3
24/09/2026,Azul,SRS9_A,01:30,3,3,3,3,3,100,0,3,0,0,0,0,0,0,0,0,0,0
24/09/2026,Azul,SSE1_C,02:00,254,254,254,254,254,100,0,254,0,0,0,0,0,0,0,0,0,0
24/09/2026,Rosa,FSP2_R,06:00,1616,1585,1585,1585,1595,"98,7",0,1585,0,31,21,0,0,10,21,10,0,31
24/09/2026,Rosa,XSP27_R,08:00,412,401,401,401,405,"98,3",0,401,0,11,7,0,0,4,7,4,0,11
24/09/2026,Verde,CVLHUB,06:00,101,100,100,100,100,"99,01",0,100,0,1,1,0,0,0,1,0,0,1
24/09/2026,Verde,JADHUB,13:00,298,288,288,288,293,"98,32",0,288,0,10,5,0,0,5,5,5,0,10
24/09/2026,Verde,JETSL1,13:00,6653,6628,6628,6628,6641,"99,82",6063,565,0,25,12,0,0,13,12,13,13,12
24/09/2026,Verde,LOGHUB,13:00,78,75,75,75,78,100,1,74,0,3,0,0,0,3,0,3,0,3
24/09/2026,Verde,SBA1,04:00,615,607,607,607,612,"99,51",380,227,0,8,3,0,0,5,3,5,6,2
24/09/2026,Verde,SBA2,06:00,461,450,450,450,453,"98,26",188,262,0,11,8,0,0,3,8,3,4,7
24/09/2026,Verde,SBA3,08:00,720,707,707,707,713,"99,03",140,567,0,13,7,0,0,6,7,6,2,11
24/09/2026,Verde,SBA4,06:00,936,908,908,908,918,"98,08",186,722,0,28,18,0,0,10,18,10,1,27
24/09/2026,Verde,SBA7,08:00,593,586,586,586,593,100,116,470,0,7,0,0,0,7,0,7,1,6
24/09/2026,Verde,SES3,06:00,128,127,127,127,127,"99,22",1,126,0,1,1,0,0,0,1,0,0,1
24/09/2026,Verde,SES3_X,06:00,205,202,202,202,205,100,6,196,0,3,0,0,0,3,0,3,0,3
24/09/2026,Verde,SGO1,06:00,605,594,594,594,599,"99,01",390,204,0,11,6,0,0,5,6,5,5,6
24/09/2026,Verde,SMG1,05:30,968,955,955,955,963,"99,48",330,625,0,13,5,0,0,8,5,8,5,8
24/09/2026,Verde,SMG10,05:00,481,470,470,470,475,"98,75",6,464,0,11,6,0,0,5,6,5,0,11
24/09/2026,Verde,SMG13,06:00,194,191,191,191,193,"99,48",9,182,0,3,1,0,0,2,1,2,0,3
24/09/2026,Verde,SMG13_X,06:00,216,209,209,209,213,"98,61",6,203,0,7,3,0,0,4,3,4,0,7
24/09/2026,Verde,SMG14,05:00,759,750,750,750,759,100,9,741,0,9,0,0,0,9,0,9,0,9
24/09/2026,Verde,SMG15,05:30,575,561,561,561,572,"99,48",31,530,0,14,3,0,0,11,3,11,0,14
24/09/2026,Verde,SMG18,05:30,270,267,267,267,270,100,9,258,0,3,0,0,0,3,0,3,0,3
24/09/2026,Verde,SMG1_V,05:30,138,134,134,134,135,"97,83",3,131,0,4,3,0,0,1,3,1,0,4
24/09/2026,Verde,SMG2,05:00,971,951,951,951,961,"98,97",256,695,0,20,10,0,0,10,10,10,0,20
24/09/2026,Verde,SMG8,05:30,947,925,925,925,943,"99,58",275,650,0,22,4,0,0,18,4,18,5,17
24/09/2026,Verde,SMR1,04:00,793,781,781,781,791,"99,75",225,556,0,12,2,0,0,10,2,10,1,11
24/09/2026,Verde,SMS1,06:00,418,411,411,411,413,"98,8",177,234,0,7,5,0,0,2,5,2,1,6
24/09/2026,Verde,SPA1,04:00,656,636,636,636,644,"98,17",211,425,0,20,12,0,0,8,12,8,6,14
24/09/2026,Verde,SPI1,06:00,366,362,362,362,362,"98,91",91,271,0,4,4,0,0,0,4,0,0,4
24/09/2026,Verde,SPR1,03:00,1251,1229,1229,1229,1248,"99,76",477,752,0,22,3,0,0,19,3,19,6,16
24/09/2026,Verde,SPR3,08:00,1,1,1,1,1,100,0,1,0,0,0,0,0,0,0,0,0,0
24/09/2026,Verde,SPR6,03:00,923,896,896,896,916,"99,24",259,637,0,27,7,0,0,20,7,20,4,23
24/09/2026,Verde,SRJ8,04:00,1362,1342,1342,1342,1357,"99,63",594,748,0,20,5,0,0,15,5,15,10,10
24/09/2026,Verde,SRN1,06:00,283,275,275,275,281,"99,29",168,107,0,8,2,0,0,6,2,6,7,1
24/09/2026,Verde,SRS10,06:00,226,222,222,222,226,100,17,205,0,4,0,0,0,4,0,4,0,4
24/09/2026,Verde,SRS2,08:00,415,408,408,408,413,"99,52",135,273,0,7,2,0,0,5,2,5,1,6
24/09/2026,Verde,SRS4,05:00,656,645,645,645,654,"99,7",62,583,0,11,2,0,0,9,2,9,0,11
24/09/2026,Verde,SRS5,04:00,544,530,530,530,538,"98,9",66,464,0,14,6,0,0,8,6,8,0,14
24/09/2026,Verde,SSC1,13:00,553,538,538,538,548,"99,1",34,504,0,15,5,0,0,10,5,10,0,15
24/09/2026,Verde,SSC2,04:00,1141,1117,1117,1117,1131,"99,12",411,706,0,24,10,1,0,13,11,13,5,19
24/09/2026,Verde,SSC3,03:00,589,584,584,584,589,100,196,388,0,5,0,0,0,5,0,5,0,5
24/09/2026,Verde,SSE1,06:00,443,441,441,441,442,"99,77",233,208,0,2,1,0,0,1,1,1,0,2
24/09/2026,Verde,SSP11,08:00,734,721,721,721,729,"99,32",250,471,0,13,5,0,0,8,5,8,3,10
24/09/2026,Verde,SSP23,03:00,778,763,763,763,774,"99,49",34,729,0,15,4,0,0,11,4,11,0,15
24/09/2026,Verde,SSP29,03:00,971,954,954,954,966,"99,49",154,800,0,17,5,0,0,12,5,12,2,15
24/09/2026,Verde,SSP50,04:00,531,509,509,509,524,"98,68",33,476,0,22,7,0,0,15,7,15,0,22
24/09/2026,Verde,SSP50_V,04:00,87,80,80,80,82,"94,25",20,60,0,7,5,0,0,2,5,2,0,7
24/09/2026,Verde,SSP52,13:00,424,417,417,417,424,100,417,0,0,7,0,0,0,7,0,7,7,0
24/09/2026,Verde,SSP56,06:00,215,212,212,212,214,"99,53",35,177,0,3,1,0,0,2,1,2,0,3
24/09/2026,Verde,SSP7,03:00,636,617,617,617,635,"99,84",0,617,0,19,1,0,0,18,1,18,0,19
24/09/2026,Verde,STO1,06:00,395,387,387,387,391,"98,99",94,293,0,8,4,0,0,4,4,4,1,7
24/09/2026,Verde,STO2,06:00,287,284,284,284,285,"99,3",128,156,0,3,2,0,0,1,2,1,0,3
24/09/2026,Verde,XSP23_3,06:00,997,972,972,972,989,"99,2",282,690,0,25,8,0,0,17,8,17,5,20
24/09/2026,Verde,XSP9_1,04:00,559,541,541,541,554,"99,11",227,314,0,18,5,2,0,11,7,11,6,12
24/09/2026,Verde,XSP9_2,06:00,1863,1833,1833,1833,1852,"99,41",814,1019,0,30,11,0,0,19,11,19,8,22
24/09/2026,Vermelha,SAL1,02:30,868,861,861,861,863,"99,42",420,441,0,7,5,1,0,1,6,1,2,5
24/09/2026,Vermelha,SES1,02:30,274,267,267,267,271,"98,91",8,259,0,7,3,0,0,4,3,4,1,6
24/09/2026,Vermelha,SMG3,02:00,764,763,763,763,763,"99,87",3,760,0,1,1,0,0,0,1,0,0,1
24/09/2026,Vermelha,SMG5,01:30,631,620,619,619,625,"99,05",137,482,0,12,6,1,0,5,7,5,4,8
24/09/2026,Vermelha,SMG7,13:00,314,313,313,313,313,"99,68",12,301,0,1,1,0,0,0,1,0,0,1
24/09/2026,Vermelha,SMN2,05:00,418,404,404,404,417,"99,76",244,160,0,14,1,0,0,13,1,13,11,3
24/09/2026,Vermelha,SRJ1,01:30,1378,1371,1371,1371,1372,"99,56",349,1022,0,7,6,0,0,1,6,1,1,6
24/09/2026,Vermelha,SRJ10,01:00,1610,1590,1590,1590,1596,"99,13",472,1118,0,20,14,0,0,6,14,6,12,8
24/09/2026,Vermelha,SRJ10_V,01:00,122,121,121,121,121,"99,18",4,117,0,1,1,0,0,0,1,0,0,1
24/09/2026,Vermelha,SRJ13,01:30,602,596,596,596,596,99,10,586,0,6,6,0,0,0,6,0,0,6
24/09/2026,Vermelha,SRJ2,02:00,1411,1400,1400,1400,1410,"99,93",398,1002,0,11,1,1,0,9,2,9,8,3
24/09/2026,Vermelha,SRJ3,02:30,947,931,931,931,936,"98,84",202,729,0,16,11,0,0,5,11,5,2,14
24/09/2026,Vermelha,SRJ6,01:30,1031,1026,1026,1026,1028,"99,71",259,767,0,5,3,0,0,2,3,2,3,2
24/09/2026,Vermelha,SRS8,03:00,218,213,213,213,217,"99,54",112,101,0,5,1,1,0,3,2,3,2,3
24/09/2026,Vermelha,SRS9,02:30,27,26,26,26,26,"96,3",9,17,0,1,1,0,0,0,1,0,0,1
24/09/2026,Vermelha,SRS9_V,02:30,2,2,2,2,2,100,0,2,0,0,0,0,0,0,0,0,0,0
24/09/2026,Vermelha,SSC4,02:30,588,580,580,580,586,"99,66",129,451,0,8,2,0,0,6,2,6,1,7
24/09/2026,Vermelha,SSP1,02:00,666,660,660,660,663,"99,55",7,653,0,6,3,0,0,3,3,3,0,6
24/09/2026,Vermelha,SSP12,02:00,311,303,303,303,305,"98,07",56,247,0,8,6,0,0,2,6,2,3,5
24/09/2026,Vermelha,SSP13,01:00,741,734,733,733,736,"99,33",233,500,0,8,5,1,0,2,6,2,3,5
24/09/2026,Vermelha,SSP14,01:00,1098,1092,1092,1092,1095,"99,73",259,833,0,6,3,1,0,2,4,2,0,6
24/09/2026,Vermelha,SSP15,01:30,1206,1196,1196,1196,1202,"99,67",268,928,0,10,4,0,0,6,4,6,3,7
24/09/2026,Vermelha,SSP16,01:00,555,549,549,549,553,"99,64",108,441,0,6,2,0,0,4,2,4,4,2
24/09/2026,Vermelha,SSP18,02:30,599,595,595,595,598,"99,83",7,588,0,4,1,0,0,3,1,3,0,4
24/09/2026,Vermelha,SSP20,02:30,1131,1125,1125,1125,1126,"99,56",311,814,0,6,5,0,0,1,5,1,1,5
24/09/2026,Vermelha,SSP22,01:00,794,789,789,789,793,"99,87",7,782,0,5,1,0,0,4,1,4,1,4
24/09/2026,Vermelha,SSP24,01:30,413,408,408,408,408,"98,79",4,404,0,5,5,0,0,0,5,0,0,5
24/09/2026,Vermelha,SSP26,01:00,613,611,611,611,612,"99,84",6,605,0,2,1,0,0,1,1,1,0,2
24/09/2026,Vermelha,SSP27,02:30,649,648,648,648,648,"99,85",136,512,0,1,1,0,0,0,1,0,0,1
24/09/2026,Vermelha,SSP31,01:30,398,394,394,394,395,"99,25",146,248,0,4,3,0,0,1,3,1,2,2
24/09/2026,Vermelha,SSP37,02:30,692,681,681,681,682,"98,55",29,652,0,11,10,0,0,1,10,1,0,11
24/09/2026,Vermelha,SSP38,02:30,756,747,747,747,750,"99,21",5,742,0,9,6,1,0,2,7,2,0,9
24/09/2026,Vermelha,SSP39,02:00,564,562,562,562,563,"99,82",155,407,0,2,1,0,0,1,1,1,2,0
24/09/2026,Vermelha,SSP4,01:00,827,818,818,818,821,"99,27",226,592,0,9,6,2,0,1,8,1,4,5
24/09/2026,Vermelha,SSP46,01:30,434,429,429,429,433,"99,77",132,297,0,5,1,0,0,4,1,4,1,4
24/09/2026,Vermelha,SSP6,02:00,683,679,679,679,681,"99,71",175,504,0,4,2,0,0,2,2,2,1,3
24/09/2026,Vermelha,SSP9,02:00,975,967,967,967,972,"99,69",145,822,0,8,3,0,0,5,3,5,2,6
24/09/2026,Vermelha,SSP9_V,02:00,92,91,91,91,91,"98,91",15,76,0,1,1,0,0,0,1,0,1,0
24/09/2026,Vermelha,XSP9_6,06:00,3401,3377,3376,3376,3389,"99,65",1463,1913,0,25,12,2,0,11,14,11,10,15
23/09/2026,Amarela,SBA6,04:00,737,734,734,734,735,"99,73",516,218,0,3,2,0,0,1,2,1,2,1
23/09/2026,Amarela,SDF1,03:00,796,793,793,793,795,"99,87",548,245,0,3,1,0,0,2,1,2,1,2
23/09/2026,Amarela,SDF2,03:00,550,546,546,546,546,"99,27",331,215,0,4,4,0,0,0,4,0,0,4
23/09/2026,Amarela,SES2,04:00,339,337,337,337,338,"99,71",135,202,0,2,1,0,0,1,1,1,0,2
23/09/2026,Amarela,SMG11,04:00,368,366,366,366,367,"99,73",8,358,0,2,1,0,0,1,1,1,0,2
23/09/2026,Amarela,SMG12,03:00,420,414,414,414,419,"99,76",14,400,0,6,1,0,0,5,1,5,0,6
23/09/2026,Amarela,SMG4,03:00,3,3,3,3,3,100,3,0,0,0,0,0,0,0,0,0,0,0
23/09/2026,Amarela,SMG6,03:00,958,950,950,950,953,"99,48",355,595,0,8,5,0,0,3,5,3,1,7
23/09/2026,Amarela,SMG9,02:30,976,973,973,973,975,"99,9",206,767,0,3,1,1,0,1,2,1,1,2
23/09/2026,Amarela,SMN1,04:00,674,667,667,667,669,"99,26",293,374,0,7,5,0,0,2,5,2,2,5
23/09/2026,Amarela,SMS2,03:00,671,666,666,666,669,"99,7",378,288,0,5,2,0,0,3,2,3,1,4
23/09/2026,Amarela,SPA2,04:00,648,642,642,642,642,"99,07",292,350,0,6,6,0,0,0,6,0,2,4
23/09/2026,Amarela,SPE1,04:00,1031,1024,1001,1001,1025,"99,42",666,335,0,30,6,23,0,1,29,1,28,2
23/09/2026,Amarela,SPR10,04:00,585,577,577,577,579,"98,97",245,332,0,8,6,0,0,2,6,2,3,5
23/09/2026,Amarela,SPR2,03:00,560,555,555,555,557,"99,46",5,550,0,5,3,0,0,2,3,2,0,5
23/09/2026,Amarela,SPR4,06:00,426,423,423,423,425,"99,77",165,258,0,3,1,0,0,2,1,2,1,2
23/09/2026,Amarela,SPR5,03:00,329,328,328,328,329,100,68,260,0,1,0,0,0,1,0,1,0,1
23/09/2026,Amarela,SPR7,03:00,616,613,613,613,615,"99,84",188,425,0,3,1,0,0,2,1,2,1,2
23/09/2026,Amarela,SPR8,04:00,1105,1091,1091,1091,1094,99,437,654,0,14,11,0,0,3,11,3,5,9
23/09/2026,Amarela,SPR8_V,04:00,190,187,187,187,188,"98,95",25,162,0,3,2,0,0,1,2,1,0,3
23/09/2026,Amarela,SRJ12,04:00,18,18,18,18,18,100,15,3,0,0,0,0,0,0,0,0,0,0
23/09/2026,Amarela,SRJ4,04:00,908,898,898,898,901,"99,23",256,642,0,10,7,0,0,3,7,3,3,7
23/09/2026,Amarela,SRJ5,04:00,562,560,560,560,561,"99,82",265,295,0,2,1,0,0,1,1,1,1,1
23/09/2026,Amarela,SRJ7,04:00,398,394,394,394,397,"99,75",139,255,0,4,1,0,0,3,1,3,0,4
23/09/2026,Amarela,SRJ9,04:00,3,3,3,3,3,100,3,0,0,0,0,0,0,0,0,0,0,0
23/09/2026,Amarela,SRS1,04:00,330,328,328,328,329,"99,7",182,146,0,2,1,0,0,1,1,1,0,2
23/09/2026,Amarela,SRS3,08:00,567,563,563,563,564,"99,47",241,322,0,4,3,0,0,1,3,1,2,2
23/09/2026,Amarela,SSC5,06:00,585,583,583,583,585,100,157,426,0,2,0,0,0,2,0,2,1,1
23/09/2026,Amarela,SSC7,04:00,573,565,565,565,568,"99,13",232,333,0,8,5,0,0,3,5,3,4,4
23/09/2026,Amarela,SSC8,03:00,673,670,670,670,672,"99,85",227,443,0,3,1,0,0,2,1,2,0,3
23/09/2026,Amarela,SSC9,03:00,822,819,819,819,821,"99,88",386,433,0,3,1,0,0,2,1,2,0,3
23/09/2026,Amarela,SSP10,04:00,784,777,777,777,779,"99,36",292,485,0,7,5,0,0,2,5,2,1,6
23/09/2026,Amarela,SSP17,02:30,554,535,535,535,548,"98,92",25,510,0,19,6,0,0,13,6,13,0,19
23/09/2026,Amarela,SSP17_V,02:30,98,96,96,96,96,"97,96",17,79,0,2,2,0,0,0,2,0,0,2
23/09/2026,Amarela,SSP21,03:00,526,523,523,523,525,"99,81",157,366,0,3,1,0,0,2,1,2,0,3
23/09/2026,Amarela,SSP25,03:00,996,988,987,987,991,"99,5",242,745,0,9,5,0,0,4,5,4,1,8
23/09/2026,Amarela,SSP28,04:00,400,399,399,399,399,"99,75",131,268,0,1,1,0,0,0,1,0,1,0
23/09/2026,Amarela,SSP3,02:30,722,706,706,706,710,"98,34",25,681,0,16,12,0,0,4,12,4,0,16
23/09/2026,Amarela,SSP30,03:00,1283,1267,1267,1267,1280,"99,77",370,897,0,16,3,0,0,13,3,13,2,14
23/09/2026,Amarela,SSP34,03:00,834,824,789,789,827,"99,16",230,559,0,45,7,0,0,38,7,38,0,45
23/09/2026,Amarela,SSP36,05:30,554,545,545,545,550,"99,28",45,500,0,9,4,0,0,5,4,5,1,8
23/09/2026,Amarela,SSP40,03:00,746,737,737,737,742,"99,46",202,535,0,9,4,0,0,5,4,5,0,9
23/09/2026,Amarela,SSP40_V,03:00,61,60,60,60,60,"98,36",8,52,0,1,1,0,0,0,1,0,1,0
23/09/2026,Amarela,SSP45,03:00,610,600,600,600,607,"99,51",80,520,0,10,3,0,0,7,3,7,1,9
23/09/2026,Amarela,SSP45_V,03:00,80,79,79,79,80,100,3,76,0,1,0,0,0,1,0,1,0,1
23/09/2026,Amarela,SSP48,03:00,529,524,524,524,527,"99,62",8,516,0,5,2,0,0,3,2,3,0,5
23/09/2026,Amarela,SSP49,03:00,341,338,337,337,340,"99,71",108,229,0,4,1,1,0,2,2,2,1,3
23/09/2026,Amarela,SSP5,03:00,833,822,822,822,827,"99,28",34,788,0,11,6,0,0,5,6,5,0,11
23/09/2026,Amarela,SSP54,04:00,1,0,0,0,1,100,0,0,0,1,0,0,0,1,0,1,0,1
23/09/2026,Amarela,SSP5_V,03:00,80,79,79,79,79,"98,75",3,76,0,1,1,0,0,0,1,0,0,1
23/09/2026,Amarela,SSP64,04:00,1,0,0,0,1,100,0,0,0,1,0,0,0,1,0,1,0,1
23/09/2026,Amarela,SSP8,02:30,1806,1793,1792,1792,1797,"99,5",634,1158,0,14,9,1,0,4,10,4,4,10
23/09/2026,Amarela,XSP17_1,06:00,844,837,837,837,840,"99,53",123,714,0,7,4,0,0,3,4,3,0,7
23/09/2026,Amarela,XSP17_2,06:00,811,796,696,696,806,"99,38",160,536,0,115,5,100,0,10,105,10,0,115
23/09/2026,Amarela,XSP17_3,06:00,584,581,581,581,582,"99,66",255,326,0,3,2,0,0,1,2,1,1,2
23/09/2026,Amarela,XSP24_6,06:00,368,367,367,367,367,"99,73",101,266,0,1,1,0,0,0,1,0,0,1
23/09/2026,Amarela,XSP9_3,06:00,486,481,481,481,481,"98,97",90,391,0,5,5,0,0,0,5,0,0,5
23/09/2026,Azul,SAL1_C,02:00,225,225,225,225,225,100,1,224,0,0,0,0,0,0,0,0,0,0
23/09/2026,Azul,SAM1_A,01:30,524,523,522,522,523,"99,81",197,325,0,2,1,0,0,1,1,1,0,2
23/09/2026,Azul,SBA1_A,01:30,443,441,441,441,441,"99,55",54,387,0,2,2,0,0,0,2,0,0,2
23/09/2026,Azul,SBA2_C,02:00,476,476,476,476,476,100,3,473,0,0,0,0,0,0,0,0,0,0
23/09/2026,Azul,SBA6_A,01:00,419,419,419,419,419,100,8,411,0,0,0,0,0,0,0,0,0,0
23/09/2026,Azul,SCE1_C,02:00,49,48,48,48,48,"97,96",0,48,0,1,1,0,0,0,1,0,0,1
23/09/2026,Azul,SCE3_A,01:00,202,201,201,201,201,"99,5",0,201,0,1,1,0,0,0,1,0,0,1
23/09/2026,Azul,SDF1_A,01:30,347,345,345,345,345,"99,42",125,220,0,2,2,0,0,0,2,0,2,0
23/09/2026,Azul,SDF2_A,01:30,306,305,305,305,305,"99,67",58,247,0,1,1,0,0,0,1,0,0,1
23/09/2026,Azul,SES1_A,01:30,552,551,551,551,552,100,62,489,0,1,0,0,0,1,0,1,0,1
23/09/2026,Azul,SFN1_C,05:00,7,7,7,7,7,100,1,6,0,0,0,0,0,0,0,0,0,0
23/09/2026,Azul,SGO1_A,01:00,333,330,330,330,331,"99,4",3,327,0,3,2,0,0,1,2,1,0,3
23/09/2026,Azul,SGO3_A,01:00,291,289,289,289,290,"99,66",0,289,0,2,1,0,0,1,1,1,0,2
23/09/2026,Azul,SJP1X_A,05:00,250,250,250,250,250,100,127,123,0,0,0,0,0,0,0,0,0,0
23/09/2026,Azul,SJP1_A,05:00,323,323,323,323,323,100,161,162,0,0,0,0,0,0,0,0,0,0
23/09/2026,Azul,SMN1_A,05:00,341,341,341,341,341,100,87,254,0,0,0,0,0,0,0,0,0,0
23/09/2026,Azul,SMN2_C,05:00,46,46,46,46,46,100,0,46,0,0,0,0,0,0,0,0,0,0
23/09/2026,Azul,SMR1_A,01:00,405,405,405,405,405,100,68,337,0,0,0,0,0,0,0,0,0,0
23/09/2026,Azul,SMR2_A,01:00,193,191,191,191,193,100,19,172,0,2,0,0,0,2,0,2,0,2
23/09/2026,Azul,SPA1_C,05:00,141,141,141,141,141,100,3,138,0,0,0,0,0,0,0,0,0,0
23/09/2026,Azul,SPE1_A,01:00,479,478,478,478,479,100,92,386,0,1,0,0,0,1,0,1,0,1
23/09/2026,Azul,SPI1_A,05:00,339,339,339,339,339,100,67,272,0,0,0,0,0,0,0,0,0,0
23/09/2026,Azul,SRN1_A,05:00,216,215,215,215,215,"99,54",111,104,0,1,1,0,0,0,1,0,1,0
23/09/2026,Azul,SRN2_A,05:00,214,213,213,213,214,100,115,98,0,1,0,0,0,1,0,1,1,0
23/09/2026,Azul,SRS1_A,01:30,362,362,362,362,362,100,4,358,0,0,0,0,0,0,0,0,0,0
23/09/2026,Azul,SRS8_A,01:30,334,332,332,332,334,100,2,330,0,2,0,0,0,2,0,2,0,2
23/09/2026,Azul,SRS9_A,01:30,12,11,11,11,12,100,0,11,0,1,0,0,0,1,0,1,0,1
23/09/2026,Azul,SSE1_C,02:00,330,330,330,330,330,100,3,327,0,0,0,0,0,0,0,0,0,0
23/09/2026,Rosa,FSP2_R,06:00,1814,1784,1784,1784,1793,"98,84",0,1784,0,30,21,0,0,9,21,9,0,30
23/09/2026,Rosa,XSP1_R,06:00,136,132,132,132,133,"97,79",0,132,0,4,3,0,0,1,3,1,0,4
23/09/2026,Rosa,XSP27_R,08:00,245,242,242,242,243,"99,18",0,242,0,3,2,0,0,1,2,1,0,3
23/09/2026,Verde,CVLHUB,06:00,115,114,114,114,114,"99,13",0,114,0,1,1,0,0,0,1,0,0,1
23/09/2026,Verde,JADHUB,13:00,403,394,394,394,397,"98,51",0,394,0,9,6,0,0,3,6,3,0,9
23/09/2026,Verde,JETSL1,13:00,8874,8846,8846,8846,8857,"99,81",8149,697,0,28,17,0,0,11,17,11,20,8
23/09/2026,Verde,LOGHUB,13:00,98,96,96,96,97,"98,98",1,95,0,2,1,0,0,1,1,1,0,2
23/09/2026,Verde,SBA1,04:00,743,740,740,740,740,"99,6",444,296,0,3,3,0,0,0,3,0,1,2
23/09/2026,Verde,SBA2,06:00,494,488,488,488,489,"98,99",261,227,0,6,5,0,0,1,5,1,4,2
23/09/2026,Verde,SBA3,08:00,765,761,761,761,761,"99,48",180,581,0,4,4,0,0,0,4,0,2,2
23/09/2026,Verde,SBA4,06:00,1185,1177,1177,1177,1179,"99,49",364,813,0,8,6,0,0,2,6,2,1,7
23/09/2026,Verde,SBA7,08:00,618,616,616,616,617,"99,84",141,475,0,2,1,0,0,1,1,1,1,1
23/09/2026,Verde,SES3,06:00,368,366,366,366,367,"99,73",182,184,0,2,1,0,0,1,1,1,1,1
23/09/2026,Verde,SES3_X,06:00,364,364,364,364,364,100,136,228,0,0,0,0,0,0,0,0,0,0
23/09/2026,Verde,SGO1,06:00,862,860,860,860,860,"99,77",523,337,0,2,2,0,0,0,2,0,1,1
23/09/2026,Verde,SMG1,05:30,1158,1152,1151,1151,1153,"99,57",402,749,0,7,5,1,0,1,6,1,2,5
23/09/2026,Verde,SMG10,05:00,447,443,443,443,445,"99,55",3,440,0,4,2,0,0,2,2,2,0,4
23/09/2026,Verde,SMG13,06:00,245,244,244,244,244,"99,59",8,236,0,1,1,0,0,0,1,0,0,1
23/09/2026,Verde,SMG13_X,06:00,280,279,279,279,279,"99,64",6,273,0,1,1,0,0,0,1,0,0,1
23/09/2026,Verde,SMG14,05:00,719,716,716,716,716,"99,58",16,700,0,3,3,0,0,0,3,0,0,3
23/09/2026,Verde,SMG15,05:30,767,759,758,758,760,"99,09",131,627,0,9,7,1,0,1,8,1,1,8
23/09/2026,Verde,SMG18,05:30,581,579,579,579,580,"99,83",218,361,0,2,1,0,0,1,1,1,0,2
23/09/2026,Verde,SMG1_V,05:30,221,220,220,220,220,"99,55",5,215,0,1,1,0,0,0,1,0,0,1
23/09/2026,Verde,SMG2,05:00,1135,1126,1126,1126,1128,"99,38",368,758,0,9,7,0,0,2,7,2,1,8
23/09/2026,Verde,SMG8,05:30,951,945,945,945,948,"99,68",151,794,0,6,3,0,0,3,3,3,2,4
23/09/2026,Verde,SMR1,04:00,817,807,807,807,808,"98,9",336,471,0,10,9,0,0,1,9,1,6,4
23/09/2026,Verde,SMS1,06:00,514,510,510,510,511,"99,42",262,248,0,4,3,0,0,1,3,1,0,4
23/09/2026,Verde,SPA1,04:00,963,953,953,953,956,"99,27",457,496,0,10,7,0,0,3,7,3,7,3
23/09/2026,Verde,SPI1,06:00,691,685,685,685,685,"99,13",316,369,0,6,6,0,0,0,6,0,1,5
23/09/2026,Verde,SPI1,08:00,1,1,1,1,1,100,1,0,0,0,0,0,0,0,0,0,0,0
23/09/2026,Verde,SPR1,03:00,1431,1413,1413,1413,1420,"99,23",613,800,0,18,11,0,0,7,11,7,5,13
23/09/2026,Verde,SPR3,08:00,1,0,0,0,0,0,0,0,0,1,1,0,0,0,1,0,0,1
23/09/2026,Verde,SPR6,03:00,1138,1130,1129,1129,1135,"99,74",403,726,0,9,3,1,0,5,4,5,2,7
23/09/2026,Verde,SRJ8,04:00,1047,1039,1039,1039,1041,"99,43",244,795,0,8,6,0,0,2,6,2,1,7
23/09/2026,Verde,SRN1,06:00,360,357,357,357,358,"99,44",251,106,0,3,2,0,0,1,2,1,2,1
23/09/2026,Verde,SRS10,06:00,450,447,447,447,448,"99,56",179,268,0,3,2,0,0,1,2,1,0,3
23/09/2026,Verde,SRS2,08:00,521,515,515,515,515,"98,85",217,298,0,6,6,0,0,0,6,0,2,4
23/09/2026,Verde,SRS4,05:00,913,913,913,913,913,100,287,626,0,0,0,0,0,0,0,0,0,0
23/09/2026,Verde,SRS5,04:00,855,853,853,853,854,"99,88",322,531,0,2,1,0,0,1,1,1,0,2
23/09/2026,Verde,SSC1,13:00,795,791,791,791,793,"99,75",155,636,0,4,2,0,0,2,2,2,0,4
23/09/2026,Verde,SSC2,04:00,1210,1203,1203,1203,1205,"99,59",452,751,0,7,5,0,0,2,5,2,1,6
23/09/2026,Verde,SSC3,03:00,741,731,731,731,733,"98,92",298,433,0,10,8,0,0,2,8,2,4,6
23/09/2026,Verde,SSE1,06:00,668,662,662,662,664,"99,4",437,225,0,6,4,0,0,2,4,2,1,5
23/09/2026,Verde,SSP11,08:00,655,653,653,653,654,"99,85",200,453,0,2,1,0,0,1,1,1,1,1
23/09/2026,Verde,SSP23,03:00,1015,1011,1011,1011,1012,"99,7",289,722,0,4,3,0,0,1,3,1,1,3
23/09/2026,Verde,SSP29,03:00,953,946,946,946,946,"99,27",137,809,0,7,7,0,0,0,7,0,2,5
23/09/2026,Verde,SSP50,04:00,456,443,443,443,451,"98,9",79,364,0,13,5,0,0,8,5,8,0,13
23/09/2026,Verde,SSP50_V,04:00,75,67,67,67,72,96,12,55,0,8,3,0,0,5,3,5,0,8
23/09/2026,Verde,SSP52,13:00,560,558,558,558,559,"99,82",558,0,0,2,1,0,0,1,1,1,2,0
23/09/2026,Verde,SSP56,06:00,244,244,244,244,244,100,22,222,0,0,0,0,0,0,0,0,0,0
23/09/2026,Verde,SSP7,03:00,580,575,575,575,577,"99,48",12,563,0,5,3,0,0,2,3,2,0,5
23/09/2026,Verde,STO1,06:00,392,390,390,390,391,"99,74",78,312,0,2,1,0,0,1,1,1,0,2
23/09/2026,Verde,STO2,06:00,290,289,289,289,289,"99,66",166,123,0,1,1,0,0,0,1,0,1,0
23/09/2026,Verde,XSP23_3,06:00,1121,1099,1099,1099,1100,"98,13",352,747,0,22,21,0,0,1,21,1,8,14
23/09/2026,Verde,XSP9_1,04:00,597,586,586,586,592,"99,16",289,297,0,11,5,0,0,6,5,6,6,5
23/09/2026,Verde,XSP9_2,06:00,2549,2527,2527,2527,2539,"99,61",1525,1002,0,22,10,0,0,12,10,12,11,11
23/09/2026,Verde,XSP9_2,08:00,1,1,1,1,1,100,0,1,0,0,0,0,0,0,0,0,0,0
23/09/2026,Vermelha,SAL1,02:30,1175,1158,1158,1158,1158,"98,55",663,495,0,17,17,0,0,0,17,0,15,2
23/09/2026,Vermelha,SES1,02:30,501,497,497,497,498,"99,4",191,306,0,4,3,0,0,1,3,1,2,2
23/09/2026,Vermelha,SMG3,02:00,803,800,800,800,801,"99,75",4,796,0,3,2,0,0,1,2,1,0,3
23/09/2026,Vermelha,SMG5,01:30,520,516,516,516,516,"99,23",11,505,0,4,4,0,0,0,4,0,0,4
23/09/2026,Vermelha,SMG7,13:00,535,533,535,535,535,100,167,368,0,0,0,0,0,0,0,0,0,0
23/09/2026,Vermelha,SMN2,05:00,556,553,553,553,556,100,372,181,0,3,0,0,0,3,0,3,2,1
23/09/2026,Vermelha,SRJ1,01:30,1607,1602,1601,1601,1604,"99,81",517,1084,0,6,3,1,0,2,4,2,2,4
23/09/2026,Vermelha,SRJ10,01:00,1828,1807,1807,1807,1814,"99,23",687,1120,0,21,14,1,0,6,15,6,7,14
23/09/2026,Vermelha,SRJ10_V,01:00,86,85,85,85,85,"98,84",6,79,0,1,1,0,0,0,1,0,0,1
23/09/2026,Vermelha,SRJ13,01:30,710,708,707,707,708,"99,72",30,677,0,3,2,1,0,0,3,0,1,2
23/09/2026,Vermelha,SRJ2,02:00,1458,1448,1448,1448,1454,"99,73",444,1004,0,10,4,0,0,6,4,6,3,7
23/09/2026,Vermelha,SRJ3,02:30,892,887,887,887,888,"99,55",292,595,0,5,4,0,0,1,4,1,1,4
23/09/2026,Vermelha,SRJ6,01:30,1181,1176,1176,1176,1177,"99,66",415,761,0,5,4,0,0,1,4,1,1,4
23/09/2026,Vermelha,SRS8,03:00,119,116,116,116,118,"99,16",16,100,0,3,1,0,0,2,1,2,0,3
23/09/2026,Vermelha,SRS9,02:30,209,208,208,208,208,"99,52",157,51,0,1,1,0,0,0,1,0,1,0
23/09/2026,Vermelha,SRS9_V,02:30,44,41,41,41,41,"93,18",1,40,0,3,3,0,0,0,3,0,0,3
23/09/2026,Vermelha,SSC4,02:30,707,703,703,703,704,"99,58",182,521,0,4,3,1,0,0,4,0,0,4
23/09/2026,Vermelha,SSP1,02:00,739,724,724,724,730,"98,78",5,719,0,15,9,0,0,6,9,6,0,15
23/09/2026,Vermelha,SSP12,02:00,295,292,292,292,293,"99,32",107,185,0,3,2,0,0,1,2,1,0,3
23/09/2026,Vermelha,SSP13,01:00,902,881,881,881,882,"97,78",356,525,0,21,20,0,0,1,20,1,16,5
23/09/2026,Vermelha,SSP14,01:00,1178,1167,1167,1167,1169,"99,24",417,750,0,11,9,0,0,2,9,2,0,11
23/09/2026,Vermelha,SSP15,01:30,1359,1345,1347,1347,1352,"99,48",395,952,0,12,7,0,0,5,7,5,2,10
23/09/2026,Vermelha,SSP16,01:00,555,551,551,551,554,"99,82",90,461,0,4,1,0,0,3,1,3,0,4
23/09/2026,Vermelha,SSP18,02:30,650,643,643,643,645,"99,23",16,627,0,7,5,0,0,2,5,2,0,7
23/09/2026,Vermelha,SSP20,02:30,832,819,823,823,829,"99,64",30,793,0,9,3,0,0,6,3,6,0,9
23/09/2026,Vermelha,SSP22,01:00,804,799,799,799,801,"99,63",14,785,0,5,3,0,0,2,3,2,0,5
23/09/2026,Vermelha,SSP24,01:30,411,409,409,409,411,100,18,391,0,2,0,0,0,2,0,2,0,2
23/09/2026,Vermelha,SSP26,01:00,801,794,794,794,800,"99,88",203,591,0,7,1,1,0,5,2,5,1,6
23/09/2026,Vermelha,SSP27,02:30,656,648,648,648,651,"99,24",158,490,0,8,5,0,0,3,5,3,0,8
23/09/2026,Vermelha,SSP31,01:30,554,550,549,549,551,"99,46",251,298,0,5,3,1,0,1,4,1,4,1
23/09/2026,Vermelha,SSP37,02:30,647,646,646,646,647,100,20,626,0,1,0,0,0,1,0,1,0,1
23/09/2026,Vermelha,SSP38,02:30,757,751,751,751,754,"99,6",5,746,0,6,3,0,0,3,3,3,0,6
23/09/2026,Vermelha,SSP39,02:00,717,712,712,712,714,"99,58",250,462,0,5,3,0,0,2,3,2,1,4
23/09/2026,Vermelha,SSP4,01:00,975,970,970,970,973,"99,79",301,669,0,5,2,1,0,2,3,2,2,3
23/09/2026,Vermelha,SSP46,01:30,488,482,482,482,486,"99,59",193,289,0,6,2,1,0,3,3,3,1,5
23/09/2026,Vermelha,SSP6,02:00,683,678,677,677,680,"99,56",142,535,0,6,3,1,0,2,4,2,2,4
23/09/2026,Vermelha,SSP9,02:00,1222,1212,1212,1212,1217,"99,59",250,962,0,10,5,0,0,5,5,5,4,6
23/09/2026,Vermelha,SSP9_V,02:00,107,107,107,107,107,100,11,96,0,0,0,0,0,0,0,0,0,0
23/09/2026,Vermelha,XSP9_6,06:00,3930,3916,3916,3916,3923,"99,82",1995,1921,0,14,7,1,0,6,8,6,9,5
23/09/2026,Vermelha,XSP9_6,08:00,1,1,0,0,1,100,0,0,0,1,0,1,0,0,1,0,1,0
22/09/2026,Amarela,SBA6,04:00,801,791,790,790,794,"99,13",447,343,0,11,7,1,0,3,8,3,3,8
22/09/2026,Amarela,SDF1,03:00,954,941,941,941,946,"99,16",533,408,0,13,8,1,0,4,9,4,6,7
22/09/2026,Amarela,SDF2,03:00,499,497,497,497,498,"99,8",265,232,0,2,1,0,0,1,1,1,0,2
22/09/2026,Amarela,SES2,04:00,486,482,482,482,483,"99,38",147,335,0,4,3,0,0,1,3,1,0,4
22/09/2026,Amarela,SMG11,04:00,628,618,618,618,623,"99,2",146,472,0,10,5,0,0,5,5,5,0,10
22/09/2026,Amarela,SMG12,03:00,564,559,559,559,562,"99,65",65,494,0,5,2,0,0,3,2,3,0,5
22/09/2026,Amarela,SMG4,03:00,8,8,8,8,8,100,2,6,0,0,0,0,0,0,0,0,0,0
22/09/2026,Amarela,SMG6,03:00,835,803,803,803,805,"96,41",126,677,0,32,30,0,0,2,30,2,1,31
22/09/2026,Amarela,SMG9,02:30,950,922,922,922,935,"98,42",130,792,0,28,15,0,0,13,15,13,1,27
22/09/2026,Amarela,SMN1,04:00,731,716,716,716,717,"98,08",220,496,0,15,14,0,0,1,14,1,3,12
22/09/2026,Amarela,SMS2,03:00,673,671,671,671,672,"99,85",298,373,0,2,1,0,0,1,1,1,1,1
22/09/2026,Amarela,SPA2,04:00,653,649,649,649,652,"99,85",257,392,0,4,1,0,0,3,1,3,0,4
22/09/2026,Amarela,SPE1,04:00,1135,1127,1127,1127,1128,"99,38",679,448,0,8,7,0,0,1,7,1,3,5
22/09/2026,Amarela,SPR10,04:00,565,558,558,558,563,"99,65",180,378,0,7,2,0,0,5,2,5,1,6
22/09/2026,Amarela,SPR2,03:00,628,618,618,618,624,"99,36",8,610,0,10,4,0,0,6,4,6,0,10
22/09/2026,Amarela,SPR4,08:00,465,462,462,462,462,"99,35",132,330,0,3,3,0,0,0,3,0,0,3
22/09/2026,Amarela,SPR5,03:00,293,292,292,292,293,100,26,266,0,1,0,0,0,1,0,1,0,1
22/09/2026,Amarela,SPR7,03:00,635,627,627,627,629,"99,06",149,478,0,8,6,0,0,2,6,2,1,7
22/09/2026,Amarela,SPR8,04:00,1103,1090,1090,1090,1101,"99,82",282,808,0,13,2,0,0,11,2,11,2,11
22/09/2026,Amarela,SPR8_V,04:00,237,235,235,235,236,"99,58",16,219,0,2,1,0,0,1,1,1,0,2
22/09/2026,Amarela,SRJ12,04:00,89,89,89,89,89,100,64,25,0,0,0,0,0,0,0,0,0,0
22/09/2026,Amarela,SRJ4,04:00,880,871,871,871,874,"99,32",184,687,0,9,6,0,0,3,6,3,2,7
22/09/2026,Amarela,SRJ5,04:00,477,469,470,470,473,"99,16",111,359,0,7,4,0,0,3,4,3,0,7
22/09/2026,Amarela,SRJ7,04:00,364,357,357,357,360,"98,9",91,266,0,7,4,0,0,3,4,3,1,6
22/09/2026,Amarela,SRJ9,04:00,13,13,13,13,13,100,3,10,0,0,0,0,0,0,0,0,0,0
22/09/2026,Amarela,SRS1,04:00,373,363,363,363,372,"99,73",120,243,0,10,1,0,0,9,1,9,1,9
22/09/2026,Amarela,SRS3,08:00,585,573,573,573,580,"99,15",177,396,0,12,5,0,0,7,5,7,1,11
22/09/2026,Amarela,SSC5,06:00,3,0,0,0,3,100,0,0,0,3,0,0,0,3,0,3,0,3
22/09/2026,Amarela,SSC5,08:00,602,594,594,594,596,99,85,509,0,8,6,0,0,2,6,2,3,5
22/09/2026,Amarela,SSC7,04:00,575,560,560,560,564,"98,09",163,397,0,15,11,0,0,4,11,4,0,15
22/09/2026,Amarela,SSC8,03:00,735,727,727,727,732,"99,59",173,554,0,8,3,0,0,5,3,5,0,8
22/09/2026,Amarela,SSC9,03:00,755,751,751,751,753,"99,74",270,481,0,4,2,0,0,2,2,2,0,4
22/09/2026,Amarela,SSP10,04:00,537,530,530,530,535,"99,63",35,495,0,7,2,0,0,5,2,5,0,7
22/09/2026,Amarela,SSP17,02:30,612,588,588,588,604,"98,69",10,578,0,24,8,0,0,16,8,16,0,24
22/09/2026,Amarela,SSP17_V,02:30,119,117,117,117,118,"99,16",13,104,0,2,1,0,0,1,1,1,0,2
22/09/2026,Amarela,SSP21,03:00,468,462,462,462,465,"99,36",67,395,0,6,3,0,0,3,3,3,0,6
22/09/2026,Amarela,SSP25,03:00,1122,1096,1096,1096,1104,"98,4",258,838,0,26,18,0,0,8,18,8,1,25
22/09/2026,Amarela,SSP28,04:00,391,377,377,377,383,"97,95",74,303,0,14,8,0,0,6,8,6,0,14
22/09/2026,Amarela,SSP3,02:30,701,691,691,691,698,"99,57",16,675,0,10,3,0,0,7,3,7,0,10
22/09/2026,Amarela,SSP30,03:00,1364,1327,1327,1327,1340,"98,24",258,1069,0,37,24,0,0,13,24,13,0,37
22/09/2026,Amarela,SSP34,03:00,871,859,859,859,863,"99,08",187,672,0,12,8,0,0,4,8,4,1,11
22/09/2026,Amarela,SSP36,05:30,610,591,591,591,595,"97,54",65,526,0,19,15,0,0,4,15,4,2,17
22/09/2026,Amarela,SSP40,03:00,691,666,666,666,682,"98,7",116,550,0,25,9,0,0,16,9,16,2,23
22/09/2026,Amarela,SSP40_V,03:00,92,90,90,90,90,"97,83",17,73,0,2,2,0,0,0,2,0,0,2
22/09/2026,Amarela,SSP45,03:00,744,724,724,724,737,"99,06",172,552,0,20,7,0,0,13,7,13,0,20
22/09/2026,Amarela,SSP45_V,03:00,105,99,99,99,99,"94,29",8,91,0,6,6,0,0,0,6,0,0,6
22/09/2026,Amarela,SSP48,03:00,704,686,686,686,689,"97,87",48,638,0,18,15,0,0,3,15,3,0,18
22/09/2026,Amarela,SSP49,03:00,317,316,316,316,316,"99,68",58,258,0,1,1,0,0,0,1,0,0,1
22/09/2026,Amarela,SSP5,03:00,1042,1032,1032,1032,1041,"99,9",205,827,0,10,1,0,0,9,1,9,0,10
22/09/2026,Amarela,SSP5_V,03:00,120,118,118,118,118,"98,33",11,107,0,2,2,0,0,0,2,0,0,2
22/09/2026,Amarela,SSP8,02:30,1673,1652,1652,1652,1666,"99,58",411,1241,0,21,7,0,0,14,7,14,0,21
22/09/2026,Amarela,XSP17_1,06:00,880,866,866,866,874,"99,32",68,798,0,14,6,0,0,8,6,8,0,14
22/09/2026,Amarela,XSP17_2,06:00,1,0,0,0,1,100,0,0,0,1,0,0,0,1,0,1,0,1
22/09/2026,Amarela,XSP17_2,08:00,913,895,895,895,906,"99,23",120,775,0,18,7,0,0,11,7,11,0,18
22/09/2026,Amarela,XSP17_3,08:00,565,547,547,547,559,"98,94",167,380,0,18,6,0,9,3,15,3,2,16
22/09/2026,Amarela,XSP24_6,06:00,456,447,447,447,454,"99,56",83,364,0,9,2,0,0,7,2,7,2,7
22/09/2026,Amarela,XSP9_3,08:00,443,434,434,434,440,"99,32",92,342,0,9,3,0,0,6,3,6,3,6
22/09/2026,Azul,SAL1_C,02:00,255,254,254,254,254,"99,61",11,243,0,1,1,0,0,0,1,0,1,0
22/09/2026,Azul,SAM1_A,05:00,422,419,419,419,420,"99,53",154,265,0,3,2,0,0,1,2,1,1,2
22/09/2026,Azul,SBA1_A,01:30,501,495,489,489,496,99,104,385,0,12,5,6,0,1,11,1,7,5
22/09/2026,Azul,SBA2_C,02:00,561,560,560,560,561,100,8,552,0,1,0,0,0,1,0,1,0,1
22/09/2026,Azul,SBA6_A,01:00,415,413,412,412,415,100,17,395,0,3,0,1,0,2,1,2,1,2
22/09/2026,Azul,SCE1_C,02:00,69,69,69,69,69,100,5,64,0,0,0,0,0,0,0,0,0,0
22/09/2026,Azul,SCE3_A,01:00,150,149,149,149,149,"99,33",14,135,0,1,1,0,0,0,1,0,0,1
22/09/2026,Azul,SDF1_A,01:30,489,488,488,488,489,100,45,443,0,1,0,0,0,1,0,1,0,1
22/09/2026,Azul,SDF2_A,01:30,262,262,262,262,262,100,15,247,0,0,0,0,0,0,0,0,0,0
22/09/2026,Azul,SES1_A,01:30,573,566,566,566,569,"99,3",32,534,0,7,4,0,0,3,4,3,1,6
22/09/2026,Azul,SGO1_A,01:00,350,344,345,345,350,100,7,338,0,5,0,0,0,5,0,5,0,5
22/09/2026,Azul,SGO3_A,01:00,336,335,335,335,335,"99,7",12,323,0,1,1,0,0,0,1,0,0,1
22/09/2026,Azul,SJP1X_A,05:00,205,202,202,202,203,"99,02",77,125,0,3,2,0,0,1,2,1,3,0
22/09/2026,Azul,SJP1_A,05:00,330,327,327,327,328,"99,39",120,207,0,3,2,0,0,1,2,1,2,1
22/09/2026,Azul,SMN1_A,05:00,385,383,383,383,384,"99,74",54,329,0,2,1,0,0,1,1,1,1,1
22/09/2026,Azul,SMN2_C,05:00,66,66,66,66,66,100,1,65,0,0,0,0,0,0,0,0,0,0
22/09/2026,Azul,SMR1_A,01:00,399,399,399,399,399,100,28,371,0,0,0,0,0,0,0,0,0,0
22/09/2026,Azul,SMR2_A,01:00,254,253,253,253,253,"99,61",46,207,0,1,1,0,0,0,1,0,0,1
22/09/2026,Azul,SPA1_C,05:00,140,140,140,140,140,100,4,136,0,0,0,0,0,0,0,0,0,0
22/09/2026,Azul,SPE1_A,01:00,496,494,494,494,495,"99,8",173,321,0,2,1,0,0,1,1,1,1,1
22/09/2026,Azul,SPI1_A,05:00,380,375,375,375,375,"98,68",40,335,0,5,5,0,0,0,5,0,1,4
22/09/2026,Azul,SRN1_A,05:00,200,199,199,199,199,"99,5",89,110,0,1,1,0,0,0,1,0,0,1
22/09/2026,Azul,SRN2_A,05:00,178,178,178,178,178,100,79,99,0,0,0,0,0,0,0,0,0,0
22/09/2026,Azul,SRS1_A,01:30,301,300,300,300,300,"99,67",1,299,0,1,1,0,0,0,1,0,0,1
22/09/2026,Azul,SRS8_A,01:30,346,340,340,340,345,"99,71",3,337,0,6,1,0,0,5,1,5,0,6
22/09/2026,Azul,SRS9_A,01:30,138,135,135,135,137,"99,28",0,135,0,3,1,0,0,2,1,2,0,3
22/09/2026,Azul,SSE1_C,02:00,346,344,344,344,345,"99,71",5,339,0,2,1,0,0,1,1,1,0,2
22/09/2026,Rosa,FSP2_R,06:00,2070,2035,2035,2035,2044,"98,74",0,2035,0,35,26,0,0,9,26,9,0,35
22/09/2026,Rosa,XSP1_R,06:00,322,248,248,248,318,"98,76",0,248,0,74,4,0,0,70,4,70,0,74
22/09/2026,Rosa,XSP27_R,08:00,190,182,182,182,184,"96,84",0,182,0,8,6,0,0,2,6,2,0,8
22/09/2026,Verde,CVLHUB,08:00,137,135,135,135,135,"98,54",0,135,0,2,2,0,0,0,2,0,0,2
22/09/2026,Verde,JADHUB,13:00,449,440,440,440,444,"98,89",1,439,0,9,5,0,0,4,5,4,0,9
22/09/2026,Verde,JETSL1,13:00,7576,7535,7535,7535,7560,"99,79",6638,897,0,41,16,1,0,24,17,24,27,14
22/09/2026,Verde,LOGHUB,13:00,172,170,170,170,170,"98,84",2,168,0,2,2,0,0,0,2,0,2,0
22/09/2026,Verde,SBA1,04:00,434,431,431,431,433,"99,77",145,286,0,3,1,0,0,2,1,2,0,3
22/09/2026,Verde,SBA2,08:00,488,483,483,483,483,"98,98",213,270,0,5,5,0,0,0,5,0,0,5
22/09/2026,Verde,SBA3,08:00,798,795,795,795,796,"99,75",123,672,0,3,2,0,0,1,2,1,0,3
22/09/2026,Verde,SBA4,06:00,1,0,0,0,1,100,0,0,0,1,0,0,0,1,0,1,1,0
22/09/2026,Verde,SBA4,08:00,1127,1112,1112,1112,1115,"98,94",196,916,0,15,12,0,0,3,12,3,0,15
22/09/2026,Verde,SBA7,08:00,784,778,778,778,781,"99,62",139,639,0,6,3,0,0,3,3,3,1,5
22/09/2026,Verde,SES3,08:00,328,327,327,327,327,"99,7",107,220,0,1,1,0,0,0,1,0,0,1
22/09/2026,Verde,SES3_X,08:00,381,381,381,381,381,100,86,295,0,0,0,0,0,0,0,0,0,0
22/09/2026,Verde,SGO1,08:00,769,763,763,763,764,"99,35",374,389,0,6,5,0,0,1,5,1,3,3
22/09/2026,Verde,SMG1,05:30,1059,1035,1035,1035,1044,"98,58",246,789,0,24,15,0,0,9,15,9,6,18
22/09/2026,Verde,SMG10,05:00,517,510,510,510,512,"99,03",7,503,0,7,5,0,0,2,5,2,0,7
22/09/2026,Verde,SMG13,08:00,380,380,380,380,380,100,82,298,0,0,0,0,0,0,0,0,0,0
22/09/2026,Verde,SMG13_X,08:00,377,375,375,375,376,"99,73",84,291,0,2,1,0,0,1,1,1,0,2
22/09/2026,Verde,SMG14,05:00,1041,1035,1035,1035,1038,"99,71",189,846,0,6,3,0,0,3,3,3,2,4
22/09/2026,Verde,SMG15,05:30,948,941,941,941,944,"99,58",122,819,0,7,4,0,0,3,4,3,2,5
22/09/2026,Verde,SMG18,05:30,565,559,559,559,561,"99,29",138,421,0,6,4,0,0,2,4,2,1,5
22/09/2026,Verde,SMG1_V,05:30,230,221,220,220,222,"96,52",11,209,0,10,8,1,0,1,9,1,0,10
22/09/2026,Verde,SMG2,05:00,1132,1118,1118,1118,1123,"99,2",213,905,0,14,9,0,0,5,9,5,1,13
22/09/2026,Verde,SMG8,05:30,1073,1054,1054,1054,1063,"99,07",138,916,0,19,10,0,0,9,10,9,6,13
22/09/2026,Verde,SMR1,04:00,1047,1028,1028,1028,1036,"98,95",171,857,0,19,11,1,0,7,12,7,9,10
22/09/2026,Verde,SMS1,08:00,471,466,466,466,467,"99,15",183,283,0,5,4,0,0,1,4,1,0,5
22/09/2026,Verde,SPA1,04:00,965,947,947,947,956,"99,07",385,562,0,18,9,0,0,9,9,9,11,7
22/09/2026,Verde,SPI1,08:00,372,367,367,367,368,"98,92",195,172,0,5,4,0,0,1,4,1,1,4
22/09/2026,Verde,SPR1,03:00,1484,1458,1458,1458,1471,"99,12",509,949,0,26,13,0,0,13,13,13,16,10
22/09/2026,Verde,SPR6,03:00,1179,1162,1162,1162,1173,"99,49",247,915,0,17,6,0,0,11,6,11,12,5
22/09/2026,Verde,SRJ8,04:00,999,994,993,993,999,100,128,865,0,6,0,1,0,5,1,5,1,5
22/09/2026,Verde,SRN1,08:00,260,257,257,257,259,"99,62",112,145,0,3,1,0,0,2,1,2,2,1
22/09/2026,Verde,SRS10,06:00,5,0,0,0,4,80,0,0,0,5,1,0,0,4,1,4,0,5
22/09/2026,Verde,SRS10,08:00,493,489,489,489,491,"99,59",153,336,0,4,2,0,0,2,2,2,1,3
22/09/2026,Verde,SRS2,08:00,435,431,431,431,433,"99,54",166,265,0,4,2,0,0,2,2,2,1,3
22/09/2026,Verde,SRS4,05:00,749,736,736,736,743,"99,2",382,354,0,13,6,0,0,7,6,7,1,12
22/09/2026,Verde,SRS5,04:00,840,830,830,830,837,"99,64",245,585,0,10,3,0,0,7,3,7,0,10
22/09/2026,Verde,SSC1,13:00,968,961,961,961,965,"99,69",167,794,0,7,3,0,0,4,3,4,1,6
22/09/2026,Verde,SSC2,04:00,1176,1159,1159,1159,1169,"99,4",343,816,0,17,7,0,0,10,7,10,8,9
22/09/2026,Verde,SSC3,03:00,790,778,778,778,787,"99,62",191,587,0,12,3,0,0,9,3,9,6,6
22/09/2026,Verde,SSE1,08:00,712,706,706,706,707,"99,3",432,274,0,6,5,0,0,1,5,1,1,5
22/09/2026,Verde,SSP11,08:00,720,714,714,714,718,"99,72",125,589,0,6,2,0,0,4,2,4,0,6
22/09/2026,Verde,SSP23,03:00,942,910,910,910,936,"99,36",151,759,0,32,6,10,0,16,16,16,1,31
22/09/2026,Verde,SSP29,03:00,902,887,887,887,892,"98,89",118,769,0,15,10,0,0,5,10,5,3,12
22/09/2026,Verde,SSP50,04:00,497,477,477,477,492,"98,99",52,425,0,20,5,0,0,15,5,15,0,20
22/09/2026,Verde,SSP50_V,04:00,52,48,48,48,51,"98,08",13,35,0,4,1,0,0,3,1,3,0,4
22/09/2026,Verde,SSP52,13:00,111,108,108,108,110,"99,1",108,0,0,3,1,0,0,2,1,2,3,0
22/09/2026,Verde,SSP56,08:00,311,308,308,308,308,"99,04",72,236,0,3,3,0,0,0,3,0,0,3
22/09/2026,Verde,SSP7,03:00,706,695,695,695,702,"99,43",60,635,0,11,4,0,0,7,4,7,0,11
22/09/2026,Verde,STO1,08:00,489,481,481,481,487,"99,59",141,340,0,8,2,5,0,1,7,1,6,2
22/09/2026,Verde,STO2,08:00,284,281,281,281,282,"99,3",144,137,0,3,2,0,0,1,2,1,0,3
22/09/2026,Verde,XSP23_3,06:00,1,0,0,0,1,100,0,0,0,1,0,0,0,1,0,1,0,1
22/09/2026,Verde,XSP23_3,08:00,1127,1108,1108,1108,1119,"99,29",186,922,0,19,8,0,0,11,8,11,5,14
22/09/2026,Verde,XSP9_1,04:00,501,488,488,488,495,"98,8",172,316,0,13,6,0,0,7,6,7,5,8
22/09/2026,Verde,XSP9_2,06:00,1,0,0,0,1,100,0,0,0,1,0,0,0,1,0,1,0,1
22/09/2026,Verde,XSP9_2,08:00,1979,1949,1949,1949,1971,"99,6",725,1224,0,30,8,0,0,22,8,22,13,17
22/09/2026,Vermelha,SAL1,02:30,991,978,977,977,979,"98,79",426,551,0,14,12,1,0,1,13,1,6,8
22/09/2026,Vermelha,SES1,02:30,706,696,696,696,701,"99,29",303,393,0,10,5,0,0,5,5,5,5,5
22/09/2026,Vermelha,SMG3,02:00,576,567,567,567,569,"98,78",20,547,0,9,7,0,0,2,7,2,0,9
22/09/2026,Vermelha,SMG5,01:30,622,617,617,617,618,"99,36",118,499,0,5,4,0,0,1,4,1,1,4
22/09/2026,Vermelha,SMG7,13:00,523,520,520,520,522,"99,81",102,418,0,3,1,0,0,2,1,2,0,3
22/09/2026,Vermelha,SMN2,05:00,353,349,349,349,353,100,177,172,0,4,0,0,0,4,0,4,0,4
22/09/2026,Vermelha,SRJ1,01:30,1537,1524,1524,1524,1532,"99,67",338,1186,0,13,5,0,0,8,5,8,3,10
22/09/2026,Vermelha,SRJ10,01:00,1555,1540,1540,1540,1543,"99,23",353,1187,0,15,12,0,0,3,12,3,3,12
22/09/2026,Vermelha,SRJ10_V,01:00,178,171,171,171,174,"97,75",12,159,0,7,4,1,0,2,5,2,0,7
22/09/2026,Vermelha,SRJ13,01:30,809,799,799,799,802,"99,13",52,747,0,10,7,0,0,3,7,3,1,9
22/09/2026,Vermelha,SRJ2,02:00,1394,1378,1378,1378,1383,"99,21",339,1039,0,16,11,0,0,5,11,5,1,15
22/09/2026,Vermelha,SRJ3,02:30,1083,1063,1063,1063,1069,"98,71",226,837,0,20,14,1,0,5,15,5,6,14
22/09/2026,Vermelha,SRJ6,01:30,1163,1154,1153,1153,1162,"99,91",240,913,0,10,1,1,0,8,2,8,1,9
22/09/2026,Vermelha,SRS8,03:00,191,184,184,184,188,"98,43",66,118,0,7,3,0,0,4,3,4,1,6
22/09/2026,Vermelha,SRS9,02:30,243,230,230,230,241,"99,18",146,84,0,13,2,0,0,11,2,11,0,13
22/09/2026,Vermelha,SRS9_V,02:30,53,53,53,53,53,100,23,30,0,0,0,0,0,0,0,0,0,0
22/09/2026,Vermelha,SSC4,02:30,856,848,848,848,850,"99,3",119,729,0,8,6,0,0,2,6,2,1,7
22/09/2026,Vermelha,SSP1,02:00,735,727,727,727,730,"99,32",5,722,0,8,5,0,0,3,5,3,0,8
22/09/2026,Vermelha,SSP12,02:00,276,275,275,275,276,100,72,203,0,1,0,0,0,1,0,1,0,1
22/09/2026,Vermelha,SSP13,01:00,1000,986,986,986,995,"99,5",253,733,0,14,5,2,0,7,7,7,0,14
22/09/2026,Vermelha,SSP14,01:00,1130,1113,1111,1111,1121,"99,2",275,836,0,19,9,3,0,7,12,7,0,19
22/09/2026,Vermelha,SSP15,01:30,1414,1390,1390,1390,1397,"98,8",321,1069,0,24,17,0,0,7,17,7,0,24
22/09/2026,Vermelha,SSP16,01:00,715,705,705,705,707,"98,88",160,545,0,10,8,0,0,2,8,2,1,9
22/09/2026,Vermelha,SSP18,02:30,734,725,725,725,730,"99,46",24,701,0,9,4,0,0,5,4,5,0,9
22/09/2026,Vermelha,SSP20,02:30,1253,1241,1241,1241,1246,"99,44",270,971,0,12,7,0,0,5,7,5,1,11
22/09/2026,Vermelha,SSP22,01:00,912,896,896,896,902,"98,9",42,854,0,16,10,0,0,6,10,6,0,16
22/09/2026,Vermelha,SSP24,01:30,537,531,531,531,531,"98,88",84,447,0,6,6,0,0,0,6,0,5,1
22/09/2026,Vermelha,SSP26,01:00,783,775,775,775,780,"99,62",126,649,0,8,3,0,0,5,3,5,0,8
22/09/2026,Vermelha,SSP27,02:30,666,663,663,663,663,"99,55",118,545,0,3,3,0,0,0,3,0,0,3
22/09/2026,Vermelha,SSP31,01:30,522,518,512,512,521,"99,81",171,341,0,10,1,6,0,3,7,3,0,10
22/09/2026,Vermelha,SSP37,02:30,652,648,648,648,652,100,10,638,0,4,0,0,0,4,0,4,0,4
22/09/2026,Vermelha,SSP38,02:30,932,924,924,924,931,"99,89",7,917,0,8,1,0,0,7,1,7,0,8
22/09/2026,Vermelha,SSP39,02:00,689,688,688,688,689,100,180,508,0,1,0,0,0,1,0,1,0,1
22/09/2026,Vermelha,SSP4,01:00,870,861,861,861,866,"99,54",222,639,0,9,4,1,0,4,5,4,2,7
22/09/2026,Vermelha,SSP46,01:30,488,479,479,479,483,"98,98",148,331,0,9,5,0,0,4,5,4,0,9
22/09/2026,Vermelha,SSP6,02:00,751,746,731,731,749,"99,73",139,592,0,20,2,15,0,3,17,3,0,20
22/09/2026,Vermelha,SSP9,02:00,1056,1049,1049,1049,1051,"99,53",85,964,0,7,5,0,0,2,5,2,2,5
22/09/2026,Vermelha,SSP9_V,02:00,115,115,115,115,115,100,8,107,0,0,0,0,0,0,0,0,0,0
22/09/2026,Vermelha,XSP9_6,06:00,21,0,0,0,21,100,0,0,0,21,0,0,0,21,0,21,0,21
22/09/2026,Vermelha,XSP9_6,08:00,3427,3404,3398,3398,3416,"99,68",1194,2204,0,29,11,6,0,12,17,12,9,20
21/09/2026,Amarela,SBA6,04:00,411,401,401,401,405,"98,54",1,400,0,10,6,0,0,4,6,4,1,9
21/09/2026,Amarela,SDF1,03:00,709,683,683,683,702,"99,01",0,683,0,26,7,0,0,19,7,19,0,26
21/09/2026,Amarela,SDF2,03:00,413,405,405,405,412,"99,76",78,327,0,8,1,0,0,7,1,7,0,8
21/09/2026,Amarela,SES2,04:00,534,520,520,520,529,"99,06",0,520,0,14,5,0,0,9,5,9,0,14
21/09/2026,Amarela,SMG11,04:00,704,685,685,685,694,"98,58",0,685,0,19,10,0,0,9,10,9,0,19
21/09/2026,Amarela,SMG12,03:00,733,722,722,722,728,"99,32",0,722,0,11,5,0,0,6,5,6,0,11
21/09/2026,Amarela,SMG4,03:00,69,64,64,64,68,"98,55",0,64,0,5,1,0,0,4,1,4,0,5
21/09/2026,Amarela,SMG6,03:00,956,941,941,941,950,"99,37",0,941,0,15,6,0,0,9,6,9,0,15
21/09/2026,Amarela,SMG9,02:30,959,931,931,931,943,"98,33",0,931,0,28,16,0,0,12,16,12,0,28
21/09/2026,Amarela,SMN1,04:00,644,641,641,641,642,"99,69",0,641,0,3,2,0,0,1,2,1,0,3
21/09/2026,Amarela,SMS2,03:00,519,514,514,514,515,"99,23",0,514,0,5,4,0,0,1,4,1,0,5
21/09/2026,Amarela,SPA2,04:00,729,710,710,710,723,"99,18",152,558,0,19,6,0,0,13,6,13,1,18
21/09/2026,Amarela,SPE1,04:00,593,583,583,583,583,"98,31",3,580,0,10,10,0,0,0,10,0,0,10
21/09/2026,Amarela,SPR10,04:00,615,607,605,605,612,"99,51",0,605,0,10,3,2,0,5,5,5,0,10
21/09/2026,Amarela,SPR2,03:00,928,917,917,917,924,"99,57",0,917,0,11,4,0,0,7,4,7,0,11
21/09/2026,Amarela,SPR4,08:00,511,502,502,502,506,"99,02",0,502,0,9,5,0,0,4,5,4,0,9
21/09/2026,Amarela,SPR5,03:00,485,471,471,471,482,"99,38",0,471,0,14,3,0,0,11,3,11,0,14
21/09/2026,Amarela,SPR7,04:00,753,740,740,740,749,"99,47",3,737,0,13,4,0,0,9,4,9,0,13
21/09/2026,Amarela,SPR8,04:00,1273,1248,1248,1248,1257,"98,74",0,1248,0,25,16,0,0,9,16,9,0,25
21/09/2026,Amarela,SPR8_V,04:00,492,461,459,459,490,"99,59",2,457,0,33,2,2,0,29,4,29,0,33
21/09/2026,Amarela,SRJ12,04:00,165,24,24,24,162,"98,18",0,24,0,141,3,0,0,138,3,138,0,141
21/09/2026,Amarela,SRJ4,04:00,960,942,941,941,955,"99,48",0,941,0,19,5,1,0,13,6,13,0,19
21/09/2026,Amarela,SRJ5,04:00,550,545,545,545,549,"99,82",0,545,0,5,1,0,0,4,1,4,0,5
21/09/2026,Amarela,SRJ7,04:00,420,410,410,410,416,"99,05",0,410,0,10,4,0,0,6,4,6,0,10
21/09/2026,Amarela,SRJ9,04:00,20,11,11,11,20,100,0,11,0,9,0,0,0,9,0,9,0,9
21/09/2026,Amarela,SRS1,04:00,454,451,449,449,454,100,0,449,0,5,0,2,0,3,2,3,0,5
21/09/2026,Amarela,SRS3,08:00,580,564,564,564,580,100,0,564,0,16,0,0,0,16,0,16,0,16
21/09/2026,Amarela,SSC5,08:00,918,910,910,910,913,"99,46",0,910,0,8,5,0,0,3,5,3,0,8
21/09/2026,Amarela,SSC7,04:00,730,725,725,725,730,100,0,725,0,5,0,0,0,5,0,5,0,5
21/09/2026,Amarela,SSC8,03:00,831,793,793,793,828,"99,64",0,793,0,38,3,0,0,35,3,35,0,38
21/09/2026,Amarela,SSC9,03:00,818,804,804,804,813,"99,39",0,804,0,14,5,0,0,9,5,9,0,14
21/09/2026,Amarela,SSP10,04:00,742,731,731,731,737,"99,33",0,731,0,11,5,0,0,6,5,6,0,11
21/09/2026,Amarela,SSP17,02:30,954,905,927,927,943,"98,85",13,914,0,27,11,0,0,16,11,16,0,27
21/09/2026,Amarela,SSP17_V,02:30,270,241,241,241,267,"98,89",15,226,0,29,3,2,0,24,5,24,0,29
21/09/2026,Amarela,SSP21,03:00,574,562,562,562,573,"99,83",0,562,0,12,1,0,0,11,1,11,0,12
21/09/2026,Amarela,SSP25,03:00,1132,1111,1111,1111,1125,"99,38",1,1110,0,21,7,0,0,14,7,14,0,21
21/09/2026,Amarela,SSP28,04:00,431,414,414,414,426,"98,84",0,414,0,17,5,0,0,12,5,12,0,17
21/09/2026,Amarela,SSP3,02:30,990,925,946,946,981,"99,09",0,946,0,44,9,6,0,29,15,29,0,44
21/09/2026,Amarela,SSP30,03:00,1598,1584,1584,1584,1595,"99,81",259,1325,0,14,3,0,0,11,3,11,0,14
21/09/2026,Amarela,SSP34,03:00,997,983,983,983,991,"99,4",0,983,0,14,6,0,0,8,6,8,0,14
21/09/2026,Amarela,SSP36,05:30,755,729,729,729,740,"98,01",2,727,0,26,15,0,0,11,15,11,0,26
21/09/2026,Amarela,SSP40,03:00,692,677,677,677,687,"99,28",0,677,0,15,5,0,0,10,5,10,0,15
21/09/2026,Amarela,SSP40_V,03:00,111,103,103,103,108,"97,3",2,101,0,8,3,0,0,5,3,5,0,8
21/09/2026,Amarela,SSP45,03:00,779,768,2,2,776,"99,61",0,2,0,777,3,0,0,774,3,774,0,777
21/09/2026,Amarela,SSP45_V,03:00,193,179,2,2,191,"98,96",2,0,0,191,2,0,0,189,2,189,0,191
21/09/2026,Amarela,SSP48,03:00,1083,1060,1059,1059,1067,"98,52",106,953,0,24,16,0,0,8,16,8,2,22
21/09/2026,Amarela,SSP49,03:00,373,373,373,373,373,100,1,372,0,0,0,0,0,0,0,0,0,0
21/09/2026,Amarela,SSP5,03:00,1168,1154,1154,1154,1161,"99,4",1,1153,0,14,7,0,0,7,7,7,0,14
21/09/2026,Amarela,SSP5_V,03:00,328,325,325,325,325,"99,09",4,321,0,3,3,0,0,0,3,0,0,3
21/09/2026,Amarela,SSP8,02:30,1581,1549,1548,1548,1572,"99,43",1,1547,0,33,9,1,0,23,10,23,0,33
21/09/2026,Amarela,XSP17_1,06:00,1010,934,934,934,995,"98,51",0,934,0,76,15,0,0,61,15,61,0,76
21/09/2026,Amarela,XSP17_2,08:00,974,923,923,923,960,"98,56",0,923,0,51,14,0,0,37,14,37,0,51
21/09/2026,Amarela,XSP17_3,08:00,710,678,678,678,702,"98,87",120,558,0,32,8,0,0,24,8,24,0,32
21/09/2026,Amarela,XSP24_6,06:00,600,564,564,564,595,"99,17",35,529,0,36,5,0,0,31,5,31,0,36
21/09/2026,Amarela,XSP9_3,08:00,814,785,785,785,812,"99,75",57,728,0,29,2,0,0,27,2,27,0,29
21/09/2026,Azul,SAL1_C,02:00,273,273,273,273,273,100,4,269,0,0,0,0,0,0,0,0,0,0
21/09/2026,Azul,SAM1_A,05:00,456,455,455,455,456,100,41,414,0,1,0,0,0,1,0,1,0,1
21/09/2026,Azul,SBA1_A,01:30,1112,1107,1107,1107,1107,"99,55",541,566,0,5,5,0,0,0,5,0,3,2
21/09/2026,Azul,SBA2_C,02:00,762,758,758,758,760,"99,74",0,758,0,4,2,0,0,2,2,2,0,4
21/09/2026,Azul,SBA6_A,01:00,1027,1020,1020,1020,1023,"99,61",247,773,0,7,4,0,0,3,4,3,3,4
21/09/2026,Azul,SCE1_C,02:00,86,86,86,86,86,100,1,85,0,0,0,0,0,0,0,0,0,0
21/09/2026,Azul,SCE3_A,01:00,546,546,546,546,546,100,288,258,0,0,0,0,0,0,0,0,0,0
21/09/2026,Azul,SDF1_A,01:30,1022,1020,1020,1020,1021,"99,9",258,762,0,2,1,0,0,1,1,1,0,2
21/09/2026,Azul,SDF2_A,01:30,470,469,469,469,470,100,117,352,0,1,0,0,0,1,0,1,0,1
21/09/2026,Azul,SES1_A,01:30,926,920,920,920,923,"99,68",97,823,0,6,3,0,0,3,3,3,1,5
21/09/2026,Azul,SFN1_C,05:00,2,2,2,2,2,100,0,2,0,0,0,0,0,0,0,0,0,0
21/09/2026,Azul,SGO1_A,01:00,408,404,404,404,406,"99,51",4,400,0,4,2,0,0,2,2,2,0,4
21/09/2026,Azul,SGO3_A,01:00,342,340,340,340,342,100,1,339,0,2,0,1,0,1,1,1,0,2
21/09/2026,Azul,SJP1X_A,05:00,273,273,273,273,273,100,111,162,0,0,0,0,0,0,0,0,0,0
21/09/2026,Azul,SJP1_A,05:00,421,421,421,421,421,100,127,294,0,0,0,0,0,0,0,0,0,0
21/09/2026,Azul,SMN1_A,05:00,474,473,473,473,474,100,29,444,0,1,0,0,0,1,0,1,0,1
21/09/2026,Azul,SMN2_C,05:00,85,85,85,85,85,100,2,83,0,0,0,0,0,0,0,0,0,0
21/09/2026,Azul,SMR1_A,01:00,806,800,800,800,802,"99,5",113,687,0,6,4,0,0,2,4,2,0,6
21/09/2026,Azul,SMR2_A,01:00,449,444,290,290,446,"99,33",58,232,0,159,3,0,0,156,3,156,1,158
21/09/2026,Azul,SPA1_C,05:00,179,176,176,176,177,"98,88",1,175,0,3,2,0,0,1,2,1,0,3
21/09/2026,Azul,SPE1_A,01:00,1216,1216,1073,1073,1216,100,685,388,0,143,0,0,0,143,0,143,2,141
21/09/2026,Azul,SPI1_A,05:00,306,305,305,305,305,"99,67",24,281,0,1,1,0,0,0,1,0,0,1
21/09/2026,Azul,SRN1_A,05:00,265,263,263,263,263,"99,25",102,161,0,2,2,0,0,0,2,0,2,0
21/09/2026,Azul,SRN2_A,05:00,189,189,189,189,189,100,51,138,0,0,0,0,0,0,0,0,0,0
21/09/2026,Azul,SRS1_A,01:30,351,348,348,348,349,"99,43",0,348,0,3,2,0,0,1,2,1,0,3
21/09/2026,Azul,SRS8_A,01:30,331,330,330,330,330,"99,7",1,329,0,1,1,0,0,0,1,0,0,1
21/09/2026,Azul,SRS9_A,01:30,462,460,316,460,461,"99,78",1,459,0,2,1,0,0,1,1,1,0,2
21/09/2026,Azul,SSE1_C,02:00,390,387,387,387,387,"99,23",4,383,0,3,3,0,0,0,3,0,0,3
21/09/2026,Rosa,FSP2_R,06:00,2125,2099,2099,2099,2104,"99,01",0,2099,0,26,21,0,0,5,21,5,0,26
21/09/2026,Rosa,XSP1_R,06:00,180,177,177,177,178,"98,89",0,177,0,3,2,0,0,1,2,1,0,3
21/09/2026,Rosa,XSP27_R,08:00,44,42,42,42,44,100,0,42,0,2,0,0,0,2,0,2,0,2
21/09/2026,Verde,CVLHUB,08:00,160,156,156,156,156,"97,5",0,156,0,4,4,0,0,0,4,0,0,4
21/09/2026,Verde,JADHUB,13:00,615,602,602,602,606,"98,54",0,602,0,13,9,0,0,4,9,4,0,13
21/09/2026,Verde,JETSL1,13:00,4493,4469,4469,4469,4475,"99,6",3523,946,0,24,18,0,0,6,18,6,16,8
21/09/2026,Verde,LOGHUB,13:00,310,298,298,298,304,"98,06",0,298,0,12,6,0,0,6,6,6,0,12
21/09/2026,Verde,SBA1,04:00,333,330,330,330,331,"99,4",1,329,0,3,2,0,0,1,2,1,0,3
21/09/2026,Verde,SBA2,08:00,366,360,360,360,362,"98,91",0,360,0,6,4,0,0,2,4,2,0,6
21/09/2026,Verde,SBA3,06:00,1055,1044,1043,1043,1047,"99,24",2,1041,0,12,8,1,0,3,9,3,0,12
21/09/2026,Verde,SBA4,08:00,1282,1269,1269,1269,1272,"99,22",0,1269,0,13,10,0,0,3,10,3,0,13
21/09/2026,Verde,SBA7,06:00,905,895,893,893,898,"99,23",2,891,0,12,7,2,0,3,9,3,0,12
21/09/2026,Verde,SES3,08:00,293,289,289,289,293,100,0,289,0,4,0,0,0,4,0,4,0,4
21/09/2026,Verde,SES3_X,08:00,496,492,492,492,494,"99,6",66,426,0,4,2,0,0,2,2,2,0,4
21/09/2026,Verde,SGO1,08:00,632,629,629,629,629,"99,53",0,629,0,3,3,0,0,0,3,0,0,3
21/09/2026,Verde,SMG1,05:30,1071,1065,1065,1065,1065,"99,44",1,1064,0,6,6,0,0,0,6,0,0,6
21/09/2026,Verde,SMG10,05:00,572,567,567,567,570,"99,65",0,567,0,5,2,0,0,3,2,3,0,5
21/09/2026,Verde,SMG13,08:00,397,393,393,393,395,"99,5",0,393,0,4,2,0,0,2,2,2,0,4
21/09/2026,Verde,SMG13_X,08:00,465,461,461,461,465,100,0,461,0,4,0,0,0,4,0,4,0,4
21/09/2026,Verde,SMG14,05:00,1171,1164,1164,1164,1170,"99,91",23,1141,0,7,1,0,0,6,1,6,0,7
21/09/2026,Verde,SMG15,05:30,1084,1063,1063,1063,1072,"98,89",5,1058,0,21,12,0,0,9,12,9,0,21
21/09/2026,Verde,SMG18,05:30,628,615,615,615,615,"97,93",0,615,0,13,13,0,0,0,13,0,0,13
21/09/2026,Verde,SMG1_V,05:30,120,115,114,114,115,"95,83",0,114,0,6,5,0,0,1,5,1,0,6
21/09/2026,Verde,SMG2,05:00,1228,1223,1223,1223,1226,"99,84",0,1223,0,5,2,0,0,3,2,3,0,5
21/09/2026,Verde,SMG8,05:30,1225,1205,1205,1205,1212,"98,94",1,1204,0,20,13,0,0,7,13,7,0,20
21/09/2026,Verde,SMR1,04:00,1095,1079,1075,1075,1082,"98,81",0,1075,0,20,13,4,0,3,17,3,0,20
21/09/2026,Verde,SMS1,08:00,405,401,401,401,403,"99,51",0,401,0,4,2,0,0,2,2,2,0,4
21/09/2026,Verde,SPA1,04:00,772,768,768,768,770,"99,74",0,768,0,4,2,0,0,2,2,2,0,4
21/09/2026,Verde,SPI1,08:00,439,437,437,437,437,"99,54",0,437,0,2,2,0,0,0,2,0,0,2
21/09/2026,Verde,SPR1,03:00,1167,1162,1162,1162,1163,"99,66",7,1155,0,5,4,0,0,1,4,1,0,5
21/09/2026,Verde,SPR3,08:00,1,0,0,0,0,0,0,0,0,1,1,0,0,0,1,0,0,1
21/09/2026,Verde,SPR6,03:00,1302,1294,1294,1294,1299,"99,77",0,1294,0,8,3,1,0,4,4,4,0,8
21/09/2026,Verde,SRJ8,04:00,1376,1357,1357,1357,1361,"98,91",0,1357,0,19,15,0,0,4,15,4,0,19
21/09/2026,Verde,SRN1,08:00,155,154,154,154,155,100,0,154,0,1,0,0,0,1,0,1,0,1
21/09/2026,Verde,SRS10,08:00,508,503,503,503,503,"99,02",0,503,0,5,5,0,0,0,5,0,0,5
21/09/2026,Verde,SRS2,08:00,576,569,568,568,573,"99,48",1,567,0,8,3,1,0,4,4,4,0,8
21/09/2026,Verde,SRS4,05:00,1245,1238,1238,1238,1240,"99,6",4,1234,0,7,5,0,0,2,5,2,0,7
21/09/2026,Verde,SRS5,04:00,1002,997,997,997,997,"99,5",0,997,0,5,5,0,0,0,5,0,0,5
21/09/2026,Verde,SSC1,13:00,1113,1105,1105,1105,1109,"99,64",0,1105,0,8,4,0,0,4,4,4,0,8
21/09/2026,Verde,SSC2,04:00,1248,1239,1239,1239,1242,"99,52",1,1238,0,9,6,0,0,3,6,3,0,9
21/09/2026,Verde,SSC3,03:00,790,786,786,786,787,"99,62",0,786,0,4,3,0,0,1,3,1,0,4
21/09/2026,Verde,SSE1,08:00,409,400,400,400,400,"97,8",0,400,0,9,9,0,0,0,9,0,0,9
21/09/2026,Verde,SSP11,06:00,1,0,0,0,1,100,0,0,0,1,0,0,0,1,0,1,0,1
21/09/2026,Verde,SSP11,08:00,784,776,776,776,781,"99,62",0,776,0,8,3,0,0,5,3,5,0,8
21/09/2026,Verde,SSP23,03:00,991,980,980,980,986,"99,5",1,979,0,11,5,0,0,6,5,6,0,11
21/09/2026,Verde,SSP29,03:00,1121,1113,1113,1113,1118,"99,73",0,1113,0,8,3,0,0,5,3,5,0,8
21/09/2026,Verde,SSP50,04:00,921,883,883,883,898,"97,5",28,855,0,38,23,0,0,15,23,15,1,37
21/09/2026,Verde,SSP50_V,04:00,164,149,149,149,156,"95,12",21,128,0,15,8,0,0,7,8,7,2,13
21/09/2026,Verde,SSP52,13:00,137,114,111,111,137,100,111,0,0,26,0,3,0,23,3,23,26,0
21/09/2026,Verde,SSP56,08:00,383,378,378,378,381,"99,48",47,331,0,5,2,1,0,2,3,2,1,4
21/09/2026,Verde,SSP7,03:00,884,876,876,876,878,"99,32",0,876,0,8,6,0,0,2,6,2,0,8
21/09/2026,Verde,STO1,08:00,520,518,518,518,519,"99,81",0,518,0,2,1,0,0,1,1,1,0,2
21/09/2026,Verde,STO2,08:00,270,268,268,268,269,"99,63",0,268,0,2,1,0,0,1,1,1,0,2
21/09/2026,Verde,XSP23_3,08:00,1440,1419,1419,1419,1431,"99,38",0,1419,0,21,9,0,0,12,9,12,0,21
21/09/2026,Verde,XSP9_1,04:00,649,630,627,627,634,"97,69",95,532,0,22,15,3,0,4,18,4,1,21
21/09/2026,Verde,XSP9_2,08:00,1704,1674,1674,1674,1684,"98,83",0,1674,0,30,20,0,0,10,20,10,1,29
21/09/2026,Vermelha,SAL1,02:30,742,734,734,734,738,"99,46",0,734,0,8,4,0,0,4,4,4,0,8
21/09/2026,Vermelha,SES1,02:30,590,571,571,571,578,"97,97",0,571,0,19,12,0,0,7,12,7,0,19
21/09/2026,Vermelha,SMG3,02:00,289,286,286,286,288,"99,65",1,285,0,3,1,0,0,2,1,2,0,3
21/09/2026,Vermelha,SMG5,01:30,625,621,621,621,625,100,3,618,0,4,0,0,0,4,0,4,0,4
21/09/2026,Vermelha,SMG7,13:00,675,668,668,668,670,"99,26",0,668,0,7,5,0,0,2,5,2,0,7
21/09/2026,Vermelha,SMN2,05:00,230,222,222,222,226,"98,26",0,222,0,8,4,0,0,4,4,4,0,8
21/09/2026,Vermelha,SRJ1,01:30,1753,1740,1740,1740,1748,"99,71",5,1735,0,13,5,1,0,7,6,7,0,13
21/09/2026,Vermelha,SRJ10,01:00,1977,1947,1947,1947,1959,"99,09",229,1718,0,30,18,0,0,12,18,12,2,28
21/09/2026,Vermelha,SRJ10_V,01:00,182,182,182,182,182,100,10,172,0,0,0,0,0,0,0,0,0,0
21/09/2026,Vermelha,SRJ13,01:30,1241,1233,1233,1233,1238,"99,76",105,1128,0,8,3,0,0,5,3,5,1,7
21/09/2026,Vermelha,SRJ2,02:00,1416,1407,1407,1407,1413,"99,79",1,1406,0,9,3,0,0,6,3,6,0,9
21/09/2026,Vermelha,SRJ3,02:30,888,838,872,872,879,"98,99",0,872,0,16,9,0,0,7,9,7,0,16
21/09/2026,Vermelha,SRJ6,01:30,916,911,911,911,915,"99,89",1,910,0,5,1,0,0,4,1,4,0,5
21/09/2026,Vermelha,SRS8,03:00,340,319,319,319,337,"99,12",0,319,0,21,3,0,0,18,3,18,0,21
21/09/2026,Vermelha,SRS9,02:30,524,468,515,515,522,"99,62",85,430,0,9,2,0,0,7,2,7,0,9
21/09/2026,Vermelha,SRS9_V,02:30,210,186,186,186,208,"99,05",24,162,0,24,2,0,0,22,2,22,0,24
21/09/2026,Vermelha,SSC4,02:30,933,923,923,923,925,"99,14",0,923,0,10,8,0,0,2,8,2,0,10
21/09/2026,Vermelha,SSP1,02:00,990,977,977,977,983,"99,29",0,977,0,13,7,0,0,6,7,6,0,13
21/09/2026,Vermelha,SSP12,02:00,254,253,253,253,254,100,0,253,0,1,0,0,0,1,0,1,0,1
21/09/2026,Vermelha,SSP13,01:00,842,832,832,832,835,"99,17",2,830,0,10,7,0,0,3,7,3,0,10
21/09/2026,Vermelha,SSP14,01:00,1202,1194,1194,1194,1200,"99,83",1,1193,0,8,2,0,0,6,2,6,0,8
21/09/2026,Vermelha,SSP15,01:30,1614,1589,1589,1589,1602,"99,26",1,1588,0,25,12,0,0,13,12,13,0,25
21/09/2026,Vermelha,SSP16,01:00,767,757,757,757,762,"99,35",0,757,0,10,5,0,0,5,5,5,0,10
21/09/2026,Vermelha,SSP18,02:30,1054,1035,1035,1035,1048,"99,43",0,1035,0,19,6,0,0,13,6,13,0,19
21/09/2026,Vermelha,SSP20,02:30,1311,1244,1284,1284,1301,"99,24",1,1283,0,27,10,1,0,16,11,16,0,27
21/09/2026,Vermelha,SSP22,01:00,1134,1123,1123,1123,1128,"99,47",1,1122,0,11,6,0,0,5,6,5,0,11
21/09/2026,Vermelha,SSP24,01:30,684,681,681,681,682,"99,71",1,680,0,3,2,0,0,1,2,1,0,3
21/09/2026,Vermelha,SSP26,01:00,826,816,816,816,820,"99,27",0,816,0,10,6,0,0,4,6,4,0,10
21/09/2026,Vermelha,SSP27,02:30,549,475,535,535,542,"98,72",0,535,0,14,7,0,0,7,7,7,0,14
21/09/2026,Vermelha,SSP31,01:30,490,485,485,485,489,"99,8",1,484,0,5,1,0,0,4,1,4,0,5
21/09/2026,Vermelha,SSP37,02:30,930,921,921,921,923,"99,25",0,921,0,9,7,0,0,2,7,2,0,9
21/09/2026,Vermelha,SSP38,02:30,1255,1246,1246,1246,1251,"99,68",0,1246,0,9,4,0,0,5,4,5,0,9
21/09/2026,Vermelha,SSP39,02:00,661,657,657,657,660,"99,85",0,657,0,4,1,0,0,3,1,3,0,4
21/09/2026,Vermelha,SSP4,01:00,866,862,862,862,864,"99,77",1,861,0,4,2,0,0,2,2,2,0,4
21/09/2026,Vermelha,SSP46,01:30,542,537,537,537,539,"99,45",0,537,0,5,3,0,0,2,3,2,0,5
21/09/2026,Vermelha,SSP6,02:00,871,863,863,863,866,"99,43",2,861,0,8,5,0,0,3,5,3,0,8
21/09/2026,Vermelha,SSP9,02:00,1333,1324,1324,1324,1332,"99,92",0,1324,0,9,1,0,0,8,1,8,0,9
21/09/2026,Vermelha,SSP9_V,02:00,142,137,137,137,139,"97,89",8,129,0,5,3,2,0,0,5,0,0,5
21/09/2026,Vermelha,XSP9_6,08:00,3019,2981,2974,2974,2996,"99,24",0,2974,0,45,23,7,0,15,30,15,0,45
18/09/2026,Amarela,SBA6,04:00,665,653,653,653,653,"98,2",383,270,0,12,12,0,0,0,12,0,0,12
18/09/2026,Amarela,SDF1,03:00,1464,1451,1440,1440,1457,"99,52",837,603,0,24,7,11,0,6,18,6,15,9
18/09/2026,Amarela,SDF2,03:00,641,641,641,641,641,100,362,279,0,0,0,0,0,0,0,0,0,0
18/09/2026,Amarela,SES2,04:00,211,211,211,211,211,100,10,201,0,0,0,0,0,0,0,0,0,0
18/09/2026,Amarela,SMG11,04:00,266,264,264,264,266,100,8,256,0,2,0,0,0,2,0,2,0,2
18/09/2026,Amarela,SMG12,03:00,463,459,459,459,459,"99,14",98,361,0,4,4,0,0,0,4,0,1,3
18/09/2026,Amarela,SMG4,03:00,44,44,44,44,44,100,9,35,0,0,0,0,0,0,0,0,0,0
18/09/2026,Amarela,SMG6,03:00,581,570,570,570,573,"98,62",148,422,0,11,8,0,0,3,8,3,1,10
18/09/2026,Amarela,SMG9,02:30,966,956,956,956,960,"99,38",170,786,0,10,6,0,0,4,6,4,0,10
18/09/2026,Amarela,SMN1,04:00,1044,1039,1039,1039,1042,"99,81",439,600,0,5,2,0,0,3,2,3,1,4
18/09/2026,Amarela,SMS2,03:00,482,479,479,479,480,"99,59",284,195,0,3,2,0,0,1,2,1,2,1
18/09/2026,Amarela,SPA2,04:00,544,540,540,540,540,"99,26",239,301,0,4,4,0,0,0,4,0,1,3
18/09/2026,Amarela,SPE1,04:00,570,565,565,565,569,"99,82",280,285,0,5,1,0,0,4,1,4,1,4
18/09/2026,Amarela,SPR10,04:00,404,400,400,400,402,"99,5",181,219,0,4,2,0,0,2,2,2,0,4
18/09/2026,Amarela,SPR2,03:00,403,399,399,399,401,"99,5",10,389,0,4,2,0,0,2,2,2,0,4
18/09/2026,Amarela,SPR4,08:00,364,362,362,362,362,"99,45",149,213,0,2,2,0,0,0,2,0,0,2
18/09/2026,Amarela,SPR5,03:00,199,198,198,198,199,100,13,185,0,1,0,0,0,1,0,1,0,1
18/09/2026,Amarela,SPR7,03:00,510,505,506,506,507,"99,41",179,327,0,4,3,0,0,1,3,1,1,3
18/09/2026,Amarela,SPR8,04:00,890,882,883,883,888,"99,78",315,568,0,7,2,0,0,5,2,5,3,4
18/09/2026,Amarela,SPR8_V,04:00,112,110,110,110,111,"99,11",20,90,0,2,1,0,0,1,1,1,0,2
18/09/2026,Amarela,SRJ12,04:00,90,90,90,90,90,100,33,57,0,0,0,0,0,0,0,0,0,0
18/09/2026,Amarela,SRJ4,04:00,563,561,561,561,563,100,121,440,0,2,0,0,0,2,0,2,0,2
18/09/2026,Amarela,SRJ5,04:00,406,405,404,404,405,"99,75",119,285,0,2,1,1,0,0,2,0,0,2
18/09/2026,Amarela,SRJ7,04:00,256,256,256,256,256,100,46,210,0,0,0,0,0,0,0,0,0,0
18/09/2026,Amarela,SRJ9,04:00,31,31,31,31,31,100,10,21,0,0,0,0,0,0,0,0,0,0
18/09/2026,Amarela,SRS1,04:00,530,528,528,528,530,100,219,309,0,2,0,0,0,2,0,2,0,2
18/09/2026,Amarela,SRS3,08:00,390,382,382,382,385,"98,72",138,244,0,8,5,0,0,3,5,3,4,4
18/09/2026,Amarela,SSC5,08:00,526,523,523,523,524,"99,62",160,363,0,3,2,0,0,1,2,1,0,3
18/09/2026,Amarela,SSC7,04:00,329,323,323,323,323,"98,18",23,300,0,6,6,0,0,0,6,0,0,6
18/09/2026,Amarela,SSC8,03:00,637,632,632,632,634,"99,53",176,456,0,5,3,0,0,2,3,2,0,5
18/09/2026,Amarela,SSC9,03:00,555,550,550,550,553,"99,64",241,309,0,5,2,0,0,3,2,3,1,4
18/09/2026,Amarela,SSP10,04:00,624,619,619,619,621,"99,52",228,391,0,5,3,0,0,2,3,2,1,4
18/09/2026,Amarela,SSP17,02:30,394,385,385,385,387,"98,22",31,354,0,9,7,0,0,2,7,2,1,8
18/09/2026,Amarela,SSP17_V,02:30,64,64,64,64,64,100,5,59,0,0,0,0,0,0,0,0,0,0
18/09/2026,Amarela,SSP21,03:00,408,398,398,398,403,"98,77",42,356,0,10,5,0,0,5,5,5,1,9
18/09/2026,Amarela,SSP25,03:00,711,696,696,696,702,"98,73",95,601,0,15,9,0,0,6,9,6,0,15
18/09/2026,Amarela,SSP28,04:00,346,339,339,339,341,"98,55",113,226,0,7,5,0,0,2,5,2,1,6
18/09/2026,Amarela,SSP3,02:30,717,710,710,710,714,"99,58",40,670,0,7,3,0,0,4,3,4,0,7
18/09/2026,Amarela,SSP30,03:00,882,875,875,875,879,"99,66",97,778,0,7,3,0,0,4,3,4,0,7
18/09/2026,Amarela,SSP34,03:00,864,853,853,853,858,"99,31",255,598,0,11,6,0,0,5,6,5,0,11
18/09/2026,Amarela,SSP36,05:30,556,550,550,550,553,"99,46",99,451,0,6,3,0,0,3,3,3,2,4
18/09/2026,Amarela,SSP40,03:00,652,648,648,648,651,"99,85",197,451,0,4,1,0,0,3,1,3,2,2
18/09/2026,Amarela,SSP40_V,03:00,46,45,45,45,46,100,8,37,0,1,0,0,0,1,0,1,0,1
18/09/2026,Amarela,SSP45,03:00,614,602,602,602,606,"98,7",152,450,0,12,8,0,0,4,8,4,0,12
18/09/2026,Amarela,SSP45_V,03:00,82,82,82,82,82,100,13,69,0,0,0,0,0,0,0,0,0,0
18/09/2026,Amarela,SSP48,03:00,558,552,552,552,555,"99,46",101,451,0,6,3,0,0,3,3,3,0,6
18/09/2026,Amarela,SSP49,03:00,257,256,256,256,257,100,96,160,0,1,0,0,0,1,0,1,0,1
18/09/2026,Amarela,SSP5,03:00,941,925,925,925,927,"98,51",217,708,0,16,14,0,0,2,14,2,0,16
18/09/2026,Amarela,SSP5_V,03:00,60,58,55,57,58,"96,67",12,45,0,3,2,0,0,1,2,1,0,3
18/09/2026,Amarela,SSP8,02:30,1353,1325,1325,1325,1329,"98,23",430,895,0,28,24,0,0,4,24,4,2,26
18/09/2026,Amarela,XSP17_1,06:00,585,571,571,571,576,"98,46",140,431,0,14,9,0,0,5,9,5,1,13
18/09/2026,Amarela,XSP17_2,08:00,669,661,661,661,667,"99,7",183,478,0,8,2,0,0,6,2,6,1,7
18/09/2026,Amarela,XSP17_3,08:00,430,422,422,422,423,"98,37",183,239,0,8,7,0,0,1,7,1,0,8
18/09/2026,Amarela,XSP24_6,06:00,315,310,310,310,313,"99,37",32,278,0,5,2,0,0,3,2,3,1,4
18/09/2026,Amarela,XSP9_3,08:00,587,580,580,580,585,"99,66",180,400,0,7,2,0,0,5,2,5,1,6
18/09/2026,Azul,SAL1_C,02:00,202,202,202,202,202,100,0,202,0,0,0,0,0,0,0,0,0,0
18/09/2026,Azul,SAM1_A,01:30,340,339,339,339,340,100,95,244,0,1,0,0,0,1,0,1,0,1
18/09/2026,Azul,SBA1_A,01:30,491,488,488,488,490,"99,8",224,264,0,3,1,0,0,2,1,2,0,3
18/09/2026,Azul,SBA2_C,02:00,383,383,383,383,383,100,0,383,0,0,0,0,0,0,0,0,0,0
18/09/2026,Azul,SBA6_A,01:00,427,423,423,423,424,"99,3",46,377,0,4,3,0,0,1,3,1,0,4
18/09/2026,Azul,SCE1_C,02:00,33,33,33,33,33,100,0,33,0,0,0,0,0,0,0,0,0,0
18/09/2026,Azul,SCE3_A,01:00,100,99,99,99,99,99,28,71,0,1,1,0,0,0,1,0,0,1
18/09/2026,Azul,SDF1_A,01:30,260,259,259,259,259,"99,62",4,255,0,1,1,0,0,0,1,0,0,1
18/09/2026,Azul,SDF2_A,01:30,163,162,162,162,162,"99,39",2,160,0,1,1,0,0,0,1,0,0,1
18/09/2026,Azul,SES1_A,01:30,589,587,587,587,587,"99,66",297,290,0,2,2,0,0,0,2,0,1,1
18/09/2026,Azul,SGO1_A,01:00,126,125,125,125,125,"99,21",0,125,0,1,1,0,0,0,1,0,0,1
18/09/2026,Azul,SGO3_A,01:00,114,114,114,114,114,100,3,111,0,0,0,0,0,0,0,0,0,0
18/09/2026,Azul,SJP1X_A,05:00,45,45,45,45,45,100,5,40,0,0,0,0,0,0,0,0,0,0
18/09/2026,Azul,SJP1_A,05:00,102,101,101,101,101,"99,02",7,94,0,1,1,0,0,0,1,0,0,1
18/09/2026,Azul,SMN1_A,05:00,165,163,163,163,163,"98,79",6,157,0,2,2,0,0,0,2,0,0,2
18/09/2026,Azul,SMN2_C,05:00,56,56,56,56,56,100,4,52,0,0,0,0,0,0,0,0,0,0
18/09/2026,Azul,SMR1_A,01:00,162,162,162,162,162,100,3,159,0,0,0,0,0,0,0,0,0,0
18/09/2026,Azul,SMR2_A,01:00,172,171,171,171,172,100,2,169,0,1,0,0,0,1,0,1,0,1
18/09/2026,Azul,SPA1_C,05:00,81,81,81,81,81,100,3,78,0,0,0,0,0,0,0,0,0,0
18/09/2026,Azul,SPE1_A,01:00,449,446,446,446,447,"99,55",98,348,0,3,2,0,0,1,2,1,0,3
18/09/2026,Azul,SPI1_A,05:00,162,162,162,162,162,100,1,161,0,0,0,0,0,0,0,0,0,0
18/09/2026,Azul,SRN1_A,05:00,68,68,68,68,68,100,6,62,0,0,0,0,0,0,0,0,0,0
18/09/2026,Azul,SRN2_A,05:00,42,42,42,42,42,100,5,37,0,0,0,0,0,0,0,0,0,0
18/09/2026,Azul,SRS1_A,01:30,215,214,214,214,215,100,8,206,0,1,0,0,0,1,0,1,0,1
18/09/2026,Azul,SRS8_A,01:30,252,250,250,250,251,"99,6",13,237,0,2,1,0,0,1,1,1,0,2
18/09/2026,Azul,SRS9_A,01:30,337,336,336,336,336,"99,7",26,310,0,1,1,0,0,0,1,0,0,1
18/09/2026,Azul,SSE1_C,02:00,183,183,183,183,183,100,1,182,0,0,0,0,0,0,0,0,0,0
18/09/2026,Rosa,FSP2_R,06:00,1828,1806,1806,1806,1818,"99,45",0,1806,0,22,10,0,0,12,10,12,0,22
18/09/2026,Rosa,XSP1_R,06:00,347,344,344,344,345,"99,42",0,344,0,3,2,0,0,1,2,1,0,3
18/09/2026,Verde,CVLHUB,08:00,89,87,87,87,87,"97,75",0,87,0,2,2,0,0,0,2,0,0,2
18/09/2026,Verde,JADHUB,13:00,304,300,300,300,300,"98,68",1,299,0,4,4,0,0,0,4,0,0,4
18/09/2026,Verde,JETSL1,13:00,10252,10221,10221,10221,10233,"99,81",9352,869,0,31,19,0,0,12,19,12,20,11
18/09/2026,Verde,LOGHUB,13:00,116,116,116,116,116,100,0,116,0,0,0,0,0,0,0,0,0,0
18/09/2026,Verde,SBA1,04:00,396,391,391,391,394,"99,49",171,220,0,5,2,0,0,3,2,3,1,4
18/09/2026,Verde,SBA2,08:00,466,462,462,462,463,"99,36",264,198,0,4,3,0,0,1,3,1,2,2
18/09/2026,Verde,SBA3,08:00,1032,1030,1030,1030,1030,"99,81",453,577,0,2,2,0,0,0,2,0,1,1
18/09/2026,Verde,SBA4,08:00,1055,1041,1041,1041,1043,"98,86",295,746,0,14,12,1,0,1,13,1,6,8
18/09/2026,Verde,SBA7,08:00,572,560,560,560,561,"98,08",141,419,0,12,11,0,0,1,11,1,2,10
18/09/2026,Verde,SES3,08:00,402,402,402,402,402,100,229,173,0,0,0,0,0,0,0,0,0,0
18/09/2026,Verde,SES3_X,08:00,433,427,427,427,428,"98,85",190,237,0,6,5,0,0,1,5,1,3,3
18/09/2026,Verde,SGO1,08:00,1050,1043,1043,1043,1044,"99,43",617,426,0,7,6,1,0,0,7,0,2,5
18/09/2026,Verde,SMG1,05:30,799,784,784,784,789,"98,75",239,545,0,15,10,0,0,5,10,5,5,10
18/09/2026,Verde,SMG10,05:00,383,382,382,382,382,"99,74",2,380,0,1,1,0,0,0,1,0,0,1
18/09/2026,Verde,SMG13,08:00,262,261,261,261,261,"99,62",76,185,0,1,1,0,0,0,1,0,0,1
18/09/2026,Verde,SMG13_X,08:00,320,317,317,317,319,"99,69",85,232,0,3,1,0,0,2,1,2,0,3
18/09/2026,Verde,SMG14,05:00,659,654,654,654,656,"99,54",65,589,0,5,3,0,0,2,3,2,0,5
18/09/2026,Verde,SMG15,05:30,713,711,710,710,712,"99,86",95,615,0,3,1,1,0,1,2,1,0,3
18/09/2026,Verde,SMG18,05:30,627,621,621,621,623,"99,36",226,395,0,6,4,0,0,2,4,2,0,6
18/09/2026,Verde,SMG1_V,05:30,120,116,116,116,118,"98,33",34,82,0,4,2,0,0,2,2,2,1,3
18/09/2026,Verde,SMG2,05:00,1002,994,994,994,996,"99,4",213,781,0,8,6,0,0,2,6,2,0,8
18/09/2026,Verde,SMG8,05:30,553,547,547,547,547,"98,92",61,486,0,6,6,0,0,0,6,0,2,4
18/09/2026,Verde,SMR1,04:00,1013,1005,1005,1005,1005,"99,21",310,695,0,8,8,0,0,0,8,0,0,8
18/09/2026,Verde,SMS1,08:00,496,491,491,491,492,"99,19",277,214,0,5,4,0,0,1,4,1,1,4
18/09/2026,Verde,SPA1,04:00,907,896,896,896,900,"99,23",444,452,0,11,7,0,0,4,7,4,5,6
18/09/2026,Verde,SPI1,08:00,528,525,525,525,526,"99,62",274,251,0,3,2,0,0,1,2,1,1,2
18/09/2026,Verde,SPR1,03:00,1086,1074,1074,1074,1076,"99,08",444,630,0,12,10,0,0,2,10,2,4,8
18/09/2026,Verde,SPR6,03:00,997,990,990,990,993,"99,6",467,523,0,7,4,0,0,3,4,3,5,2
18/09/2026,Verde,SRJ8,04:00,677,671,671,671,674,"99,56",44,627,0,6,3,0,0,3,3,3,0,6
18/09/2026,Verde,SRN1,08:00,240,230,230,230,230,"95,83",127,103,0,10,10,0,0,0,10,0,0,10
18/09/2026,Verde,SRS10,08:00,275,274,274,274,274,"99,64",48,226,0,1,1,0,0,0,1,0,0,1
18/09/2026,Verde,SRS2,08:00,540,535,535,535,539,"99,81",223,312,0,5,1,0,0,4,1,4,3,2
18/09/2026,Verde,SRS4,05:00,674,667,667,667,670,"99,41",96,571,0,7,4,0,0,3,4,3,1,6
18/09/2026,Verde,SRS5,04:00,704,698,698,698,701,"99,57",265,433,0,6,3,0,0,3,3,3,1,5
18/09/2026,Verde,SSC1,13:00,1006,1001,1001,1001,1003,"99,7",384,617,0,5,3,0,0,2,3,2,0,5
18/09/2026,Verde,SSC2,04:00,1277,1268,1268,1268,1269,"99,37",559,709,0,9,8,0,0,1,8,1,6,3
18/09/2026,Verde,SSC3,03:00,612,610,610,610,611,"99,84",224,386,0,2,1,0,0,1,1,1,1,1
18/09/2026,Verde,SSE1,08:00,494,489,489,489,490,"99,19",290,199,0,5,4,0,0,1,4,1,1,4
18/09/2026,Verde,SSP11,08:00,631,613,613,613,613,"97,15",212,401,0,18,18,0,0,0,18,0,2,16
18/09/2026,Verde,SSP23,03:00,709,705,705,705,706,"99,58",104,601,0,4,3,0,0,1,3,1,0,4
18/09/2026,Verde,SSP29,03:00,632,625,625,625,627,"99,21",19,606,0,7,5,0,0,2,5,2,1,6
18/09/2026,Verde,SSP50,04:00,235,229,229,229,233,"99,15",1,228,0,6,2,0,0,4,2,4,1,5
18/09/2026,Verde,SSP50_V,04:00,33,32,32,32,32,"96,97",0,32,0,1,1,0,0,0,1,0,0,1
18/09/2026,Verde,SSP56,08:00,207,206,206,206,206,"99,52",63,143,0,1,1,0,0,0,1,0,0,1
18/09/2026,Verde,SSP7,03:00,665,658,658,658,663,"99,7",153,505,0,7,2,0,0,5,2,5,1,6
18/09/2026,Verde,STO1,08:00,514,513,513,513,514,100,230,283,0,1,0,0,0,1,0,1,0,1
18/09/2026,Verde,STO2,08:00,399,397,397,397,397,"99,5",187,210,0,2,2,0,0,0,2,0,0,2
18/09/2026,Verde,XSP23_3,08:00,1104,1086,1087,1087,1097,"99,37",384,703,0,17,7,0,0,10,7,10,5,12
18/09/2026,Verde,XSP9_1,04:00,574,566,566,566,572,"99,65",278,288,0,8,2,0,0,6,2,6,1,7
18/09/2026,Verde,XSP9_2,08:00,1655,1627,1627,1627,1642,"99,21",842,785,0,28,13,1,0,14,14,14,5,23
18/09/2026,Vermelha,SAL1,02:30,921,917,917,917,918,"99,67",439,478,0,4,3,0,0,1,3,1,1,3
18/09/2026,Vermelha,SES1,02:30,463,459,459,459,461,"99,57",271,188,0,4,2,0,0,2,2,2,0,4
18/09/2026,Vermelha,SMG3,02:00,998,990,990,990,994,"99,6",210,780,0,8,4,0,0,4,4,4,0,8
18/09/2026,Vermelha,SMG5,01:30,509,505,504,504,506,"99,41",154,350,0,5,3,1,0,1,4,1,1,4
18/09/2026,Vermelha,SMG7,13:00,387,385,385,385,385,"99,48",175,210,0,2,2,0,0,0,2,0,1,1
18/09/2026,Vermelha,SMN2,05:00,391,385,385,385,390,"99,74",249,136,0,6,1,0,0,5,1,5,1,5
18/09/2026,Vermelha,SRJ1,01:30,967,959,959,959,963,"99,59",145,814,0,8,4,2,0,2,6,2,2,6
18/09/2026,Vermelha,SRJ10,01:00,1361,1346,1345,1345,1349,"99,12",343,1002,0,16,12,1,0,3,13,3,6,10
18/09/2026,Vermelha,SRJ10_V,01:00,100,100,100,100,100,100,21,79,0,0,0,0,0,0,0,0,0,0
18/09/2026,Vermelha,SRJ13,01:30,761,750,750,750,753,"98,95",363,387,0,11,8,0,0,3,8,3,0,11
18/09/2026,Vermelha,SRJ2,02:00,1019,1014,1014,1014,1017,"99,8",224,790,0,5,2,0,0,3,2,3,1,4
18/09/2026,Vermelha,SRJ3,02:30,1004,997,997,997,1000,"99,6",278,719,0,7,4,0,0,3,4,3,1,6
18/09/2026,Vermelha,SRJ6,01:30,848,835,835,835,838,"98,82",162,673,0,13,10,0,0,3,10,3,1,12
18/09/2026,Vermelha,SRS8,03:00,380,374,374,374,379,"99,74",222,152,0,6,1,0,0,5,1,5,0,6
18/09/2026,Vermelha,SRS9,02:30,237,234,234,234,236,"99,58",10,224,0,3,1,0,0,2,1,2,0,3
18/09/2026,Vermelha,SRS9_V,02:30,111,109,109,109,109,"98,2",0,109,0,2,2,0,0,0,2,0,0,2
18/09/2026,Vermelha,SSC4,02:30,688,676,676,676,681,"98,98",202,474,0,12,7,0,0,5,7,5,4,8
18/09/2026,Vermelha,SSP1,02:00,550,545,545,545,547,"99,45",1,544,0,5,3,0,0,2,3,2,0,5
18/09/2026,Vermelha,SSP12,02:00,232,231,231,231,231,"99,57",70,161,0,1,1,0,0,0,1,0,0,1
18/09/2026,Vermelha,SSP13,01:00,675,673,673,673,675,100,235,438,0,2,0,0,0,2,0,2,0,2
18/09/2026,Vermelha,SSP14,01:00,912,909,909,909,911,"99,89",292,617,0,3,1,0,0,2,1,2,0,3
18/09/2026,Vermelha,SSP15,01:30,857,851,851,851,853,"99,53",51,800,0,6,4,0,0,2,4,2,0,6
18/09/2026,Vermelha,SSP16,01:00,534,530,530,530,531,"99,44",163,367,0,4,3,0,0,1,3,1,1,3
18/09/2026,Vermelha,SSP18,02:30,797,790,789,789,792,"99,37",181,608,0,8,5,1,0,2,6,2,1,7
18/09/2026,Vermelha,SSP20,02:30,859,854,854,854,854,"99,42",144,710,0,5,5,0,0,0,5,0,0,5
18/09/2026,Vermelha,SSP22,01:00,714,705,705,705,708,"99,16",64,641,0,9,6,0,0,3,6,3,0,9
18/09/2026,Vermelha,SSP24,01:30,410,409,409,409,409,"99,76",73,336,0,1,1,0,0,0,1,0,0,1
18/09/2026,Vermelha,SSP26,01:00,687,683,683,683,687,100,163,520,0,4,0,0,0,4,0,4,0,4
18/09/2026,Vermelha,SSP27,02:30,590,580,580,580,582,"98,64",199,381,0,10,8,0,0,2,8,2,0,10
18/09/2026,Vermelha,SSP31,01:30,449,444,444,444,446,"99,33",160,284,0,5,3,0,0,2,3,2,2,3
18/09/2026,Vermelha,SSP37,02:30,845,841,841,841,843,"99,76",42,799,0,4,2,0,0,2,2,2,1,3
18/09/2026,Vermelha,SSP38,02:30,828,816,816,816,821,"99,15",46,770,0,12,7,0,0,5,7,5,0,12
18/09/2026,Vermelha,SSP39,02:00,513,512,512,512,512,"99,81",169,343,0,1,1,0,0,0,1,0,0,1
18/09/2026,Vermelha,SSP4,01:00,557,552,552,552,554,"99,46",33,519,0,5,3,0,0,2,3,2,0,5
18/09/2026,Vermelha,SSP46,01:30,368,366,366,366,368,100,80,286,0,2,0,0,0,2,0,2,0,2
18/09/2026,Vermelha,SSP6,02:00,584,579,580,580,581,"99,49",117,463,0,4,3,0,0,1,3,1,0,4
18/09/2026,Vermelha,SSP9,02:00,802,795,795,795,802,100,16,779,0,7,0,0,0,7,0,7,0,7
18/09/2026,Vermelha,SSP9_V,02:00,103,98,98,98,99,"96,12",0,98,0,5,4,0,0,1,4,1,0,5
18/09/2026,Vermelha,XSP9_6,08:00,3274,3251,3251,3251,3264,"99,69",1483,1768,0,23,10,0,0,13,10,13,4,19
17/09/2026,Amarela,SBA6,04:00,1150,1130,1130,1130,1131,"98,35",880,250,0,20,19,0,0,1,19,1,2,18
17/09/2026,Amarela,SDF1,03:00,1088,1077,1077,1077,1080,"99,26",586,491,0,11,8,0,0,3,8,3,6,5
17/09/2026,Amarela,SDF2,03:00,606,601,523,523,604,"99,67",288,235,0,83,2,0,0,81,2,81,4,79
17/09/2026,Amarela,SES2,04:00,246,245,245,245,245,"99,59",35,210,0,1,1,0,0,0,1,0,1,0
17/09/2026,Amarela,SMG11,04:00,417,417,417,417,417,100,82,335,0,0,0,0,0,0,0,0,0,0
17/09/2026,Amarela,SMG12,03:00,483,481,481,481,482,"99,79",57,424,0,2,1,0,0,1,1,1,0,2
17/09/2026,Amarela,SMG4,03:00,322,318,318,318,321,"99,69",111,207,0,4,1,0,0,3,1,3,1,3
17/09/2026,Amarela,SMG6,03:00,780,766,766,766,767,"98,33",247,519,0,14,13,0,0,1,13,1,0,14
17/09/2026,Amarela,SMG9,02:30,896,884,884,884,891,"99,44",156,728,0,12,5,0,0,7,5,7,3,9
17/09/2026,Amarela,SMN1,04:00,795,788,788,788,792,"99,62",322,466,0,7,3,0,0,4,3,4,2,5
17/09/2026,Amarela,SMS2,03:00,586,578,481,481,581,"99,15",330,151,0,105,5,0,0,100,5,100,1,104
17/09/2026,Amarela,SPA2,04:00,626,619,618,618,624,"99,68",348,270,0,8,2,1,0,5,3,5,4,4
17/09/2026,Amarela,SPE1,04:00,912,906,906,906,909,"99,67",650,256,0,6,3,0,0,3,3,3,5,1
17/09/2026,Amarela,SPR10,04:00,428,426,426,426,427,"99,77",133,293,0,2,1,0,0,1,1,1,1,1
17/09/2026,Amarela,SPR2,03:00,599,593,593,593,595,"99,33",45,548,0,6,4,0,0,2,4,2,0,6
17/09/2026,Amarela,SPR4,08:00,320,316,316,316,317,"99,06",64,252,0,4,3,0,0,1,3,1,0,4
17/09/2026,Amarela,SPR5,03:00,361,358,358,358,361,100,92,266,0,3,0,0,0,3,0,3,0,3
17/09/2026,Amarela,SPR7,03:00,612,608,608,608,608,"99,35",217,391,0,4,4,0,0,0,4,0,1,3
17/09/2026,Amarela,SPR8,04:00,864,853,853,853,857,"99,19",283,570,0,11,7,0,0,4,7,4,6,5
17/09/2026,Amarela,SPR8_V,04:00,222,219,219,219,219,"98,65",2,217,0,3,3,0,0,0,3,0,0,3
17/09/2026,Amarela,SRJ12,04:00,166,165,165,165,165,"99,4",76,89,0,1,1,0,0,0,1,0,0,1
17/09/2026,Amarela,SRJ4,04:00,546,542,542,542,545,"99,82",165,377,0,4,1,0,0,3,1,3,1,3
17/09/2026,Amarela,SRJ5,04:00,471,469,469,469,470,"99,79",184,285,0,2,1,0,0,1,1,1,0,2
17/09/2026,Amarela,SRJ7,04:00,246,245,245,245,246,100,12,233,0,1,0,0,0,1,0,1,0,1
17/09/2026,Amarela,SRJ9,04:00,197,194,194,194,197,100,7,187,0,3,0,0,0,3,0,3,0,3
17/09/2026,Amarela,SRS1,04:00,317,316,316,316,316,"99,68",124,192,0,1,1,0,0,0,1,0,1,0
17/09/2026,Amarela,SRS3,08:00,428,424,425,425,427,"99,77",149,276,0,3,1,0,0,2,1,2,2,1
17/09/2026,Amarela,SSC5,08:00,494,492,492,492,493,"99,8",84,408,0,2,1,0,0,1,1,1,2,0
17/09/2026,Amarela,SSC7,04:00,358,350,350,350,352,"98,32",141,209,0,8,6,0,0,2,6,2,0,8
17/09/2026,Amarela,SSC8,03:00,513,508,508,508,511,"99,61",107,401,0,5,2,0,0,3,2,3,3,2
17/09/2026,Amarela,SSC9,03:00,666,657,657,657,664,"99,7",258,399,0,9,2,0,0,7,2,7,0,9
17/09/2026,Amarela,SSP10,04:00,764,760,760,760,762,"99,74",304,456,0,4,2,0,0,2,2,2,1,3
17/09/2026,Amarela,SSP17,02:30,597,590,590,590,592,"99,16",55,535,0,7,5,0,0,2,5,2,0,7
17/09/2026,Amarela,SSP17_V,02:30,87,87,87,87,87,100,15,72,0,0,0,0,0,0,0,0,0,0
17/09/2026,Amarela,SSP21,03:00,437,432,432,432,436,"99,77",82,350,0,5,1,0,0,4,1,4,0,5
17/09/2026,Amarela,SSP25,03:00,1069,1061,1061,1061,1066,"99,72",334,727,0,8,3,0,0,5,3,5,3,5
17/09/2026,Amarela,SSP28,04:00,379,373,373,373,374,"98,68",132,241,0,6,5,0,0,1,5,1,1,5
17/09/2026,Amarela,SSP3,02:30,613,600,601,601,605,"98,69",21,580,0,12,8,0,0,4,8,4,0,12
17/09/2026,Amarela,SSP30,03:00,928,908,908,908,913,"98,38",115,793,0,20,15,0,0,5,15,5,2,18
17/09/2026,Amarela,SSP34,03:00,843,835,835,835,838,"99,41",216,619,0,8,5,0,0,3,5,3,2,6
17/09/2026,Amarela,SSP36,05:30,481,478,478,478,479,"99,58",8,470,0,3,2,0,0,1,2,1,0,3
17/09/2026,Amarela,SSP40,03:00,641,639,639,639,641,100,145,494,0,2,0,0,0,2,0,2,0,2
17/09/2026,Amarela,SSP40_V,03:00,47,47,47,47,47,100,7,40,0,0,0,0,0,0,0,0,0,0
17/09/2026,Amarela,SSP45,03:00,796,783,785,785,787,"98,87",218,567,0,11,9,0,0,2,9,2,0,11
17/09/2026,Amarela,SSP45_V,03:00,98,98,98,98,98,100,10,88,0,0,0,0,0,0,0,0,0,0
17/09/2026,Amarela,SSP48,03:00,600,596,596,596,598,"99,67",95,501,0,4,2,0,0,2,2,2,0,4
17/09/2026,Amarela,SSP49,03:00,325,324,323,323,324,"99,69",97,226,0,2,1,1,0,0,2,0,0,2
17/09/2026,Amarela,SSP5,03:00,952,947,947,947,950,"99,79",222,725,0,5,2,0,0,3,2,3,1,4
17/09/2026,Amarela,SSP5_V,03:00,94,92,92,92,92,"97,87",13,79,0,2,2,0,0,0,2,0,0,2
17/09/2026,Amarela,SSP8,02:30,1419,1416,1416,1416,1419,100,303,1113,0,3,0,1,0,2,1,2,1,2
17/09/2026,Amarela,XSP17_1,06:00,104,101,101,101,103,"99,04",2,99,0,3,1,0,0,2,1,2,0,3
17/09/2026,Amarela,XSP17_2,08:00,617,609,609,609,617,100,119,490,0,8,0,0,0,8,0,8,1,7
17/09/2026,Amarela,XSP17_3,08:00,346,342,342,342,344,"99,42",90,252,0,4,2,0,0,2,2,2,2,2
17/09/2026,Amarela,XSP24_6,06:00,437,431,431,431,435,"99,54",68,363,0,6,2,0,0,4,2,4,0,6
17/09/2026,Amarela,XSP9_3,08:00,424,418,418,418,422,"99,53",79,339,0,6,2,0,0,4,2,4,1,5
17/09/2026,Azul,SAL1_C,02:00,228,226,226,226,227,"99,56",1,225,0,2,1,0,0,1,1,1,1,1
17/09/2026,Azul,SAM1_A,01:30,303,302,302,302,302,"99,67",81,221,0,1,1,0,0,0,1,0,1,0
17/09/2026,Azul,SBA1_A,01:30,420,419,419,419,419,"99,76",96,323,0,1,1,0,0,0,1,0,0,1
17/09/2026,Azul,SBA2_C,02:00,398,397,397,397,397,"99,75",1,396,0,1,1,0,0,0,1,0,1,0
17/09/2026,Azul,SBA6_A,01:00,411,410,410,410,410,"99,76",16,394,0,1,1,0,0,0,1,0,0,1
17/09/2026,Azul,SCE1_C,02:00,41,41,41,41,41,100,1,40,0,0,0,0,0,0,0,0,0,0
17/09/2026,Azul,SCE3_A,01:00,128,126,126,126,128,100,11,115,0,2,0,0,0,2,0,2,0,2
17/09/2026,Azul,SDF1_A,01:30,414,413,413,413,413,"99,76",69,344,0,1,1,0,0,0,1,0,0,1
17/09/2026,Azul,SDF2_A,01:30,263,262,262,262,262,"99,62",23,239,0,1,1,0,0,0,1,0,0,1
17/09/2026,Azul,SES1_A,01:30,565,565,565,565,565,100,178,387,0,0,0,0,0,0,0,0,0,0
17/09/2026,Azul,SFN1_C,05:00,5,5,5,5,5,100,0,5,0,0,0,0,0,0,0,0,0,0
17/09/2026,Azul,SGO1_A,01:00,304,303,303,303,303,"99,67",3,300,0,1,1,0,0,0,1,0,0,1
17/09/2026,Azul,SGO3_A,01:00,224,221,221,221,221,"98,66",29,192,0,3,3,0,0,0,3,0,0,3
17/09/2026,Azul,SJP1X_A,05:00,136,136,136,136,136,100,47,89,0,0,0,0,0,0,0,0,0,0
17/09/2026,Azul,SJP1_A,05:00,218,216,216,216,216,"99,08",53,163,0,2,2,0,0,0,2,0,0,2
17/09/2026,Azul,SMN1_A,05:00,251,251,251,251,251,100,10,241,0,0,0,0,0,0,0,0,0,0
17/09/2026,Azul,SMN2_C,05:00,36,35,35,35,35,"97,22",0,35,0,1,1,0,0,0,1,0,0,1
17/09/2026,Azul,SMR1_A,01:00,361,359,359,359,360,"99,72",49,310,0,2,1,0,0,1,1,1,0,2
17/09/2026,Azul,SMR2_A,01:00,131,131,131,131,131,100,41,90,0,0,0,0,0,0,0,0,0,0
17/09/2026,Azul,SPA1_C,05:00,60,60,60,60,60,100,3,57,0,0,0,0,0,0,0,0,0,0
17/09/2026,Azul,SPE1_A,01:00,541,541,541,541,541,100,169,372,0,0,0,0,0,0,0,0,0,0
17/09/2026,Azul,SPI1_A,05:00,197,196,196,196,196,"99,49",14,182,0,1,1,0,0,0,1,0,0,1
17/09/2026,Azul,SRN1_A,05:00,196,196,196,196,196,100,93,103,0,0,0,0,0,0,0,0,0,0
17/09/2026,Azul,SRN2_A,05:00,129,129,129,129,129,100,62,67,0,0,0,0,0,0,0,0,0,0
17/09/2026,Azul,SRS1_A,01:30,236,234,234,234,235,"99,58",0,234,0,2,1,0,0,1,1,1,0,2
17/09/2026,Azul,SRS8_A,01:30,237,237,237,237,237,100,0,237,0,0,0,0,0,0,0,0,0,0
17/09/2026,Azul,SRS9_A,01:30,379,379,379,379,379,100,0,379,0,0,0,0,0,0,0,0,0,0
17/09/2026,Azul,SSE1_C,02:00,234,234,234,234,234,100,0,234,0,0,0,0,0,0,0,0,0,0
17/09/2026,Rosa,FSP2_R,06:00,1808,1777,1777,1777,1780,"98,45",0,1777,0,31,28,0,0,3,28,3,0,31
17/09/2026,Rosa,XSP1_R,06:00,221,212,212,212,213,"96,38",0,212,0,9,8,0,0,1,8,1,0,9
17/09/2026,Verde,CVLHUB,08:00,125,123,123,123,123,"98,4",0,123,0,2,2,0,0,0,2,0,0,2
17/09/2026,Verde,JADHUB,13:00,274,270,270,270,270,"98,54",4,266,0,4,4,0,0,0,4,0,1,3
17/09/2026,Verde,JETSL1,13:00,10480,10442,10442,10442,10450,"99,71",9536,906,0,38,30,0,0,8,30,8,33,5
17/09/2026,Verde,LOGHUB,13:00,110,105,105,105,105,"95,45",0,105,0,5,5,0,0,0,5,0,0,5
17/09/2026,Verde,SBA1,04:00,742,731,731,731,736,"99,19",523,208,0,11,6,0,0,5,6,5,9,2
17/09/2026,Verde,SBA2,08:00,501,498,498,498,498,"99,4",259,239,0,3,3,0,0,0,3,0,1,2
17/09/2026,Verde,SBA3,08:00,628,624,624,624,625,"99,52",27,597,0,4,3,0,0,1,3,1,0,4
17/09/2026,Verde,SBA4,08:00,994,986,986,986,989,"99,5",229,757,0,8,5,0,0,3,5,3,6,2
17/09/2026,Verde,SBA7,08:00,717,710,710,710,711,"99,16",211,499,0,7,6,0,0,1,6,1,3,4
17/09/2026,Verde,SES3,08:00,128,126,126,126,127,"99,22",10,116,0,2,1,0,0,1,1,1,1,1
17/09/2026,Verde,SES3_X,08:00,239,239,239,239,239,100,10,229,0,0,0,0,0,0,0,0,0,0
17/09/2026,Verde,SGO1,08:00,445,443,443,443,444,"99,78",262,181,0,2,1,0,0,1,1,1,1,1
17/09/2026,Verde,SMG1,05:30,617,603,603,603,603,"97,73",17,586,0,14,14,0,0,0,14,0,0,14
17/09/2026,Verde,SMG10,05:00,463,462,462,462,462,"99,78",23,439,0,1,1,0,0,0,1,0,0,1
17/09/2026,Verde,SMG13,08:00,164,164,164,164,164,100,9,155,0,0,0,0,0,0,0,0,0,0
17/09/2026,Verde,SMG13_X,08:00,220,215,215,215,218,"99,09",14,201,0,5,2,0,0,3,2,3,1,4
17/09/2026,Verde,SMG14,05:00,619,613,613,613,618,"99,84",21,592,0,6,1,0,0,5,1,5,2,4
17/09/2026,Verde,SMG15,05:30,570,568,568,568,568,"99,65",55,513,0,2,2,0,0,0,2,0,0,2
17/09/2026,Verde,SMG18,05:30,225,221,221,221,222,"98,67",11,210,0,4,3,0,0,1,3,1,0,4
17/09/2026,Verde,SMG1_V,05:30,217,214,214,214,214,"98,62",1,213,0,3,3,0,0,0,3,0,0,3
17/09/2026,Verde,SMG2,05:00,827,821,821,821,824,"99,64",108,713,0,6,3,0,0,3,3,3,3,3
17/09/2026,Verde,SMG8,05:30,749,741,741,741,743,"99,2",81,660,0,8,6,0,0,2,6,2,3,5
17/09/2026,Verde,SMR1,04:00,777,771,771,771,772,"99,36",146,625,0,6,5,0,0,1,5,1,4,2
17/09/2026,Verde,SMS1,08:00,526,525,525,525,526,100,263,262,0,1,0,0,0,1,0,1,1,0
17/09/2026,Verde,SPA1,04:00,780,750,750,750,755,"96,79",285,465,0,30,25,0,0,5,25,5,12,18
17/09/2026,Verde,SPI1,08:00,395,390,390,390,392,"99,24",122,268,0,5,3,0,0,2,3,2,1,4
17/09/2026,Verde,SPR1,03:00,1356,1337,1337,1337,1341,"98,89",537,800,0,19,15,0,0,4,15,4,6,13
17/09/2026,Verde,SPR3,08:00,1,1,1,1,1,100,0,1,0,0,0,0,0,0,0,0,0,0
17/09/2026,Verde,SPR6,03:00,733,715,715,715,715,"97,54",79,636,0,18,18,0,0,0,18,0,7,11
17/09/2026,Verde,SRJ8,04:00,1094,1087,1087,1087,1093,"99,91",358,729,0,7,1,0,0,6,1,6,6,1
17/09/2026,Verde,SRN1,08:00,359,348,348,348,353,"98,33",222,126,0,11,6,0,0,5,6,5,9,2
17/09/2026,Verde,SRS10,08:00,211,211,211,211,211,100,8,203,0,0,0,0,0,0,0,0,0,0
17/09/2026,Verde,SRS2,08:00,451,451,451,451,451,100,134,317,0,0,0,0,0,0,0,0,0,0
17/09/2026,Verde,SRS4,05:00,718,715,715,715,717,"99,86",162,553,0,3,1,0,0,2,1,2,2,1
17/09/2026,Verde,SRS5,04:00,422,419,419,419,420,"99,53",24,395,0,3,2,0,0,1,2,1,1,2
17/09/2026,Verde,SSC1,13:00,658,652,652,652,655,"99,54",77,575,0,6,3,0,0,3,3,3,1,5
17/09/2026,Verde,SSC2,04:00,929,923,923,923,926,"99,68",263,660,0,6,3,0,0,3,3,3,4,2
17/09/2026,Verde,SSC3,03:00,637,629,629,629,633,"99,37",208,421,0,8,4,0,0,4,4,4,5,3
17/09/2026,Verde,SSE1,08:00,466,460,460,460,464,"99,57",260,200,0,6,2,0,0,4,2,4,4,2
17/09/2026,Verde,SSP11,08:00,672,662,662,662,663,"98,66",208,454,0,10,9,0,0,1,9,1,2,8
17/09/2026,Verde,SSP23,03:00,775,766,766,766,769,"99,23",109,657,0,9,6,0,0,3,6,3,0,9
17/09/2026,Verde,SSP29,03:00,950,938,938,938,941,"99,05",97,841,0,12,9,0,0,3,9,3,4,8
17/09/2026,Verde,SSP50,04:00,350,333,333,333,339,"96,86",23,310,0,17,11,0,0,6,11,6,0,17
17/09/2026,Verde,SSP50_V,04:00,33,31,31,31,32,"96,97",7,24,0,2,1,0,0,1,1,1,0,2
17/09/2026,Verde,SSP52,13:00,288,285,285,285,288,100,285,0,0,3,0,0,0,3,0,3,3,0
17/09/2026,Verde,SSP56,08:00,189,189,189,189,189,100,36,153,0,0,0,0,0,0,0,0,0,0
17/09/2026,Verde,SSP7,03:00,693,688,688,688,690,"99,57",71,617,0,5,3,0,0,2,3,2,1,4
17/09/2026,Verde,STO1,08:00,424,415,415,415,415,"97,88",110,305,0,9,9,0,0,0,9,0,1,8
17/09/2026,Verde,STO2,08:00,535,531,531,531,531,"99,25",253,278,0,4,4,0,0,0,4,0,0,4
17/09/2026,Verde,XSP23_3,08:00,777,747,747,747,753,"96,91",132,615,0,30,24,0,0,6,24,6,2,28
17/09/2026,Verde,XSP9_1,04:00,626,615,615,615,625,"99,84",315,300,0,11,1,0,0,10,1,10,8,3
17/09/2026,Verde,XSP9_2,08:00,1896,1860,1860,1860,1882,"99,26",941,919,0,36,14,0,0,22,14,22,20,16
17/09/2026,Vermelha,SAL1,02:30,841,833,833,833,836,"99,41",504,329,0,8,5,1,0,2,6,2,4,4
17/09/2026,Vermelha,SES1,02:30,254,253,253,253,253,"99,61",55,198,0,1,1,0,0,0,1,0,0,1
17/09/2026,Vermelha,SMG3,02:00,1033,1026,1026,1026,1031,"99,81",58,968,0,7,2,0,0,5,2,5,0,7
17/09/2026,Vermelha,SMG5,01:30,470,469,469,469,470,100,23,446,0,1,0,0,0,1,0,1,0,1
17/09/2026,Vermelha,SMG7,13:00,320,313,313,313,315,"98,44",21,292,0,7,5,0,0,2,5,2,0,7
17/09/2026,Vermelha,SMN2,05:00,422,409,409,409,415,"98,34",255,154,0,13,7,0,0,6,7,6,4,9
17/09/2026,Vermelha,SRJ1,01:30,1391,1380,1379,1379,1386,"99,64",374,1005,0,12,5,1,0,6,6,6,4,8
17/09/2026,Vermelha,SRJ10,01:00,1392,1385,1386,1386,1391,"99,93",398,988,0,6,1,1,0,4,2,4,1,5
17/09/2026,Vermelha,SRJ10_V,01:00,115,114,114,114,114,"99,13",7,107,0,1,1,0,0,0,1,0,0,1
17/09/2026,Vermelha,SRJ13,01:30,866,865,864,864,865,"99,88",221,643,0,2,1,1,0,0,2,0,0,2
17/09/2026,Vermelha,SRJ2,02:00,1243,1235,1235,1235,1239,"99,68",355,880,0,8,4,0,0,4,4,4,2,6
17/09/2026,Vermelha,SRJ3,02:30,867,859,859,859,862,"99,42",247,612,0,8,5,0,0,3,5,3,2,6
17/09/2026,Vermelha,SRJ6,01:30,1017,1008,1008,1008,1009,"99,21",230,778,0,9,8,0,0,1,8,1,1,8
17/09/2026,Vermelha,SRS8,03:00,500,494,329,329,497,"99,4",191,138,0,171,3,0,0,168,3,168,0,171
17/09/2026,Vermelha,SRS9,02:30,216,216,216,216,216,100,53,163,0,0,0,0,0,0,0,0,0,0
17/09/2026,Vermelha,SRS9_V,02:30,47,44,44,44,47,100,0,44,0,3,0,0,0,3,0,3,0,3
17/09/2026,Vermelha,SSC4,02:30,539,535,535,535,537,"99,63",103,432,0,4,2,0,0,2,2,2,0,4
17/09/2026,Vermelha,SSP1,02:00,591,587,587,587,589,"99,66",9,578,0,4,2,0,0,2,2,2,0,4
17/09/2026,Vermelha,SSP12,02:00,271,269,269,269,269,"99,26",81,188,0,2,2,0,0,0,2,0,1,1
17/09/2026,Vermelha,SSP13,01:00,769,764,764,764,766,"99,61",248,516,0,5,3,1,0,1,4,1,1,4
17/09/2026,Vermelha,SSP14,01:00,819,812,811,811,817,"99,76",38,773,0,8,2,1,0,5,3,5,0,8
17/09/2026,Vermelha,SSP15,01:30,1132,1124,1124,1124,1127,"99,56",226,898,0,8,5,0,0,3,5,3,0,8
17/09/2026,Vermelha,SSP16,01:00,581,580,580,580,581,100,148,432,0,1,0,0,0,1,0,1,0,1
17/09/2026,Vermelha,SSP18,02:30,656,652,652,652,653,"99,54",56,596,0,4,3,0,0,1,3,1,1,3
17/09/2026,Vermelha,SSP20,02:30,1056,1046,1046,1046,1049,"99,34",268,778,0,10,7,0,0,3,7,3,6,4
17/09/2026,Vermelha,SSP22,01:00,788,784,784,784,785,"99,62",11,773,0,4,3,0,0,1,3,1,0,4
17/09/2026,Vermelha,SSP24,01:30,501,500,500,500,501,100,119,381,0,1,0,0,0,1,0,1,0,1
17/09/2026,Vermelha,SSP26,01:00,647,644,644,644,645,"99,69",113,531,0,3,2,0,0,1,2,1,0,3
17/09/2026,Vermelha,SSP27,02:30,449,445,445,445,447,"99,55",106,339,0,4,2,0,0,2,2,2,0,4
17/09/2026,Vermelha,SSP31,01:30,527,521,521,521,521,"98,86",202,319,0,6,6,0,0,0,6,0,4,2
17/09/2026,Vermelha,SSP37,02:30,713,710,710,710,711,"99,72",16,694,0,3,2,0,0,1,2,1,1,2
17/09/2026,Vermelha,SSP38,02:30,803,797,797,797,801,"99,75",11,786,0,6,2,0,0,4,2,4,1,5
17/09/2026,Vermelha,SSP39,02:00,643,640,640,640,642,"99,84",210,430,0,3,1,0,0,2,1,2,1,2
17/09/2026,Vermelha,SSP4,01:00,903,890,890,890,893,"98,89",246,644,0,13,10,1,0,2,11,2,3,10
17/09/2026,Vermelha,SSP46,01:30,352,350,350,350,352,100,45,305,0,2,0,0,0,2,0,2,0,2
17/09/2026,Vermelha,SSP6,02:00,831,821,821,821,827,"99,52",216,605,0,10,4,0,0,6,4,6,0,10
17/09/2026,Vermelha,SSP9,02:00,1125,1117,1117,1117,1122,"99,73",147,970,0,8,3,0,0,5,3,5,0,8
17/09/2026,Vermelha,SSP9_V,02:00,105,99,99,99,99,"94,29",20,79,0,6,6,0,0,0,6,0,0,6
17/09/2026,Vermelha,XSP9_6,08:00,3364,3349,3349,3349,3358,"99,82",1425,1924,0,15,6,0,0,9,6,9,4,11
16/09/2026,Amarela,SBA6,04:00,478,473,474,474,475,"99,37",312,162,0,4,3,0,0,1,3,1,3,1
16/09/2026,Amarela,SDF1,03:00,508,497,498,498,501,"98,62",224,274,0,10,7,0,0,3,7,3,1,9
16/09/2026,Amarela,SDF2,03:00,581,574,574,574,576,"99,14",394,180,0,7,5,0,0,2,5,2,4,3
16/09/2026,Amarela,SES2,04:00,371,369,369,369,370,"99,73",56,313,0,2,1,0,0,1,1,1,0,2
16/09/2026,Amarela,SMG11,04:00,437,430,430,430,435,"99,54",48,382,0,7,2,0,0,5,2,5,0,7
16/09/2026,Amarela,SMG12,03:00,566,561,561,561,563,"99,47",111,450,0,5,3,0,0,2,3,2,0,5
16/09/2026,Amarela,SMG4,03:00,436,433,433,433,436,100,109,324,0,3,0,0,0,3,0,3,0,3
16/09/2026,Amarela,SMG6,03:00,892,880,880,880,884,"99,1",295,585,0,12,8,0,0,4,8,4,2,10
16/09/2026,Amarela,SMG9,02:30,895,879,879,879,885,"98,88",151,728,0,16,10,0,0,6,10,6,1,15
16/09/2026,Amarela,SMN1,04:00,901,892,892,892,897,"99,56",274,618,0,9,4,0,0,5,4,5,4,5
16/09/2026,Amarela,SMS2,03:00,706,701,701,701,702,"99,43",438,263,0,5,4,0,0,1,4,1,1,4
16/09/2026,Amarela,SPA2,04:00,797,789,789,789,796,"99,87",453,336,0,8,1,0,0,7,1,7,2,6
16/09/2026,Amarela,SPE1,04:00,611,602,602,602,606,"99,18",295,307,0,9,5,0,0,4,5,4,1,8
16/09/2026,Amarela,SPR10,04:00,513,505,506,506,512,"99,81",203,303,0,7,1,0,0,6,1,6,1,6
16/09/2026,Amarela,SPR2,03:00,566,553,553,553,560,"98,94",6,547,0,13,6,0,0,7,6,7,0,13
16/09/2026,Amarela,SPR4,08:00,328,327,327,327,328,100,83,244,0,1,0,0,0,1,0,1,0,1
16/09/2026,Amarela,SPR5,03:00,286,285,285,285,286,100,30,255,0,1,0,0,0,1,0,1,1,0
16/09/2026,Amarela,SPR7,03:00,534,518,518,518,522,"97,75",151,367,0,16,12,0,0,4,12,4,1,15
16/09/2026,Amarela,SPR8,04:00,1069,1056,1056,1056,1060,"99,16",427,629,0,13,9,0,0,4,9,4,3,10
16/09/2026,Amarela,SPR8_V,04:00,219,213,213,213,215,"98,17",14,199,0,6,4,1,0,1,5,1,2,4
16/09/2026,Amarela,SRJ12,04:00,271,267,267,267,270,"99,63",105,162,0,4,1,0,0,3,1,3,2,2
16/09/2026,Amarela,SRJ4,04:00,825,818,818,818,821,"99,52",211,607,0,7,4,0,0,3,4,3,3,4
16/09/2026,Amarela,SRJ5,04:00,538,534,534,534,537,"99,81",256,278,0,4,1,0,0,3,1,3,0,4
16/09/2026,Amarela,SRJ7,04:00,332,326,326,326,327,"98,49",108,218,0,6,5,1,0,0,6,0,1,5
16/09/2026,Amarela,SRJ9,04:00,292,288,288,288,290,"99,32",41,247,0,4,2,0,0,2,2,2,0,4
16/09/2026,Amarela,SRS1,04:00,365,359,359,359,362,"99,18",114,245,0,6,3,0,0,3,3,3,1,5
16/09/2026,Amarela,SRS3,08:00,503,502,502,502,503,100,210,292,0,1,0,0,0,1,0,1,0,1
16/09/2026,Amarela,SSC5,08:00,604,596,596,596,598,"99,01",177,419,0,8,6,0,0,2,6,2,1,7
16/09/2026,Amarela,SSC7,04:00,557,541,541,541,545,"97,85",221,320,0,16,12,0,0,4,12,4,1,15
16/09/2026,Amarela,SSC8,03:00,565,544,544,544,547,"96,81",105,439,0,21,18,0,0,3,18,3,16,5
16/09/2026,Amarela,SSC9,03:00,786,777,777,777,783,"99,62",328,449,0,9,3,0,0,6,3,6,1,8
16/09/2026,Amarela,SSP10,04:00,495,491,491,491,494,"99,8",19,472,0,4,1,0,0,3,1,3,0,4
16/09/2026,Amarela,SSP17,02:30,561,547,547,547,556,"99,11",5,542,0,14,5,1,0,8,6,8,0,14
16/09/2026,Amarela,SSP17_V,02:30,82,81,81,81,81,"98,78",2,79,0,1,1,0,0,0,1,0,0,1
16/09/2026,Amarela,SSP21,03:00,408,403,403,403,408,100,66,337,0,5,0,0,0,5,0,5,0,5
16/09/2026,Amarela,SSP25,03:00,983,968,967,967,977,"99,39",278,689,0,16,6,1,0,9,7,9,2,14
16/09/2026,Amarela,SSP28,04:00,332,329,329,329,330,"99,4",81,248,0,3,2,0,0,1,2,1,1,2
16/09/2026,Amarela,SSP3,02:30,659,649,649,649,656,"99,54",24,625,0,10,3,0,0,7,3,7,2,8
16/09/2026,Amarela,SSP30,03:00,1142,1125,1125,1125,1133,"99,21",268,857,0,17,9,0,0,8,9,8,2,15
16/09/2026,Amarela,SSP34,03:00,826,818,818,818,823,"99,64",210,608,0,8,3,0,0,5,3,5,1,7
16/09/2026,Amarela,SSP36,05:30,563,550,550,550,555,"98,58",49,501,0,13,8,0,0,5,8,5,1,12
16/09/2026,Amarela,SSP40,03:00,659,644,644,644,654,"99,24",182,462,0,15,5,0,0,10,5,10,0,15
16/09/2026,Amarela,SSP40_V,03:00,59,59,59,59,59,100,10,49,0,0,0,0,0,0,0,0,0,0
16/09/2026,Amarela,SSP45,03:00,680,669,669,669,673,"98,97",213,456,0,11,7,0,0,4,7,4,1,10
16/09/2026,Amarela,SSP45_V,03:00,109,108,108,108,108,"99,08",9,99,0,1,1,0,0,0,1,0,0,1
16/09/2026,Amarela,SSP48,03:00,598,592,592,592,596,"99,67",30,562,0,6,2,0,0,4,2,4,0,6
16/09/2026,Amarela,SSP49,03:00,342,341,341,341,341,"99,71",114,227,0,1,1,0,0,0,1,0,0,1
16/09/2026,Amarela,SSP5,03:00,793,783,783,783,790,"99,62",38,745,0,10,3,0,0,7,3,7,0,10
16/09/2026,Amarela,SSP5_V,03:00,83,82,82,82,82,"98,8",5,77,0,1,1,0,0,0,1,0,0,1
16/09/2026,Amarela,SSP8,02:30,1498,1489,1489,1489,1494,"99,73",395,1094,0,9,4,0,0,5,4,5,3,6
16/09/2026,Amarela,XSP17_1,06:00,12,2,2,2,7,"58,33",1,1,0,10,5,0,0,5,5,5,0,10
16/09/2026,Amarela,XSP17_2,08:00,784,759,759,759,779,"99,36",140,619,0,25,5,0,0,20,5,20,5,20
16/09/2026,Amarela,XSP17_3,08:00,389,378,378,378,385,"98,97",120,258,0,11,4,0,0,7,4,7,1,10
16/09/2026,Amarela,XSP24_6,06:00,430,415,415,415,427,"99,3",182,233,0,15,3,0,0,12,3,12,3,12
16/09/2026,Amarela,XSP9_3,08:00,389,369,357,357,386,"99,23",32,325,0,32,3,12,0,17,15,17,17,15
16/09/2026,Azul,SAL1_C,02:00,256,254,254,254,254,"99,22",0,254,0,2,2,0,0,0,2,0,1,1
16/09/2026,Azul,SAM1_A,01:30,441,440,440,440,440,"99,77",149,291,0,1,1,0,0,0,1,0,0,1
16/09/2026,Azul,SBA1_A,01:30,351,351,351,351,351,100,10,341,0,0,0,0,0,0,0,0,0,0
16/09/2026,Azul,SBA2_C,02:00,441,440,440,440,440,"99,77",0,440,0,1,1,0,0,0,1,0,0,1
16/09/2026,Azul,SBA6_A,01:00,385,380,380,380,382,"99,22",4,376,0,5,3,0,0,2,3,2,0,5
16/09/2026,Azul,SCE1_C,02:00,85,85,85,85,85,100,2,83,0,0,0,0,0,0,0,0,0,0
16/09/2026,Azul,SCE3_A,01:00,124,123,123,123,124,100,2,121,0,1,0,0,0,1,0,1,0,1
16/09/2026,Azul,SDF1_A,01:30,242,242,242,242,242,100,36,206,0,0,0,0,0,0,0,0,0,0
16/09/2026,Azul,SDF2_A,01:30,76,76,76,76,76,100,8,68,0,0,0,0,0,0,0,0,0,0
16/09/2026,Azul,SES1_A,01:30,390,390,375,375,390,100,2,373,0,15,0,0,0,15,0,15,15,0
16/09/2026,Azul,SFN1_C,05:00,6,6,6,6,6,100,0,6,0,0,0,0,0,0,0,0,0,0
16/09/2026,Azul,SGO1_A,01:00,320,320,320,320,320,100,0,320,0,0,0,0,0,0,0,0,0,0
16/09/2026,Azul,SGO3_A,01:00,296,293,293,293,294,"99,32",0,293,0,3,2,0,0,1,2,1,0,3
16/09/2026,Azul,SJP1X_A,05:00,203,203,203,203,203,100,91,112,0,0,0,0,0,0,0,0,0,0
16/09/2026,Azul,SJP1_A,05:00,299,299,299,299,299,100,123,176,0,0,0,0,0,0,0,0,0,0
16/09/2026,Azul,SMN1_A,05:00,258,258,258,258,258,100,20,238,0,0,0,0,0,0,0,0,0,0
16/09/2026,Azul,SMN2_C,05:00,54,52,52,52,54,100,0,52,0,2,0,0,0,2,0,2,0,2
16/09/2026,Azul,SMR1_A,01:00,370,369,369,369,369,"99,73",27,342,0,1,1,0,0,0,1,0,0,1
16/09/2026,Azul,SMR2_A,01:00,197,196,196,196,196,"99,49",10,186,0,1,1,0,0,0,1,0,0,1
16/09/2026,Azul,SPA1_C,05:00,50,50,50,50,50,100,3,47,0,0,0,0,0,0,0,0,0,0
16/09/2026,Azul,SPE1_A,01:00,400,398,398,398,399,"99,75",46,352,0,2,1,0,0,1,1,1,0,2
16/09/2026,Azul,SPI1_A,05:00,279,278,278,278,278,"99,64",63,215,0,1,1,0,0,0,1,0,0,1
16/09/2026,Azul,SRN1_A,05:00,187,185,185,185,187,100,99,86,0,2,0,0,0,2,0,2,1,1
16/09/2026,Azul,SRN2_A,05:00,155,153,152,152,155,100,85,67,0,3,0,1,0,2,1,2,3,0
16/09/2026,Azul,SRS1_A,01:30,215,215,211,211,215,100,1,210,0,4,0,0,0,4,0,4,4,0
16/09/2026,Azul,SRS8_A,01:30,262,260,260,260,262,100,5,255,0,2,0,0,0,2,0,2,1,1
16/09/2026,Azul,SRS9_A,01:30,369,367,367,367,367,"99,46",14,353,0,2,2,0,0,0,2,0,0,2
16/09/2026,Azul,SSE1_C,02:00,248,248,248,248,248,100,2,246,0,0,0,0,0,0,0,0,0,0
16/09/2026,Rosa,FSP2_R,06:00,1827,1796,1796,1796,1813,"99,23",0,1796,0,31,14,1,0,16,15,16,0,31
16/09/2026,Rosa,XSP1_R,06:00,289,271,271,271,286,"98,96",0,271,0,18,3,0,0,15,3,15,0,18
16/09/2026,Verde,CVLHUB,08:00,120,118,118,118,120,100,0,118,0,2,0,0,0,2,0,2,0,2
16/09/2026,Verde,JADHUB,13:00,348,340,340,340,343,"98,56",0,340,0,8,5,0,0,3,5,3,0,8
16/09/2026,Verde,JETSL1,13:00,10521,10454,10454,10454,10486,"99,67",9565,889,0,67,35,0,0,32,35,32,59,8
16/09/2026,Verde,LOGHUB,13:00,110,108,108,108,110,100,0,108,0,2,0,0,0,2,0,2,0,2
16/09/2026,Verde,SBA1,04:00,607,598,598,598,600,"98,85",415,183,0,9,7,0,0,2,7,2,2,7
16/09/2026,Verde,SBA2,08:00,582,567,567,567,571,"98,11",339,228,0,15,11,0,0,4,11,4,12,3
16/09/2026,Verde,SBA3,08:00,559,555,555,555,556,"99,46",24,531,0,4,3,0,0,1,3,1,0,4
16/09/2026,Verde,SBA4,08:00,886,872,872,872,878,"99,1",120,752,0,14,8,0,0,6,8,6,5,9
16/09/2026,Verde,SBA7,08:00,706,703,703,703,705,"99,86",253,450,0,3,1,0,0,2,1,2,0,3
16/09/2026,Verde,SES3,08:00,362,355,355,355,356,"98,34",152,203,0,7,6,0,0,1,6,1,6,1
16/09/2026,Verde,SES3_X,08:00,392,390,390,390,392,100,172,218,0,2,0,0,0,2,0,2,2,0
16/09/2026,Verde,SGO1,08:00,573,567,567,567,571,"99,65",262,305,0,6,2,0,0,4,2,4,2,4
16/09/2026,Verde,SMG1,05:30,933,922,922,922,927,"99,36",199,723,0,11,6,0,0,5,6,5,5,6
16/09/2026,Verde,SMG10,05:00,397,392,392,392,396,"99,75",2,390,0,5,1,0,0,4,1,4,0,5
16/09/2026,Verde,SMG13,08:00,229,224,224,224,224,"97,82",6,218,0,5,5,0,0,0,5,0,0,5
16/09/2026,Verde,SMG13_X,08:00,293,289,289,289,290,"98,98",16,273,0,4,3,0,0,1,3,1,0,4
16/09/2026,Verde,SMG14,05:00,842,835,835,835,836,"99,29",59,776,0,7,6,0,0,1,6,1,2,5
16/09/2026,Verde,SMG15,05:30,997,987,987,987,990,"99,3",262,725,0,10,7,0,0,3,7,3,3,7
16/09/2026,Verde,SMG18,05:30,341,333,333,333,338,"99,12",98,235,0,8,3,0,0,5,3,5,5,3
16/09/2026,Verde,SMG1_V,05:30,228,222,222,222,223,"97,81",1,221,0,6,5,0,0,1,5,1,0,6
16/09/2026,Verde,SMG2,05:00,1155,1143,1143,1143,1146,"99,22",319,824,0,12,9,0,0,3,9,3,2,10
16/09/2026,Verde,SMG8,05:30,794,780,780,780,785,"98,87",26,754,0,14,9,1,0,4,10,4,1,13
16/09/2026,Verde,SMR1,04:00,831,821,821,821,823,"99,04",353,468,0,10,8,0,0,2,8,2,5,5
16/09/2026,Verde,SMS1,08:00,623,613,613,613,621,"99,68",298,315,0,10,2,0,0,8,2,8,5,5
16/09/2026,Verde,SPA1,04:00,1056,1042,1042,1042,1048,"99,24",524,518,0,14,8,0,0,6,8,6,7,7
16/09/2026,Verde,SPI1,08:00,470,460,460,460,465,"98,94",319,141,0,10,5,0,0,5,5,5,5,5
16/09/2026,Verde,SPR1,03:00,1356,1338,1338,1338,1340,"98,82",611,727,0,18,16,0,0,2,16,2,13,5
16/09/2026,Verde,SPR6,03:00,1011,987,987,987,996,"98,52",237,750,0,24,15,0,0,9,15,9,16,8
16/09/2026,Verde,SRJ8,04:00,979,972,972,972,975,"99,59",216,756,0,7,4,0,0,3,4,3,2,5
16/09/2026,Verde,SRN1,08:00,474,469,469,469,470,"99,16",333,136,0,5,4,0,0,1,4,1,4,1
16/09/2026,Verde,SRS10,08:00,405,403,403,403,404,"99,75",161,242,0,2,1,0,0,1,1,1,1,1
16/09/2026,Verde,SRS2,08:00,536,525,525,525,529,"98,69",200,325,0,11,7,0,0,4,7,4,5,6
16/09/2026,Verde,SRS4,05:00,617,616,616,616,616,"99,84",135,481,0,1,1,0,0,0,1,0,0,1
16/09/2026,Verde,SRS5,04:00,703,694,694,694,697,"99,15",236,458,0,9,6,1,0,2,7,2,4,5
16/09/2026,Verde,SSC1,13:00,873,870,870,870,872,"99,89",222,648,0,3,1,0,0,2,1,2,1,2
16/09/2026,Verde,SSC2,04:00,1165,1152,1152,1152,1162,"99,74",396,756,0,13,3,0,0,10,3,10,6,7
16/09/2026,Verde,SSC3,03:00,721,707,707,707,711,"98,61",266,441,0,14,10,0,0,4,10,4,9,5
16/09/2026,Verde,SSE1,08:00,472,465,465,465,468,"99,15",279,186,0,7,4,0,0,3,4,3,4,3
16/09/2026,Verde,SSP11,08:00,568,560,560,560,567,"99,82",109,451,0,8,1,0,0,7,1,7,5,3
16/09/2026,Verde,SSP23,03:00,896,889,889,889,893,"99,67",259,630,0,7,3,0,0,4,3,4,1,6
16/09/2026,Verde,SSP29,03:00,904,896,896,896,900,"99,56",109,787,0,8,4,0,0,4,4,4,1,7
16/09/2026,Verde,SSP50,04:00,479,462,462,462,473,"98,75",48,414,0,17,6,0,0,11,6,11,0,17
16/09/2026,Verde,SSP50_V,04:00,38,29,29,29,34,"89,47",6,23,0,9,4,0,0,5,4,5,0,9
16/09/2026,Verde,SSP52,13:00,371,370,369,369,370,"99,73",369,0,0,2,1,0,0,1,1,1,2,0
16/09/2026,Verde,SSP56,08:00,219,210,210,210,215,"98,17",42,168,0,9,4,0,0,5,4,5,0,9
16/09/2026,Verde,SSP7,03:00,563,554,554,554,557,"98,93",18,536,0,9,6,0,0,3,6,3,0,9
16/09/2026,Verde,STO1,08:00,282,280,280,280,280,"99,29",36,244,0,2,2,0,0,0,2,0,0,2
16/09/2026,Verde,STO2,08:00,421,417,417,417,417,"99,05",189,228,0,4,4,0,0,0,4,0,1,3
16/09/2026,Verde,XSP23_3,08:00,1038,1027,1027,1027,1033,"99,52",317,710,0,11,5,0,0,6,5,6,7,4
16/09/2026,Verde,XSP9_1,04:00,753,736,736,736,747,"99,2",472,264,0,17,6,0,0,11,6,11,13,4
16/09/2026,Verde,XSP9_2,08:00,2075,2032,2032,2032,2068,"99,66",1128,904,0,43,7,3,0,33,10,33,23,20
16/09/2026,Vermelha,SAL1,02:30,1212,1204,1204,1204,1207,"99,59",817,387,0,8,5,0,0,3,5,3,6,2
16/09/2026,Vermelha,SES1,02:30,656,649,649,649,654,"99,7",334,315,0,7,2,0,0,5,2,5,2,5
16/09/2026,Vermelha,SMG3,02:00,804,796,796,796,799,"99,38",60,736,0,8,5,0,0,3,5,3,0,8
16/09/2026,Vermelha,SMG5,01:30,459,455,454,454,459,100,14,440,0,5,0,1,0,4,1,4,0,5
16/09/2026,Vermelha,SMG7,13:00,467,467,467,467,467,100,154,313,0,0,0,0,0,0,0,0,0,0
16/09/2026,Vermelha,SMN2,05:00,260,254,254,254,258,"99,23",122,132,0,6,2,1,0,3,3,3,2,4
16/09/2026,Vermelha,SRJ1,01:30,1533,1517,1514,1514,1525,"99,48",484,1030,0,19,8,3,0,8,11,8,6,13
16/09/2026,Vermelha,SRJ10,01:00,1457,1441,1441,1441,1453,"99,73",440,1001,0,16,4,0,0,12,4,12,2,14
16/09/2026,Vermelha,SRJ10_V,01:00,103,98,99,99,101,"98,06",11,88,0,4,2,1,0,1,3,1,0,4
16/09/2026,Vermelha,SRJ13,01:30,847,840,839,839,844,"99,65",52,787,0,8,3,1,0,4,4,4,1,7
16/09/2026,Vermelha,SRJ2,02:00,1262,1249,1249,1249,1254,"99,37",454,795,0,13,8,0,0,5,8,5,1,12
16/09/2026,Vermelha,SRJ3,02:30,818,807,807,807,815,"99,63",205,602,0,11,3,0,0,8,3,8,1,10
16/09/2026,Vermelha,SRJ6,01:30,1243,1234,1234,1234,1240,"99,76",305,929,0,9,3,0,0,6,3,6,0,9
16/09/2026,Vermelha,SRS8,03:00,608,601,601,601,606,"99,67",198,403,0,7,2,0,0,5,2,5,0,7
16/09/2026,Vermelha,SRS9,02:30,437,430,412,412,433,"99,08",172,240,0,25,4,18,0,3,22,3,20,5
16/09/2026,Vermelha,SRS9_V,02:30,100,98,98,98,98,98,4,94,0,2,2,0,0,0,2,0,0,2
16/09/2026,Vermelha,SSC4,02:30,766,761,761,761,763,"99,61",196,565,0,5,3,0,0,2,3,2,1,4
16/09/2026,Vermelha,SSP1,02:00,764,739,739,739,752,"98,43",30,709,0,25,12,0,0,13,12,13,0,25
16/09/2026,Vermelha,SSP12,02:00,283,281,281,281,282,"99,65",103,178,0,2,1,0,0,1,1,1,0,2
16/09/2026,Vermelha,SSP13,01:00,927,923,924,924,926,"99,89",399,525,0,3,1,0,0,2,1,2,0,3
16/09/2026,Vermelha,SSP14,01:00,871,862,862,862,867,"99,54",17,845,0,9,4,0,0,5,4,5,0,9
16/09/2026,Vermelha,SSP15,01:30,1201,1179,1179,1179,1190,"99,08",207,972,0,22,11,0,0,11,11,11,2,20
16/09/2026,Vermelha,SSP16,01:00,483,479,479,479,479,"99,17",63,416,0,4,4,0,0,0,4,0,1,3
16/09/2026,Vermelha,SSP18,02:30,622,607,607,607,610,"98,07",13,594,0,15,12,0,0,3,12,3,0,15
16/09/2026,Vermelha,SSP20,02:30,818,807,807,807,815,"99,63",61,746,0,11,3,0,0,8,3,8,1,10
16/09/2026,Vermelha,SSP22,01:00,785,777,777,777,782,"99,62",15,762,0,8,3,0,0,5,3,5,0,8
16/09/2026,Vermelha,SSP24,01:30,443,433,433,433,435,"98,19",19,414,0,10,8,0,0,2,8,2,1,9
16/09/2026,Vermelha,SSP26,01:00,580,573,573,573,578,"99,66",18,555,0,7,2,1,0,4,3,4,0,7
16/09/2026,Vermelha,SSP27,02:30,405,394,394,394,402,"99,26",16,378,0,11,3,0,0,8,3,8,0,11
16/09/2026,Vermelha,SSP31,01:30,491,486,486,486,487,"99,19",196,290,0,5,4,0,0,1,4,1,2,3
16/09/2026,Vermelha,SSP37,02:30,637,630,630,630,631,"99,06",23,607,0,7,6,0,0,1,6,1,0,7
16/09/2026,Vermelha,SSP38,02:30,764,760,760,760,762,"99,74",47,713,0,4,2,0,0,2,2,2,0,4
16/09/2026,Vermelha,SSP39,02:00,589,588,588,588,588,"99,83",233,355,0,1,1,0,0,0,1,0,0,1
16/09/2026,Vermelha,SSP4,01:00,911,906,906,906,909,"99,78",304,602,0,5,2,0,0,3,2,3,2,3
16/09/2026,Vermelha,SSP46,01:30,386,382,382,382,385,"99,74",70,312,0,4,1,0,0,3,1,3,0,4
16/09/2026,Vermelha,SSP6,02:00,737,732,732,732,737,100,199,533,0,5,0,0,0,5,0,5,0,5
16/09/2026,Vermelha,SSP9,02:00,928,916,916,916,919,"99,03",167,749,0,12,9,0,0,3,9,3,3,9
16/09/2026,Vermelha,SSP9_V,02:00,124,120,120,120,122,"98,39",30,90,0,4,2,0,0,2,2,2,2,2
16/09/2026,Vermelha,XSP9_6,08:00,3466,3359,3359,3359,3376,"97,4",1675,1684,0,107,90,1,0,16,91,16,14,93
15/09/2026,Amarela,SBA6,04:00,714,704,682,682,709,"99,3",304,378,0,32,5,22,0,5,27,5,7,25
15/09/2026,Amarela,SDF1,03:00,1059,1036,1030,1030,1055,"99,62",598,432,0,29,4,7,0,18,11,18,16,13
15/09/2026,Amarela,SDF2,03:00,575,571,571,571,575,100,358,213,0,4,0,0,0,4,0,4,2,2
15/09/2026,Amarela,SES2,04:00,465,460,460,460,463,"99,57",122,338,0,5,2,0,0,3,2,3,0,5
15/09/2026,Amarela,SMG11,04:00,630,625,625,625,628,"99,68",185,440,0,5,2,0,0,3,2,3,2,3
15/09/2026,Amarela,SMG12,03:00,691,686,686,686,690,"99,86",174,512,0,5,1,0,0,4,1,4,2,3
15/09/2026,Amarela,SMG4,03:00,551,542,542,542,549,"99,64",130,412,0,9,2,0,0,7,2,7,1,8
15/09/2026,Amarela,SMG6,03:00,995,982,982,982,992,"99,7",232,750,0,13,3,0,0,10,3,10,2,11
15/09/2026,Amarela,SMG9,02:30,1009,989,987,987,1002,"99,31",166,821,0,22,7,2,0,13,9,13,7,15
15/09/2026,Amarela,SMN1,04:00,603,595,595,595,597,99,157,438,0,8,6,0,0,2,6,2,1,7
15/09/2026,Amarela,SMS2,03:00,788,779,779,779,782,"99,24",399,380,0,9,6,0,0,3,6,3,1,8
15/09/2026,Amarela,SPA2,04:00,775,770,770,770,773,"99,74",397,373,0,5,2,0,0,3,2,3,1,4
15/09/2026,Amarela,SPE1,04:00,1235,1224,1225,1225,1231,"99,68",769,456,0,10,4,0,0,6,4,6,2,8
15/09/2026,Amarela,SPR10,04:00,555,546,547,547,553,"99,64",186,361,0,8,2,0,0,6,2,6,2,6
15/09/2026,Amarela,SPR2,03:00,681,672,672,672,679,"99,71",12,660,0,9,2,0,0,7,2,7,0,9
15/09/2026,Amarela,SPR4,08:00,424,420,420,420,421,"99,29",76,344,0,4,3,0,0,1,3,1,0,4
15/09/2026,Amarela,SPR5,03:00,361,353,353,353,359,"99,45",73,280,0,8,2,0,0,6,2,6,1,7
15/09/2026,Amarela,SPR7,03:00,648,644,645,645,648,100,173,472,0,3,0,0,0,3,0,3,1,2
15/09/2026,Amarela,SPR8,04:00,1140,1120,1120,1120,1133,"99,39",325,795,0,20,7,0,0,13,7,13,3,17
15/09/2026,Amarela,SPR8_V,04:00,215,211,211,211,213,"99,07",4,207,0,4,2,0,0,2,2,2,0,4
15/09/2026,Amarela,SRJ12,04:00,274,267,267,267,268,"97,81",78,189,0,7,6,0,0,1,6,1,1,6
15/09/2026,Amarela,SRJ4,04:00,932,923,923,923,931,"99,89",183,740,0,9,1,0,0,8,1,8,2,7
15/09/2026,Amarela,SRJ5,04:00,566,562,562,562,566,100,212,350,0,4,0,0,0,4,0,4,2,2
15/09/2026,Amarela,SRJ7,04:00,347,343,343,343,344,"99,14",89,254,0,4,3,0,0,1,3,1,2,2
15/09/2026,Amarela,SRJ9,04:00,386,380,380,380,383,"99,22",58,322,0,6,3,0,0,3,3,3,3,3
15/09/2026,Amarela,SRS1,04:00,385,371,371,371,376,"97,66",99,272,0,14,9,0,0,5,9,5,4,10
15/09/2026,Amarela,SRS3,08:00,574,567,567,567,572,"99,65",166,401,0,7,2,0,0,5,2,5,1,6
15/09/2026,Amarela,SSC5,08:00,795,784,785,785,793,"99,75",264,521,0,10,2,0,0,8,2,8,4,6
15/09/2026,Amarela,SSC7,04:00,734,726,726,726,730,"99,46",220,506,0,8,4,0,0,4,4,4,2,6
15/09/2026,Amarela,SSC8,03:00,720,703,703,703,715,"99,31",118,585,0,17,5,0,0,12,5,12,4,13
15/09/2026,Amarela,SSC9,03:00,756,746,746,746,752,"99,47",240,506,0,10,4,0,0,6,4,6,1,9
15/09/2026,Amarela,SSP10,04:00,627,614,614,614,625,"99,68",101,513,0,13,2,0,0,11,2,11,0,13
15/09/2026,Amarela,SSP17,02:30,596,577,577,577,591,"99,16",19,558,0,19,5,0,0,14,5,14,0,19
15/09/2026,Amarela,SSP17_V,02:30,80,75,75,75,77,"96,25",9,66,0,5,3,0,0,2,3,2,1,4
15/09/2026,Amarela,SSP21,03:00,522,515,515,515,519,"99,43",111,404,0,7,3,0,0,4,3,4,0,7
15/09/2026,Amarela,SSP25,03:00,1099,1085,1085,1085,1090,"99,18",276,809,0,14,9,0,0,5,9,5,2,12
15/09/2026,Amarela,SSP28,04:00,437,432,432,432,433,"99,08",106,326,0,5,4,0,0,1,4,1,3,2
15/09/2026,Amarela,SSP3,02:30,731,713,713,713,722,"98,77",40,673,0,18,9,0,0,9,9,9,2,16
15/09/2026,Amarela,SSP30,03:00,1399,1376,1376,1376,1395,"99,71",349,1027,0,23,4,0,0,19,4,19,4,19
15/09/2026,Amarela,SSP34,03:00,830,821,821,821,825,"99,4",142,679,0,9,5,0,0,4,5,4,1,8
15/09/2026,Amarela,SSP36,05:30,598,566,566,566,571,"95,48",67,499,0,32,27,0,0,5,27,5,3,29
15/09/2026,Amarela,SSP40,03:00,711,692,692,692,708,"99,58",159,533,0,19,3,0,0,16,3,16,0,19
15/09/2026,Amarela,SSP40_V,03:00,74,73,73,73,73,"98,65",5,68,0,1,1,0,0,0,1,0,0,1
15/09/2026,Amarela,SSP45,03:00,732,711,712,712,729,"99,59",195,517,0,20,3,0,0,17,3,17,1,19
15/09/2026,Amarela,SSP45_V,03:00,158,153,153,153,154,"97,47",10,143,0,5,4,0,0,1,4,1,0,5
15/09/2026,Amarela,SSP48,03:00,857,842,842,842,848,"98,95",170,672,0,15,9,0,0,6,9,6,0,15
15/09/2026,Amarela,SSP49,03:00,357,355,355,355,356,"99,72",73,282,0,2,1,0,0,1,1,1,1,1
15/09/2026,Amarela,SSP5,03:00,1119,1099,1099,1099,1116,"99,73",280,819,0,20,3,0,0,17,3,17,0,20
15/09/2026,Amarela,SSP5_V,03:00,172,161,161,161,164,"95,35",5,156,0,11,8,0,0,3,8,3,0,11
15/09/2026,Amarela,SSP8,02:30,1820,1791,1791,1791,1807,"99,29",511,1280,0,29,13,0,0,16,13,16,8,21
15/09/2026,Amarela,XSP17_2,08:00,850,814,814,814,846,"99,53",128,686,0,36,4,0,0,32,4,32,3,33
15/09/2026,Amarela,XSP17_3,08:00,553,531,531,531,547,"98,92",163,368,0,22,6,0,0,16,6,16,13,9
15/09/2026,Amarela,XSP24_6,06:00,562,555,555,555,560,"99,64",217,338,0,7,2,0,0,5,2,5,2,5
15/09/2026,Amarela,XSP9_3,08:00,349,325,325,325,338,"96,85",18,307,0,24,11,3,0,10,14,10,16,8
15/09/2026,Azul,SAL1_C,02:00,234,234,234,234,234,100,14,220,0,0,0,0,0,0,0,0,0,0
15/09/2026,Azul,SAM1_A,05:00,588,587,587,587,588,100,261,326,0,1,0,0,0,1,0,1,1,0
15/09/2026,Azul,SBA1_A,01:30,419,416,414,414,419,100,45,369,0,5,0,0,0,5,0,5,2,3
15/09/2026,Azul,SBA2_C,02:00,711,711,435,483,711,100,2,481,0,228,0,227,0,1,227,1,15,213
15/09/2026,Azul,SBA6_A,01:00,480,475,475,475,475,"98,96",29,446,0,5,5,0,0,0,5,0,0,5
15/09/2026,Azul,SCE1_C,02:00,127,118,118,118,127,100,10,108,0,9,0,0,0,9,0,9,8,1
15/09/2026,Azul,SCE3_A,01:00,116,116,116,116,116,100,1,115,0,0,0,0,0,0,0,0,0,0
15/09/2026,Azul,SDF1_A,01:30,443,440,440,440,441,"99,55",15,425,0,3,2,0,0,1,2,1,2,1
15/09/2026,Azul,SDF2_A,01:30,235,235,235,235,235,100,7,228,0,0,0,0,0,0,0,0,0,0
15/09/2026,Azul,SES1_A,01:30,400,391,391,391,395,"98,75",1,390,0,9,5,0,0,4,5,4,3,6
15/09/2026,Azul,SGO1_A,01:00,370,366,365,365,370,100,15,350,0,5,0,0,0,5,0,5,2,3
15/09/2026,Azul,SGO3_A,01:00,315,313,313,313,314,"99,68",23,290,0,2,1,0,0,1,1,1,1,1
15/09/2026,Azul,SJP1X_A,05:00,185,185,185,185,185,100,75,110,0,0,0,0,0,0,0,0,0,0
15/09/2026,Azul,SJP1_A,05:00,308,307,307,307,308,100,91,216,0,1,0,0,0,1,0,1,0,1
15/09/2026,Azul,SMN1_A,05:00,463,460,460,460,463,100,51,409,0,3,0,0,0,3,0,3,1,2
15/09/2026,Azul,SMN2_C,05:00,55,53,52,52,55,100,0,52,0,3,0,0,0,3,0,3,1,2
15/09/2026,Azul,SMR1_A,01:00,424,424,424,424,424,100,12,412,0,0,0,0,0,0,0,0,0,0
15/09/2026,Azul,SMR2_A,01:00,229,227,210,210,229,100,7,203,0,19,0,0,0,19,0,19,19,0
15/09/2026,Azul,SPA1_C,05:00,178,175,175,175,178,100,10,165,0,3,0,0,0,3,0,3,2,1
15/09/2026,Azul,SPE1_A,01:00,449,446,446,446,449,100,43,403,0,3,0,0,0,3,0,3,1,2
15/09/2026,Azul,SPI1_A,05:00,332,331,331,331,331,"99,7",7,324,0,1,1,0,0,0,1,0,0,1
15/09/2026,Azul,SRN1_A,05:00,186,186,186,186,186,100,77,109,0,0,0,0,0,0,0,0,0,0
15/09/2026,Azul,SRN2_A,05:00,126,123,61,61,126,100,61,0,0,65,0,62,0,3,62,3,2,63
15/09/2026,Azul,SRS1_A,01:30,231,229,229,229,231,100,1,228,0,2,0,0,0,2,0,2,0,2
15/09/2026,Azul,SRS8_A,01:30,270,263,263,263,270,100,6,257,0,7,0,0,0,7,0,7,5,2
15/09/2026,Azul,SRS9_A,01:30,388,384,383,383,386,"99,48",0,383,0,5,2,0,0,3,2,3,0,5
15/09/2026,Azul,SSE1_C,02:00,269,268,268,268,269,100,12,256,0,1,0,0,0,1,0,1,0,1
15/09/2026,Rosa,FSP2_R,06:00,2300,2148,2148,2148,2231,97,0,2148,0,152,69,0,0,83,69,83,0,152
15/09/2026,Rosa,XSP1_R,06:00,626,470,470,470,619,"98,88",0,470,0,156,7,0,0,149,7,149,0,156
15/09/2026,Verde,CVLHUB,08:00,172,170,170,170,170,"98,84",0,170,0,2,2,0,0,0,2,0,0,2
15/09/2026,Verde,JADHUB,13:00,398,389,389,389,394,"98,99",1,388,0,9,4,0,0,5,4,5,0,9
15/09/2026,Verde,JETSL1,13:00,8626,8523,8523,8523,8584,"99,51",7528,995,0,103,42,0,0,61,42,61,92,11
15/09/2026,Verde,LOGHUB,13:00,120,119,119,119,120,100,0,119,0,1,0,0,0,1,0,1,0,1
15/09/2026,Verde,SBA1,04:00,500,485,485,485,493,"98,6",220,265,0,15,7,0,0,8,7,8,6,9
15/09/2026,Verde,SBA2,08:00,554,551,551,551,552,"99,64",267,284,0,3,2,0,0,1,2,1,0,3
15/09/2026,Verde,SBA3,08:00,782,767,767,767,777,"99,36",141,626,0,15,5,0,0,10,5,10,1,14
15/09/2026,Verde,SBA4,08:00,963,952,952,952,960,"99,69",140,812,0,11,3,0,0,8,3,8,1,10
15/09/2026,Verde,SBA7,08:00,783,769,769,769,778,"99,36",179,590,0,14,5,0,0,9,5,9,2,12
15/09/2026,Verde,SES3,08:00,372,365,365,365,370,"99,46",170,195,0,7,2,0,0,5,2,5,4,3
15/09/2026,Verde,SES3_X,08:00,435,428,428,428,433,"99,54",135,293,0,7,2,0,0,5,2,5,0,7
15/09/2026,Verde,SGO1,08:00,771,766,766,766,771,100,377,389,0,5,0,0,0,5,0,5,3,2
15/09/2026,Verde,SMG1,05:30,988,975,975,975,982,"99,39",226,749,0,13,6,0,0,7,6,7,7,6
15/09/2026,Verde,SMG10,05:00,515,508,508,508,514,"99,81",6,502,0,7,1,0,0,6,1,6,0,7
15/09/2026,Verde,SMG13,08:00,347,343,343,343,345,"99,42",94,249,0,4,2,0,0,2,2,2,0,4
15/09/2026,Verde,SMG13_X,08:00,453,448,448,448,451,"99,56",131,317,0,5,2,0,0,3,2,3,1,4
15/09/2026,Verde,SMG14,05:00,1190,1174,1174,1174,1185,"99,58",266,908,0,16,5,0,0,11,5,11,4,12
15/09/2026,Verde,SMG15,05:30,1026,1013,1013,1013,1021,"99,51",102,911,0,13,5,0,0,8,5,8,3,10
15/09/2026,Verde,SMG18,05:30,429,419,419,419,424,"98,83",135,284,0,10,5,0,0,5,5,5,2,8
15/09/2026,Verde,SMG1_V,05:30,274,260,260,260,267,"97,45",3,257,0,14,7,0,0,7,7,7,5,9
15/09/2026,Verde,SMG2,05:00,974,960,960,960,969,"99,49",104,856,0,14,5,0,0,9,5,9,2,12
15/09/2026,Verde,SMG8,05:30,1085,1067,1068,1068,1079,"99,45",190,878,0,17,6,0,0,11,6,11,6,11
15/09/2026,Verde,SMR1,04:00,1255,1231,1231,1231,1245,"99,2",262,969,0,24,10,0,0,14,10,14,11,13
15/09/2026,Verde,SMS1,08:00,727,716,716,716,725,"99,72",328,388,0,11,2,0,0,9,2,9,4,7
15/09/2026,Verde,SPA1,04:00,1077,1060,1060,1060,1071,"99,44",452,608,0,17,6,0,0,11,6,11,10,7
15/09/2026,Verde,SPI1,08:00,516,499,499,499,506,"98,06",178,321,0,17,10,0,0,7,10,7,9,8
15/09/2026,Verde,SPR1,03:00,1348,1323,1323,1323,1335,"99,04",506,817,0,25,13,0,0,12,13,12,18,7
15/09/2026,Verde,SPR6,03:00,1067,1042,1042,1042,1057,"99,06",224,818,0,25,10,1,0,14,11,14,7,18
15/09/2026,Verde,SRJ8,04:00,1059,1043,1043,1043,1053,"99,43",190,853,0,16,6,0,0,10,6,10,1,15
15/09/2026,Verde,SRN1,08:00,492,478,478,478,487,"98,98",300,178,0,14,5,0,0,9,5,9,8,6
15/09/2026,Verde,SRS10,08:00,424,418,418,418,422,"99,53",88,330,0,6,2,0,0,4,2,4,1,5
15/09/2026,Verde,SRS2,08:00,635,629,629,629,633,"99,69",188,441,0,6,2,0,0,4,2,4,1,5
15/09/2026,Verde,SRS4,05:00,1093,1078,1078,1078,1088,"99,54",354,724,0,15,5,0,0,10,5,10,2,13
15/09/2026,Verde,SRS5,04:00,838,830,830,830,836,"99,76",237,593,0,8,2,0,0,6,2,6,1,7
15/09/2026,Verde,SSC1,13:00,1109,1086,1086,1086,1103,"99,46",271,815,0,23,6,0,0,17,6,17,5,18
15/09/2026,Verde,SSC2,04:00,1233,1218,1218,1218,1231,"99,84",400,818,0,15,2,0,0,13,2,13,5,10
15/09/2026,Verde,SSC3,03:00,857,842,842,842,854,"99,65",214,628,0,15,3,0,1,11,4,11,5,10
15/09/2026,Verde,SSE1,08:00,588,577,577,577,580,"98,64",327,250,0,11,8,0,0,3,8,3,2,9
15/09/2026,Verde,SSP11,08:00,616,608,608,608,614,"99,68",120,488,0,8,2,0,0,6,2,6,3,5
15/09/2026,Verde,SSP23,03:00,965,942,942,942,957,"99,17",219,723,0,23,8,0,0,15,8,15,5,18
15/09/2026,Verde,SSP29,03:00,970,955,955,955,967,"99,69",161,794,0,15,3,0,0,12,3,12,6,9
15/09/2026,Verde,SSP50,04:00,363,332,332,332,354,"97,52",47,285,0,31,9,0,0,22,9,22,1,30
15/09/2026,Verde,SSP50_V,04:00,71,61,61,61,70,"98,59",3,58,0,10,1,0,0,9,1,9,3,7
15/09/2026,Verde,SSP52,13:00,270,264,264,264,267,"98,89",264,0,0,6,3,0,0,3,3,3,6,0
15/09/2026,Verde,SSP56,08:00,255,248,248,248,254,"99,61",55,193,0,7,1,0,0,6,1,6,0,7
15/09/2026,Verde,SSP7,03:00,841,825,826,826,837,"99,52",122,704,0,15,4,0,0,11,4,11,1,14
15/09/2026,Verde,STO1,08:00,433,429,429,429,432,"99,77",103,326,0,4,1,0,0,3,1,3,1,3
15/09/2026,Verde,STO2,08:00,654,648,648,648,651,"99,54",369,279,0,6,3,0,0,3,3,3,5,1
15/09/2026,Verde,XSP23_3,08:00,1306,1272,1272,1272,1296,"99,23",286,986,0,34,10,1,0,23,11,23,14,20
15/09/2026,Verde,XSP9_1,04:00,640,591,591,591,627,"97,97",297,294,0,49,13,0,0,36,13,36,44,5
15/09/2026,Verde,XSP9_2,08:00,2194,2062,2062,2062,2181,"99,41",1038,1024,0,132,13,0,0,119,13,119,96,36
15/09/2026,Vermelha,SAL1,02:30,1053,1044,1044,1044,1051,"99,81",640,404,0,9,2,0,0,7,2,7,3,6
15/09/2026,Vermelha,SES1,02:30,807,803,803,803,805,"99,75",433,370,0,4,2,0,0,2,2,2,1,3
15/09/2026,Vermelha,SMG3,02:00,481,467,466,466,475,"98,75",102,364,0,15,6,1,0,8,7,8,5,10
15/09/2026,Vermelha,SMG5,01:30,726,713,713,713,722,"99,45",207,506,0,13,4,0,0,9,4,9,2,11
15/09/2026,Vermelha,SMG7,13:00,466,458,458,458,461,"98,93",99,359,0,8,5,0,0,3,5,3,1,7
15/09/2026,Vermelha,SMN2,05:00,153,149,147,147,152,"99,35",58,89,0,6,1,2,0,3,3,3,0,6
15/09/2026,Vermelha,SRJ1,01:30,1753,1730,1728,1728,1749,"99,77",576,1152,0,25,4,5,0,16,9,16,16,9
15/09/2026,Vermelha,SRJ10,01:00,1909,1882,1880,1880,1905,"99,79",569,1311,0,29,4,3,0,22,7,22,14,15
15/09/2026,Vermelha,SRJ10_V,01:00,186,177,177,177,179,"96,24",10,167,0,9,7,0,0,2,7,2,0,9
15/09/2026,Vermelha,SRJ13,01:30,605,594,590,590,602,"99,5",118,472,0,15,3,5,0,7,8,7,4,11
15/09/2026,Vermelha,SRJ2,02:00,1367,1349,1332,1332,1358,"99,34",450,882,0,35,9,0,0,26,9,26,8,27
15/09/2026,Vermelha,SRJ3,02:30,1052,1039,1039,1039,1046,"99,43",279,760,0,13,6,0,0,7,6,7,6,7
15/09/2026,Vermelha,SRJ6,01:30,1178,1162,1162,1162,1172,"99,49",290,872,0,16,6,1,0,9,7,9,10,6
15/09/2026,Vermelha,SRS8,03:00,747,737,737,737,743,"99,46",207,530,0,10,4,0,0,6,4,6,5,5
15/09/2026,Vermelha,SRS9,02:30,598,593,593,593,597,"99,83",202,391,0,5,1,0,0,4,1,4,0,5
15/09/2026,Vermelha,SRS9_V,02:30,203,202,202,202,202,"99,51",33,169,0,1,1,0,0,0,1,0,1,0
15/09/2026,Vermelha,SSC4,02:30,1054,1037,1037,1037,1043,"98,96",167,870,0,17,11,0,0,6,11,6,1,16
15/09/2026,Vermelha,SSP1,02:00,832,818,818,818,827,"99,4",46,772,0,14,5,0,0,9,5,9,1,13
15/09/2026,Vermelha,SSP12,02:00,253,249,249,249,251,"99,21",66,183,0,4,2,0,0,2,2,2,1,3
15/09/2026,Vermelha,SSP13,01:00,948,929,930,930,940,"99,16",315,615,0,18,8,0,0,10,8,10,7,11
15/09/2026,Vermelha,SSP14,01:00,1050,1032,1032,1032,1046,"99,62",143,889,0,18,4,0,0,14,4,14,3,15
15/09/2026,Vermelha,SSP15,01:30,1099,1090,1090,1090,1095,"99,64",233,857,0,9,4,0,0,5,4,5,0,9
15/09/2026,Vermelha,SSP16,01:00,787,773,773,773,778,"98,86",224,549,0,14,9,0,0,5,9,5,2,12
15/09/2026,Vermelha,SSP18,02:30,804,791,791,791,799,"99,38",41,750,0,13,5,0,0,8,5,8,1,12
15/09/2026,Vermelha,SSP20,02:30,1225,1197,1198,1198,1211,"98,86",297,901,0,27,14,0,0,13,14,13,5,22
15/09/2026,Vermelha,SSP22,01:00,1077,1062,1064,1064,1075,"99,81",121,943,0,13,2,1,0,10,3,10,7,6
15/09/2026,Vermelha,SSP24,01:30,715,709,709,709,713,"99,72",175,534,0,6,2,0,0,4,2,4,1,5
15/09/2026,Vermelha,SSP26,01:00,855,841,840,840,855,100,184,656,0,15,0,1,0,14,1,14,2,13
15/09/2026,Vermelha,SSP27,02:30,643,628,628,628,636,"98,91",122,506,0,15,7,0,0,8,7,8,0,15
15/09/2026,Vermelha,SSP31,01:30,540,535,534,534,538,"99,63",162,372,0,6,2,2,0,2,4,2,4,2
15/09/2026,Vermelha,SSP37,02:30,746,742,742,742,744,"99,73",47,695,0,4,2,0,0,2,2,2,0,4
15/09/2026,Vermelha,SSP38,02:30,806,795,795,795,799,"99,13",72,723,0,11,7,0,0,4,7,4,0,11
15/09/2026,Vermelha,SSP39,02:00,691,687,687,687,689,"99,71",181,506,0,4,2,0,0,2,2,2,1,3
15/09/2026,Vermelha,SSP4,01:00,1034,1009,1009,1009,1031,"99,71",243,766,0,25,3,0,0,22,3,22,15,10
15/09/2026,Vermelha,SSP46,01:30,465,459,459,459,462,"99,35",127,332,0,6,3,0,0,3,3,3,1,5
15/09/2026,Vermelha,SSP6,02:00,785,773,773,773,783,"99,75",162,611,0,12,2,0,0,10,2,10,1,11
15/09/2026,Vermelha,SSP9,02:00,1256,1244,1239,1239,1250,"99,52",187,1052,0,17,6,6,0,5,12,5,7,10
15/09/2026,Vermelha,SSP9_V,02:00,131,131,131,131,131,100,20,111,0,0,0,0,0,0,0,0,0,0
15/09/2026,Vermelha,XSP9_6,08:00,3591,3478,3478,3478,3567,"99,33",1442,2036,0,113,24,1,0,88,25,88,37,76
14/09/2026,Amarela,SBA6,04:00,415,408,408,408,410,"98,8",0,408,0,7,5,0,0,2,5,2,0,7
14/09/2026,Amarela,SDF1,03:00,567,531,532,532,561,"98,94",0,532,0,35,6,0,0,29,6,29,0,35
14/09/2026,Amarela,SDF2,03:00,713,646,646,646,712,"99,86",316,330,0,67,1,0,0,66,1,66,3,64
14/09/2026,Amarela,SES2,04:00,486,479,479,479,484,"99,59",0,479,0,7,2,0,0,5,2,5,0,7
14/09/2026,Amarela,SMG11,04:00,708,688,694,694,704,"99,44",0,694,0,14,4,0,0,10,4,10,0,14
14/09/2026,Amarela,SMG12,03:00,660,610,608,608,652,"98,79",0,608,0,52,8,0,0,44,8,44,0,52
14/09/2026,Amarela,SMG4,03:00,649,574,570,570,648,"99,85",0,570,0,79,1,0,0,78,1,78,0,79
14/09/2026,Amarela,SMG6,03:00,1034,1014,1006,1006,1030,"99,61",0,1006,0,28,4,0,0,24,4,24,0,28
14/09/2026,Amarela,SMG9,02:30,923,831,850,850,916,"99,24",3,847,0,73,7,1,0,65,8,65,0,73
14/09/2026,Amarela,SMN1,04:00,1098,1071,1071,1071,1076,98,0,1071,0,27,22,0,0,5,22,5,0,27
14/09/2026,Amarela,SMS2,03:00,480,473,473,473,477,"99,38",0,473,0,7,3,2,0,2,5,2,0,7
14/09/2026,Amarela,SPA2,04:00,922,902,902,902,918,"99,57",390,512,0,20,4,0,0,16,4,16,3,17
14/09/2026,Amarela,SPE1,04:00,592,587,587,587,589,"99,49",0,587,0,5,3,0,0,2,3,2,0,5
14/09/2026,Amarela,SPR10,04:00,599,584,584,584,594,"99,17",0,584,0,15,5,0,0,10,5,10,0,15
14/09/2026,Amarela,SPR2,03:00,1130,1058,887,887,1126,"99,65",0,887,0,243,4,0,0,239,4,239,0,243
14/09/2026,Amarela,SPR4,08:00,497,479,479,479,487,"97,99",0,479,0,18,10,0,0,8,10,8,0,18
14/09/2026,Amarela,SPR5,03:00,472,390,286,286,471,"99,79",0,286,0,186,1,0,0,185,1,185,0,186
14/09/2026,Amarela,SPR7,04:00,701,689,689,689,699,"99,71",4,685,0,12,2,1,0,9,3,9,0,12
14/09/2026,Amarela,SPR8,04:00,1213,1175,1175,1175,1200,"98,93",0,1175,0,38,13,0,0,25,13,25,0,38
14/09/2026,Amarela,SPR8_V,04:00,381,366,366,366,380,"99,74",22,344,0,15,1,0,0,14,1,14,0,15
14/09/2026,Amarela,SRJ12,04:00,319,317,317,317,319,100,0,317,0,2,0,0,0,2,0,2,0,2
14/09/2026,Amarela,SRJ4,04:00,946,919,919,919,938,"99,15",0,919,0,27,8,0,0,19,8,19,0,27
14/09/2026,Amarela,SRJ5,04:00,491,479,479,479,488,"99,39",0,479,0,12,3,0,0,9,3,9,0,12
14/09/2026,Amarela,SRJ7,04:00,390,381,381,381,387,"99,23",0,381,0,9,3,0,0,6,3,6,0,9
14/09/2026,Amarela,SRJ9,04:00,431,423,423,423,425,"98,61",0,423,0,8,6,0,0,2,6,2,0,8
14/09/2026,Amarela,SRS1,04:00,417,407,407,407,412,"98,8",0,407,0,10,5,0,0,5,5,5,0,10
14/09/2026,Amarela,SRS3,08:00,568,555,555,555,561,"98,77",0,555,0,13,7,2,0,4,9,4,0,13
14/09/2026,Amarela,SSC5,08:00,838,832,832,832,836,"99,76",0,832,0,6,2,0,0,4,2,4,0,6
14/09/2026,Amarela,SSC7,04:00,772,752,752,752,767,"99,35",0,752,0,20,5,0,0,15,5,15,0,20
14/09/2026,Amarela,SSC8,03:00,809,734,506,506,801,"99,01",0,506,0,303,8,0,0,295,8,295,0,303
14/09/2026,Amarela,SSC9,03:00,673,598,268,268,672,"99,85",0,268,0,405,1,0,0,404,1,404,0,405
14/09/2026,Amarela,SSP10,04:00,759,735,735,735,747,"98,42",0,735,0,24,12,0,0,12,12,12,0,24
14/09/2026,Amarela,SSP17,02:30,882,671,773,773,845,"95,8",39,734,0,109,37,25,0,47,62,47,0,109
14/09/2026,Amarela,SSP17_V,02:30,251,200,200,200,251,100,18,182,0,51,0,1,0,50,1,50,0,51
14/09/2026,Amarela,SSP21,03:00,572,534,541,541,555,"97,03",1,540,0,31,17,0,0,14,17,14,0,31
14/09/2026,Amarela,SSP25,03:00,1199,1156,2,1158,1190,"99,25",2,1156,0,41,9,3,0,29,12,29,1,40
14/09/2026,Amarela,SSP28,04:00,492,484,484,484,490,"99,59",0,484,0,8,2,0,0,6,2,6,0,8
14/09/2026,Amarela,SSP3,02:30,926,793,825,825,920,"99,35",1,824,0,101,6,0,0,95,6,95,1,100
14/09/2026,Amarela,SSP30,03:00,1758,1627,1679,1679,1745,"99,26",373,1306,0,79,13,1,0,65,14,65,1,78
14/09/2026,Amarela,SSP34,03:00,875,858,695,695,867,"99,09",4,691,0,180,8,3,0,169,11,169,0,180
14/09/2026,Amarela,SSP36,05:30,756,742,742,742,749,"99,07",6,736,0,14,7,0,0,7,7,7,0,14
14/09/2026,Amarela,SSP40,03:00,659,580,2,643,656,"99,54",0,643,0,16,3,0,0,13,3,13,0,16
14/09/2026,Amarela,SSP40_V,03:00,77,48,5,68,74,"96,1",3,65,0,9,3,0,0,6,3,6,0,9
14/09/2026,Amarela,SSP45,03:00,683,594,643,643,680,"99,56",2,641,0,40,3,0,0,37,3,37,0,40
14/09/2026,Amarela,SSP45_V,03:00,206,191,189,189,204,"99,03",7,182,0,17,2,1,0,14,3,14,0,17
14/09/2026,Amarela,SSP48,03:00,1201,1118,1170,1170,1191,"99,17",227,943,0,31,10,0,0,21,10,21,0,31
14/09/2026,Amarela,SSP49,03:00,385,374,0,374,382,"99,22",0,374,0,11,3,0,0,8,3,8,0,11
14/09/2026,Amarela,SSP5,03:00,1201,1089,1009,1009,1189,99,4,1005,0,192,12,1,0,179,13,179,0,192
14/09/2026,Amarela,SSP5_V,03:00,249,242,242,242,243,"97,59",2,240,0,7,6,0,0,1,6,1,0,7
14/09/2026,Amarela,SSP8,02:30,1695,1588,1638,1638,1683,"99,29",3,1635,0,57,12,0,0,45,12,45,0,57
14/09/2026,Amarela,XSP17_2,08:00,817,764,764,764,811,"99,27",0,764,0,53,6,0,0,47,6,47,0,53
14/09/2026,Amarela,XSP17_3,08:00,665,649,649,649,662,"99,55",184,465,0,16,3,0,0,13,3,13,3,13
14/09/2026,Amarela,XSP24_6,06:00,690,655,654,654,690,100,156,498,0,36,0,1,0,35,1,35,0,36
14/09/2026,Amarela,XSP9_3,08:00,617,578,578,578,607,"98,38",71,507,0,39,10,1,0,28,11,28,6,33
14/09/2026,Azul,SAL1_C,02:00,171,167,167,167,170,"99,42",5,162,0,4,1,0,0,3,1,3,0,4
14/09/2026,Azul,SAM1_A,05:00,532,527,527,527,530,"99,62",23,504,0,5,2,0,0,3,2,3,0,5
14/09/2026,Azul,SBA1_A,01:30,944,941,941,941,944,100,385,556,0,3,0,0,0,3,0,3,0,3
14/09/2026,Azul,SBA2_C,02:00,519,514,514,514,516,"99,42",1,513,0,5,3,1,0,1,4,1,0,5
14/09/2026,Azul,SBA6_A,01:00,934,932,932,932,933,"99,89",184,748,0,2,1,0,0,1,1,1,0,2
14/09/2026,Azul,SCE1_C,02:00,197,197,197,197,197,100,3,194,0,0,0,0,0,0,0,0,0,0
14/09/2026,Azul,SCE3_A,01:00,103,101,101,101,102,"99,03",0,101,0,2,1,0,0,1,1,1,0,2
14/09/2026,Azul,SDF1_A,01:30,806,801,801,801,803,"99,63",210,591,0,5,3,0,0,2,3,2,0,5
14/09/2026,Azul,SDF2_A,01:30,469,464,403,415,467,"99,57",93,322,0,54,2,0,0,52,2,52,2,52
14/09/2026,Azul,SES1_A,01:30,772,765,765,765,768,"99,48",10,755,0,7,4,0,0,3,4,3,0,7
14/09/2026,Azul,SFN1_C,05:00,3,3,3,3,3,100,0,3,0,0,0,0,0,0,0,0,0,0
14/09/2026,Azul,SGO1_A,01:00,321,313,316,316,321,100,2,314,0,5,0,0,0,5,0,5,0,5
14/09/2026,Azul,SGO3_A,01:00,287,282,282,282,287,100,0,282,0,5,0,0,0,5,0,5,0,5
14/09/2026,Azul,SJP1X_A,05:00,167,167,167,167,167,100,33,134,0,0,0,0,0,0,0,0,0,0
14/09/2026,Azul,SJP1_A,05:00,302,302,302,302,302,100,48,254,0,0,0,0,0,0,0,0,0,0
14/09/2026,Azul,SMN1_A,05:00,514,514,470,470,514,100,3,467,0,44,0,44,0,0,44,0,0,44
14/09/2026,Azul,SMN2_C,05:00,26,26,26,26,26,100,0,26,0,0,0,0,0,0,0,0,0,0
14/09/2026,Azul,SMR1_A,01:00,614,612,612,612,613,"99,84",49,563,0,2,1,0,0,1,1,1,0,2
14/09/2026,Azul,SMR2_A,01:00,391,389,389,389,390,"99,74",98,291,0,2,1,0,0,1,1,1,0,2
14/09/2026,Azul,SPA1_C,05:00,169,169,169,169,169,100,2,167,0,0,0,0,0,0,0,0,0,0
14/09/2026,Azul,SPE1_A,01:00,960,954,954,954,957,"99,69",368,586,0,6,3,0,0,3,3,3,2,4
14/09/2026,Azul,SPI1_A,05:00,327,326,326,326,327,100,3,323,0,1,0,0,0,1,0,1,0,1
14/09/2026,Azul,SRN1_A,05:00,158,156,156,156,157,"99,37",27,129,0,2,1,0,0,1,1,1,0,2
14/09/2026,Azul,SRN2_A,05:00,168,167,167,167,168,100,42,125,0,1,0,1,0,0,1,0,0,1
14/09/2026,Azul,SRS1_A,01:30,323,317,307,307,321,"99,38",0,307,0,16,2,0,0,14,2,14,0,16
14/09/2026,Azul,SRS8_A,01:30,342,339,339,339,342,100,0,339,0,3,0,0,0,3,0,3,0,3
14/09/2026,Azul,SRS9_A,01:30,464,464,464,464,464,100,1,463,0,0,0,0,0,0,0,0,0,0
14/09/2026,Azul,SSE1_C,02:00,295,295,295,295,295,100,4,291,0,0,0,0,0,0,0,0,0,0
14/09/2026,Rosa,FSP2_R,06:00,2136,2098,2098,2098,2113,"98,92",0,2098,0,38,23,0,0,15,23,15,0,38
14/09/2026,Rosa,XSP1_R,06:00,268,252,252,252,259,"96,64",0,252,0,16,9,0,0,7,9,7,0,16
14/09/2026,Verde,CVLHUB,08:00,349,343,343,343,345,"98,85",0,343,0,6,4,0,0,2,4,2,0,6
14/09/2026,Verde,JADHUB,13:00,537,527,527,527,535,"99,63",0,527,0,10,2,0,0,8,2,8,0,10
14/09/2026,Verde,JETSL1,13:00,7117,7077,7077,7077,7095,"99,69",6293,784,0,40,22,0,0,18,22,18,33,7
14/09/2026,Verde,LOGHUB,13:00,225,219,219,219,223,"99,11",0,219,0,6,2,0,0,4,2,4,0,6
14/09/2026,Verde,SBA1,04:00,332,324,324,324,329,"99,1",0,324,0,8,3,0,0,5,3,5,0,8
14/09/2026,Verde,SBA2,08:00,379,364,364,364,373,"98,42",0,364,0,15,6,0,0,9,6,9,0,15
14/09/2026,Verde,SBA3,06:00,1026,1009,1008,1008,1024,"99,81",4,1004,0,18,2,1,0,15,3,15,0,18
14/09/2026,Verde,SBA4,08:00,1268,1218,1218,1218,1230,97,0,1218,0,50,38,0,0,12,38,12,0,50
14/09/2026,Verde,SBA7,06:00,890,875,875,875,888,"99,78",2,873,0,15,2,1,0,12,3,12,0,15
14/09/2026,Verde,SES3,08:00,290,286,286,286,290,100,0,286,0,4,0,0,0,4,0,4,0,4
14/09/2026,Verde,SES3_X,08:00,519,512,512,512,516,"99,42",110,402,0,7,3,0,0,4,3,4,0,7
14/09/2026,Verde,SGO1,08:00,589,576,576,576,581,"98,64",0,576,0,13,8,0,0,5,8,5,0,13
14/09/2026,Verde,SMG1,05:30,1108,1096,1096,1096,1105,"99,73",2,1094,0,12,3,0,0,9,3,9,1,11
14/09/2026,Verde,SMG10,05:00,510,500,500,500,507,"99,41",0,500,0,10,3,0,0,7,3,7,0,10
14/09/2026,Verde,SMG13,08:00,400,389,389,389,396,99,0,389,0,11,4,0,0,7,4,7,0,11
14/09/2026,Verde,SMG13_X,08:00,438,425,425,425,436,"99,54",0,425,0,13,2,0,0,11,2,11,0,13
14/09/2026,Verde,SMG14,05:00,1252,1233,1233,1233,1247,"99,6",4,1229,0,19,5,0,0,14,5,14,0,19
14/09/2026,Verde,SMG15,05:30,995,986,986,986,992,"99,7",0,986,0,9,3,0,0,6,3,6,0,9
14/09/2026,Verde,SMG18,05:30,352,341,341,341,350,"99,43",0,341,0,11,2,0,0,9,2,9,0,11
14/09/2026,Verde,SMG1_V,05:30,99,95,95,95,97,"97,98",0,95,0,4,2,0,0,2,2,2,0,4
14/09/2026,Verde,SMG2,05:00,1198,1179,1179,1179,1192,"99,5",2,1177,0,19,6,0,0,13,6,13,1,18
14/09/2026,Verde,SMG8,05:30,1251,1221,1221,1221,1248,"99,76",6,1215,0,30,3,0,0,27,3,27,0,30
14/09/2026,Verde,SMR1,04:00,1225,1199,1199,1199,1216,"99,27",0,1199,0,26,9,0,0,17,9,17,0,26
14/09/2026,Verde,SMS1,08:00,489,487,487,487,489,100,0,487,0,2,0,0,0,2,0,2,0,2
14/09/2026,Verde,SPA1,04:00,678,672,672,672,677,"99,85",0,672,0,6,1,0,0,5,1,5,0,6
14/09/2026,Verde,SPI1,08:00,345,336,336,336,343,"99,42",0,336,0,9,2,0,0,7,2,7,0,9
14/09/2026,Verde,SPR1,03:00,1095,1076,1076,1076,1093,"99,82",41,1035,0,19,2,2,0,15,4,15,1,18
14/09/2026,Verde,SPR3,08:00,2,0,0,0,2,100,0,0,0,2,0,2,0,0,2,0,0,2
14/09/2026,Verde,SPR6,03:00,1370,1303,1103,1103,1365,"99,64",0,1103,0,267,5,0,0,262,5,262,0,267
14/09/2026,Verde,SRJ8,04:00,1293,1278,1278,1278,1287,"99,54",7,1271,0,15,6,0,0,9,6,9,0,15
14/09/2026,Verde,SRN1,08:00,212,206,206,206,211,"99,53",0,206,0,6,1,0,0,5,1,5,0,6
14/09/2026,Verde,SRS10,08:00,500,493,493,493,499,"99,8",0,493,0,7,1,0,0,6,1,6,0,7
14/09/2026,Verde,SRS2,08:00,588,581,581,581,585,"99,49",1,580,0,7,3,0,0,4,3,4,0,7
14/09/2026,Verde,SRS4,05:00,1000,981,981,981,996,"99,6",2,979,0,19,4,0,0,15,4,15,0,19
14/09/2026,Verde,SRS5,04:00,1027,1005,1005,1005,1021,"99,42",0,1005,0,22,6,0,0,16,6,16,0,22
14/09/2026,Verde,SSC1,13:00,1100,1079,1079,1079,1095,"99,55",0,1079,0,21,5,0,0,16,5,16,0,21
14/09/2026,Verde,SSC2,04:00,1106,1087,1087,1087,1105,"99,91",3,1084,0,19,1,0,0,18,1,18,0,19
14/09/2026,Verde,SSC3,03:00,793,785,785,785,790,"99,62",0,785,0,8,3,0,0,5,3,5,0,8
14/09/2026,Verde,SSE1,08:00,326,322,322,322,324,"99,39",0,322,0,4,2,0,0,2,2,2,0,4
14/09/2026,Verde,SSP11,08:00,755,739,739,739,752,"99,6",0,739,0,16,3,0,0,13,3,13,0,16
14/09/2026,Verde,SSP23,03:00,1069,1055,1055,1055,1067,"99,81",3,1052,0,14,2,1,0,11,3,11,0,14
14/09/2026,Verde,SSP29,03:00,1168,1147,4,1157,1165,"99,74",0,1157,0,11,3,0,0,8,3,8,1,10
14/09/2026,Verde,SSP50,04:00,736,693,693,693,714,"97,01",32,661,0,43,22,0,0,21,22,21,4,39
14/09/2026,Verde,SSP50_V,04:00,115,88,88,88,106,"92,17",9,79,0,27,9,0,0,18,9,18,0,27
14/09/2026,Verde,SSP52,13:00,352,349,311,311,351,"99,72",311,0,0,41,1,37,0,3,38,3,41,0
14/09/2026,Verde,SSP56,08:00,507,488,488,488,505,"99,61",124,364,0,19,2,0,0,17,2,17,0,19
14/09/2026,Verde,SSP7,03:00,859,847,847,847,854,"99,42",0,847,0,12,5,0,0,7,5,7,0,12
14/09/2026,Verde,STO1,08:00,584,575,575,575,583,"99,83",1,574,0,9,1,0,0,8,1,8,0,9
14/09/2026,Verde,STO2,08:00,528,525,525,525,526,"99,62",0,525,0,3,2,0,0,1,2,1,0,3
14/09/2026,Verde,XSP23_3,08:00,1620,1573,1573,1573,1615,"99,69",0,1573,0,47,5,3,0,39,8,39,0,47
14/09/2026,Verde,XSP9_1,04:00,807,794,794,794,803,"99,5",384,410,0,13,4,0,0,9,4,9,3,10
14/09/2026,Verde,XSP9_2,08:00,1252,1203,1204,1204,1237,"98,8",0,1204,0,48,15,0,0,33,15,33,0,48
14/09/2026,Vermelha,SAL1,02:30,575,565,565,565,571,"99,3",0,565,0,10,4,1,0,5,5,5,0,10
14/09/2026,Vermelha,SES1,02:30,527,398,471,471,520,"98,67",0,471,0,56,7,0,0,49,7,49,0,56
14/09/2026,Vermelha,SMG3,02:00,471,457,457,457,463,"98,3",3,454,0,14,8,0,0,6,8,6,0,14
14/09/2026,Vermelha,SMG5,01:30,628,620,620,620,626,"99,68",1,619,0,8,2,0,0,6,2,6,0,8
14/09/2026,Vermelha,SMG7,13:00,597,590,589,589,593,"99,33",0,589,0,8,4,0,0,4,4,4,0,8
14/09/2026,Vermelha,SMN2,05:00,56,50,50,50,53,"94,64",0,50,0,6,3,0,0,3,3,3,0,6
14/09/2026,Vermelha,SRJ1,01:30,1854,1817,1827,1827,1841,"99,3",2,1825,0,27,13,2,0,12,15,12,0,27
14/09/2026,Vermelha,SRJ10,01:00,2294,2260,2262,2262,2286,"99,65",495,1767,0,32,8,0,0,24,8,24,3,29
14/09/2026,Vermelha,SRJ10_V,01:00,204,189,190,190,199,"97,55",14,176,0,14,5,0,0,9,5,9,0,14
14/09/2026,Vermelha,SRJ13,01:30,1565,1551,1551,1551,1557,"99,49",462,1089,0,14,8,0,0,6,8,6,4,10
14/09/2026,Vermelha,SRJ2,02:00,1427,1396,1396,1396,1405,"98,46",3,1393,0,31,22,0,0,9,22,9,0,31
14/09/2026,Vermelha,SRJ3,02:30,1004,951,973,973,999,"99,5",3,970,0,31,5,2,0,24,7,24,0,31
14/09/2026,Vermelha,SRJ6,01:30,772,770,770,770,770,"99,74",3,767,0,2,2,0,0,0,2,0,0,2
14/09/2026,Vermelha,SRS8,03:00,805,711,730,730,789,"98,01",0,730,0,75,16,0,0,59,16,59,0,75
14/09/2026,Vermelha,SRS9,02:30,545,485,512,512,543,"99,63",21,491,0,33,2,0,0,31,2,31,0,33
14/09/2026,Vermelha,SRS9_V,02:30,194,185,185,185,194,100,0,185,0,9,0,2,0,7,2,7,0,9
14/09/2026,Vermelha,SSC4,02:30,882,875,875,875,879,"99,66",0,875,0,7,3,0,0,4,3,4,0,7
14/09/2026,Vermelha,SSP1,02:00,1029,1007,1012,1012,1020,"99,13",1,1011,0,17,9,0,0,8,9,8,0,17
14/09/2026,Vermelha,SSP12,02:00,279,275,274,274,276,"98,92",8,266,0,5,3,1,0,1,4,1,0,5
14/09/2026,Vermelha,SSP13,01:00,778,764,765,765,776,"99,74",5,760,0,13,2,0,0,11,2,11,0,13
14/09/2026,Vermelha,SSP14,01:00,1276,1242,1250,1250,1266,"99,22",3,1247,0,26,10,0,0,16,10,16,0,26
14/09/2026,Vermelha,SSP15,01:30,1612,1575,1590,1590,1601,"99,32",3,1587,0,22,11,0,0,11,11,11,0,22
14/09/2026,Vermelha,SSP16,01:00,792,783,783,784,789,"99,62",0,784,0,8,3,0,0,5,3,5,0,8
14/09/2026,Vermelha,SSP18,02:30,1056,973,972,972,1044,"98,86",2,970,0,84,12,0,0,72,12,72,0,84
14/09/2026,Vermelha,SSP20,02:30,1281,1167,1227,1227,1276,"99,61",3,1224,0,54,5,0,0,49,5,49,1,53
14/09/2026,Vermelha,SSP22,01:00,1136,1116,1116,1116,1127,"99,21",2,1114,0,20,9,0,0,11,9,11,0,20
14/09/2026,Vermelha,SSP24,01:30,721,708,708,708,715,"99,17",2,706,0,13,6,1,0,6,7,6,0,13
14/09/2026,Vermelha,SSP26,01:00,808,787,787,787,806,"99,75",0,787,0,21,2,0,0,19,2,19,0,21
14/09/2026,Vermelha,SSP27,02:30,695,588,601,601,673,"96,83",3,598,0,94,22,34,0,38,56,38,0,94
14/09/2026,Vermelha,SSP31,01:30,460,444,450,450,456,"99,13",0,450,0,10,4,0,0,6,4,6,0,10
14/09/2026,Vermelha,SSP37,02:30,860,847,847,847,854,"99,3",1,846,0,13,6,0,0,7,6,7,0,13
14/09/2026,Vermelha,SSP38,02:30,1214,1204,1204,1204,1210,"99,67",1,1203,0,10,4,0,0,6,4,6,0,10
14/09/2026,Vermelha,SSP39,02:00,661,647,647,647,650,"98,34",0,647,0,14,11,0,0,3,11,3,0,14
14/09/2026,Vermelha,SSP4,01:00,975,956,956,956,965,"98,97",14,942,0,19,10,0,0,9,10,9,0,19
14/09/2026,Vermelha,SSP46,01:30,512,505,505,505,510,"99,61",2,503,0,7,2,2,0,3,4,3,0,7
14/09/2026,Vermelha,SSP6,02:00,818,805,806,806,815,"99,63",1,805,0,12,3,0,0,9,3,9,0,12
14/09/2026,Vermelha,SSP9,02:00,1177,1164,1164,1164,1171,"99,49",1,1163,0,13,6,0,0,7,6,7,0,13
14/09/2026,Vermelha,SSP9_V,02:00,198,190,190,190,192,"96,97",11,179,0,8,6,0,0,2,6,2,0,8
14/09/2026,Vermelha,XSP9_6,08:00,2767,2696,2696,2696,2740,"99,02",0,2696,0,71,27,3,0,41,30,41,2,69
11/09/2026,Amarela,SBA6,04:00,910,905,905,905,908,"99,78",607,298,0,5,2,0,0,3,2,3,1,4
11/09/2026,Amarela,SDF1,03:00,1683,1660,1660,1660,1673,"99,41",802,858,0,23,10,0,0,13,10,13,14,9
11/09/2026,Amarela,SDF2,03:00,703,699,699,699,700,"99,57",380,319,0,4,3,0,0,1,3,1,1,3
11/09/2026,Amarela,SES2,04:00,207,205,205,205,206,"99,52",13,192,0,2,1,0,0,1,1,1,1,1
11/09/2026,Amarela,SMG11,04:00,188,185,185,185,186,"98,94",20,165,0,3,2,0,0,1,2,1,0,3
11/09/2026,Amarela,SMG12,03:00,558,552,552,552,557,"99,82",205,347,0,6,1,0,0,5,1,5,2,4
11/09/2026,Amarela,SMG4,03:00,220,217,217,217,218,"99,09",8,209,0,3,2,0,0,1,2,1,0,3
11/09/2026,Amarela,SMG6,03:00,717,704,704,704,715,"99,72",280,424,0,13,2,1,0,10,3,10,1,12
11/09/2026,Amarela,SMG9,02:30,1227,1210,1210,1210,1221,"99,51",181,1029,0,17,6,0,0,11,6,11,6,11
11/09/2026,Amarela,SMN1,04:00,1128,1105,1105,1105,1120,"99,29",253,852,0,23,8,0,0,15,8,15,1,22
11/09/2026,Amarela,SMS2,03:00,504,501,501,501,503,"99,8",306,195,0,3,1,0,0,2,1,2,1,2
11/09/2026,Amarela,SPA2,04:00,911,905,905,905,910,"99,89",609,296,0,6,1,0,0,5,1,5,1,5
11/09/2026,Amarela,SPE1,04:00,1022,1018,1018,1018,1019,"99,71",700,318,0,4,3,0,0,1,3,1,3,1
11/09/2026,Amarela,SPR10,04:00,408,401,401,401,407,"99,75",198,203,0,7,1,0,0,6,1,6,5,2
11/09/2026,Amarela,SPR2,03:00,435,428,333,333,435,100,35,298,0,102,0,0,0,102,0,102,3,99
11/09/2026,Amarela,SPR4,08:00,403,399,398,398,402,"99,75",141,257,0,5,1,1,0,3,2,3,0,5
11/09/2026,Amarela,SPR5,03:00,199,195,128,128,198,"99,5",28,100,0,71,1,0,0,70,1,70,1,70
11/09/2026,Amarela,SPR7,03:00,540,536,492,492,537,"99,44",207,285,0,48,3,0,0,45,3,45,2,46
11/09/2026,Amarela,SPR8,04:00,1056,1036,1036,1036,1044,"98,86",394,642,0,20,12,0,0,8,12,8,4,16
11/09/2026,Amarela,SPR8_V,04:00,114,109,109,109,111,"97,37",13,96,0,5,3,0,0,2,3,2,1,4
11/09/2026,Amarela,SRJ12,04:00,143,142,142,142,143,100,53,89,0,1,0,0,0,1,0,1,0,1
11/09/2026,Amarela,SRJ4,04:00,369,362,362,362,369,100,30,332,0,7,0,0,0,7,0,7,0,7
11/09/2026,Amarela,SRJ5,04:00,546,544,544,544,545,"99,82",217,327,0,2,1,0,0,1,1,1,0,2
11/09/2026,Amarela,SRJ7,04:00,254,252,252,252,253,"99,61",25,227,0,2,1,0,0,1,1,1,0,2
11/09/2026,Amarela,SRJ9,04:00,181,180,180,180,181,100,18,162,0,1,0,0,0,1,0,1,1,0
11/09/2026,Amarela,SRS1,04:00,540,528,528,528,534,"98,89",220,308,0,12,6,0,0,6,6,6,6,6
11/09/2026,Amarela,SRS3,08:00,479,468,468,468,472,"98,54",160,308,0,11,7,0,0,4,7,4,2,9
11/09/2026,Amarela,SSC5,08:00,650,633,633,633,642,"98,77",207,426,0,17,8,0,0,9,8,9,1,16
11/09/2026,Amarela,SSC7,04:00,415,403,403,403,407,"98,07",19,384,0,12,8,0,0,4,8,4,0,12
11/09/2026,Amarela,SSC8,03:00,694,681,665,665,689,"99,28",176,489,0,29,5,0,0,24,5,24,5,24
11/09/2026,Amarela,SSC9,03:00,609,600,600,600,605,"99,34",237,363,0,9,4,0,0,5,4,5,1,8
11/09/2026,Amarela,SSP10,04:00,558,550,550,550,556,"99,64",169,381,0,8,2,0,0,6,2,6,3,5
11/09/2026,Amarela,SSP17,02:30,667,656,656,656,664,"99,55",244,412,0,11,3,0,0,8,3,8,2,9
11/09/2026,Amarela,SSP17_V,02:30,69,66,66,66,67,"97,1",18,48,0,3,2,0,0,1,2,1,1,2
11/09/2026,Amarela,SSP21,03:00,548,542,542,542,544,"99,27",172,370,0,6,4,0,0,2,4,2,0,6
11/09/2026,Amarela,SSP25,03:00,998,986,986,986,990,"99,2",282,704,0,12,8,0,0,4,8,4,0,12
11/09/2026,Amarela,SSP28,04:00,317,314,314,314,316,"99,68",93,221,0,3,1,0,0,2,1,2,1,2
11/09/2026,Amarela,SSP3,02:30,1111,1092,1092,1092,1106,"99,55",372,720,0,19,5,0,0,14,5,14,8,11
11/09/2026,Amarela,SSP30,03:00,1233,1225,1225,1225,1229,"99,68",365,860,0,8,4,0,0,4,4,4,3,5
11/09/2026,Amarela,SSP34,03:00,944,933,933,933,938,"99,36",289,644,0,11,6,0,0,5,6,5,0,11
11/09/2026,Amarela,SSP36,05:30,715,709,709,709,713,"99,72",264,445,0,6,2,0,0,4,2,4,4,2
11/09/2026,Amarela,SSP40,03:00,695,683,665,665,688,"98,99",151,514,0,30,7,0,0,23,7,23,2,28
11/09/2026,Amarela,SSP40_V,03:00,69,66,65,65,67,"97,1",12,53,0,4,2,1,0,1,3,1,0,4
11/09/2026,Amarela,SSP45,03:00,735,728,728,728,733,"99,73",200,528,0,7,2,0,0,5,2,5,0,7
11/09/2026,Amarela,SSP45_V,03:00,90,86,86,86,87,"96,67",18,68,0,4,3,0,0,1,3,1,0,4
11/09/2026,Amarela,SSP48,03:00,712,702,702,702,710,"99,72",245,457,0,10,2,0,0,8,2,8,1,9
11/09/2026,Amarela,SSP49,03:00,310,306,306,306,310,100,90,216,0,4,0,0,0,4,0,4,0,4
11/09/2026,Amarela,SSP5,03:00,1054,1036,1036,1036,1051,"99,72",331,705,0,18,3,0,0,15,3,15,9,9
11/09/2026,Amarela,SSP5_V,03:00,86,78,78,78,83,"96,51",11,67,0,8,3,0,0,5,3,5,1,7
11/09/2026,Amarela,SSP8,02:30,1502,1477,1477,1477,1490,"99,2",565,912,0,25,12,0,0,13,12,13,7,18
11/09/2026,Amarela,XSP17_2,08:00,746,734,734,734,740,"99,2",238,496,0,12,6,0,0,6,6,6,4,8
11/09/2026,Amarela,XSP17_3,08:00,494,486,486,486,492,"99,6",199,287,0,8,2,0,0,6,2,6,4,4
11/09/2026,Amarela,XSP24_6,06:00,371,359,359,359,365,"98,38",74,285,0,12,6,0,0,6,6,6,0,12
11/09/2026,Amarela,XSP9_3,08:00,348,342,342,342,347,"99,71",57,285,0,6,1,0,0,5,1,5,2,4
11/09/2026,Azul,SAL1_C,02:00,175,175,175,175,175,100,2,173,0,0,0,0,0,0,0,0,0,0
11/09/2026,Azul,SAM1_A,01:30,493,491,491,491,491,"99,59",188,303,0,2,2,0,0,0,2,0,0,2
11/09/2026,Azul,SBA1_A,01:30,312,311,311,311,311,"99,68",78,233,0,1,1,0,0,0,1,0,1,0
11/09/2026,Azul,SBA2_C,02:00,401,396,396,396,399,"99,5",0,396,0,5,2,0,0,3,2,3,0,5
11/09/2026,Azul,SBA6_A,01:00,291,289,289,289,289,"99,31",4,285,0,2,2,0,0,0,2,0,0,2
11/09/2026,Azul,SCE1_C,02:00,101,100,100,100,100,"99,01",1,99,0,1,1,0,0,0,1,0,0,1
11/09/2026,Azul,SCE3_A,01:00,37,37,37,37,37,100,1,36,0,0,0,0,0,0,0,0,0,0
11/09/2026,Azul,SDF1_A,01:30,246,243,243,243,245,"99,59",4,239,0,3,1,1,0,1,2,1,0,3
11/09/2026,Azul,SDF2_A,01:30,229,226,226,226,228,"99,56",8,218,0,3,1,0,0,2,1,2,0,3
11/09/2026,Azul,SES1_A,01:30,433,433,433,433,433,100,114,319,0,0,0,0,0,0,0,0,0,0
11/09/2026,Azul,SGO1_A,01:00,156,155,155,155,156,100,2,153,0,1,0,0,0,1,0,1,0,1
11/09/2026,Azul,SGO3_A,01:00,115,115,115,115,115,100,0,115,0,0,0,0,0,0,0,0,0,0
11/09/2026,Azul,SJP1X_A,05:00,76,76,76,76,76,100,5,71,0,0,0,0,0,0,0,0,0,0
11/09/2026,Azul,SJP1_A,05:00,116,116,116,116,116,100,14,102,0,0,0,0,0,0,0,0,0,0
11/09/2026,Azul,SMN1_A,05:00,263,261,261,261,262,"99,62",2,259,0,2,1,1,0,0,2,0,0,2
11/09/2026,Azul,SMN2_C,05:00,5,5,5,5,5,100,0,5,0,0,0,0,0,0,0,0,0,0
11/09/2026,Azul,SMR1_A,01:00,197,197,197,197,197,100,11,186,0,0,0,0,0,0,0,0,0,0
11/09/2026,Azul,SMR2_A,01:00,192,192,192,192,192,100,2,190,0,0,0,0,0,0,0,0,0,0
11/09/2026,Azul,SPA1_C,05:00,145,143,143,143,143,"98,62",4,139,0,2,2,0,0,0,2,0,0,2
11/09/2026,Azul,SPE1_A,01:00,456,446,446,446,447,"98,03",130,316,0,10,9,0,0,1,9,1,9,1
11/09/2026,Azul,SPI1_A,05:00,64,64,64,64,64,100,0,64,0,0,0,0,0,0,0,0,0,0
11/09/2026,Azul,SRN1_A,05:00,69,69,56,56,69,100,0,56,0,13,0,13,0,0,13,0,13,0
11/09/2026,Azul,SRN2_A,05:00,59,59,59,59,59,100,6,53,0,0,0,0,0,0,0,0,0,0
11/09/2026,Azul,SRS1_A,01:30,200,200,200,200,200,100,1,199,0,0,0,0,0,0,0,0,0,0
11/09/2026,Azul,SRS8_A,01:30,205,205,205,205,205,100,0,205,0,0,0,0,0,0,0,0,0,0
11/09/2026,Azul,SRS9_A,01:30,306,305,305,305,306,100,0,305,0,1,0,0,0,1,0,1,0,1
11/09/2026,Azul,SSE1_C,02:00,213,213,213,213,213,100,0,213,0,0,0,0,0,0,0,0,0,0
11/09/2026,Rosa,FSP2_R,06:00,2157,2083,2083,2083,2122,"98,38",0,2083,0,74,35,0,0,39,35,39,0,74
11/09/2026,Rosa,XSP1_R,06:00,395,382,382,382,389,"98,48",0,382,0,13,6,0,0,7,6,7,0,13
11/09/2026,Verde,CVLHUB,08:00,106,104,104,104,104,"98,11",0,104,0,2,2,0,0,0,2,0,0,2
11/09/2026,Verde,JADHUB,13:00,338,333,333,333,336,"99,41",0,333,0,5,2,0,0,3,2,3,0,5
11/09/2026,Verde,JETSL1,13:00,7449,7425,7425,7425,7433,"99,79",6352,1073,0,24,16,0,0,8,16,8,15,9
11/09/2026,Verde,LOGHUB,13:00,153,152,152,152,152,"99,35",1,151,0,1,1,0,0,0,1,0,0,1
11/09/2026,Verde,SBA1,04:00,810,804,804,804,808,"99,75",522,282,0,6,2,0,0,4,2,4,4,2
11/09/2026,Verde,SBA2,08:00,493,486,486,486,490,"99,39",248,238,0,7,3,0,0,4,3,4,2,5
11/09/2026,Verde,SBA3,08:00,1086,1077,1077,1077,1082,"99,63",455,622,0,9,4,0,0,5,4,5,1,8
11/09/2026,Verde,SBA4,08:00,836,832,832,832,832,"99,52",21,811,0,4,4,0,0,0,4,0,0,4
11/09/2026,Verde,SBA7,08:00,790,783,783,783,788,"99,75",255,528,0,7,2,0,0,5,2,5,0,7
11/09/2026,Verde,SES3,08:00,407,404,376,376,407,100,176,200,0,31,0,29,0,2,29,2,30,1
11/09/2026,Verde,SES3_X,08:00,402,400,363,363,402,100,145,218,0,39,0,38,0,1,38,1,38,1
11/09/2026,Verde,SGO1,08:00,982,976,976,976,978,"99,59",518,458,0,6,4,0,0,2,4,2,2,4
11/09/2026,Verde,SMG1,05:30,898,887,887,887,892,"99,33",323,564,0,11,6,0,0,5,6,5,4,7
11/09/2026,Verde,SMG10,05:00,391,390,390,390,391,100,7,383,0,1,0,0,0,1,0,1,0,1
11/09/2026,Verde,SMG13,08:00,372,367,367,367,369,"99,19",138,229,0,5,3,0,0,2,3,2,0,5
11/09/2026,Verde,SMG13_X,08:00,474,468,468,468,472,"99,58",159,309,0,6,2,0,0,4,2,4,0,6
11/09/2026,Verde,SMG14,05:00,1012,1002,1002,1002,1008,"99,6",317,685,0,10,4,0,0,6,4,6,3,7
11/09/2026,Verde,SMG15,05:30,876,869,869,869,874,"99,77",54,815,0,7,2,1,0,4,3,4,0,7
11/09/2026,Verde,SMG18,05:30,434,429,429,429,432,"99,54",178,251,0,5,2,0,0,3,2,3,4,1
11/09/2026,Verde,SMG1_V,05:30,139,138,138,138,139,100,29,109,0,1,0,0,0,1,0,1,0,1
11/09/2026,Verde,SMG2,05:00,1303,1294,1294,1294,1297,"99,54",381,913,0,9,6,0,0,3,6,3,4,5
11/09/2026,Verde,SMG8,05:30,561,549,549,549,556,"99,11",49,500,0,12,5,0,0,7,5,7,1,11
11/09/2026,Verde,SMR1,04:00,1120,1099,1100,1100,1107,"98,84",280,820,0,20,13,0,0,7,13,7,10,10
11/09/2026,Verde,SMS1,08:00,814,805,805,805,806,"99,02",495,310,0,9,8,0,0,1,8,1,0,9
11/09/2026,Verde,SPA1,04:00,1185,1172,1173,1173,1178,"99,41",588,585,0,12,7,0,0,5,7,5,5,7
11/09/2026,Verde,SPI1,08:00,452,448,448,448,452,100,140,308,0,4,0,0,0,4,0,4,2,2
11/09/2026,Verde,SPR1,03:00,1261,1246,1245,1245,1250,"99,13",517,728,0,16,11,1,0,4,12,4,9,7
11/09/2026,Verde,SPR3,08:00,2,0,0,0,2,100,0,0,0,2,0,1,1,0,2,0,0,2
11/09/2026,Verde,SPR6,03:00,1043,1029,893,893,1037,"99,42",333,560,0,150,6,1,0,143,7,143,5,145
11/09/2026,Verde,SRJ8,04:00,885,881,881,881,883,"99,77",67,814,0,4,2,0,0,2,2,2,0,4
11/09/2026,Verde,SRN1,08:00,449,444,444,444,446,"99,33",282,162,0,5,3,0,0,2,3,2,2,3
11/09/2026,Verde,SRS10,08:00,521,517,477,477,520,"99,81",164,313,0,44,1,40,0,3,41,3,41,3
11/09/2026,Verde,SRS2,08:00,566,563,563,563,565,"99,82",194,369,0,3,1,0,0,2,1,2,1,2
11/09/2026,Verde,SRS4,05:00,889,881,881,881,885,"99,55",288,593,0,8,4,0,0,4,4,4,1,7
11/09/2026,Verde,SRS5,04:00,852,840,808,808,843,"98,94",355,453,0,44,9,32,0,3,41,3,37,7
11/09/2026,Verde,SSC1,13:00,1090,1082,1082,1082,1086,"99,63",327,755,0,8,4,0,0,4,4,4,1,7
11/09/2026,Verde,SSC2,04:00,1223,1206,1206,1206,1214,"99,26",447,759,0,17,9,0,0,8,9,8,4,13
11/09/2026,Verde,SSC3,03:00,678,670,670,670,671,"98,97",287,383,0,8,7,0,0,1,7,1,2,6
11/09/2026,Verde,SSE1,08:00,470,469,469,469,469,"99,79",288,181,0,1,1,0,0,0,1,0,0,1
11/09/2026,Verde,SSP11,08:00,602,595,595,595,598,"99,34",136,459,0,7,4,0,0,3,4,3,2,5
11/09/2026,Verde,SSP23,03:00,1004,988,988,988,999,"99,5",290,698,0,16,5,0,0,11,5,11,2,14
11/09/2026,Verde,SSP29,03:00,922,915,915,915,920,"99,78",11,904,0,7,2,0,0,5,2,5,0,7
11/09/2026,Verde,SSP50,04:00,277,270,270,270,275,"99,28",82,188,0,7,2,0,0,5,2,5,0,7
11/09/2026,Verde,SSP50_V,04:00,53,47,47,47,50,"94,34",17,30,0,6,3,0,0,3,3,3,0,6
11/09/2026,Verde,SSP56,08:00,267,264,264,264,264,"98,88",105,159,0,3,3,0,0,0,3,0,1,2
11/09/2026,Verde,SSP7,03:00,907,898,898,898,902,"99,45",327,571,0,9,5,0,0,4,5,4,1,8
11/09/2026,Verde,STO1,08:00,679,673,673,673,676,"99,56",301,372,0,6,3,0,0,3,3,3,3,3
11/09/2026,Verde,STO2,08:00,496,494,494,494,494,"99,6",240,254,0,2,2,0,0,0,2,0,1,1
11/09/2026,Verde,XSP23_3,08:00,1126,1105,1105,1105,1115,"99,02",349,756,0,21,11,0,0,10,11,10,6,15
11/09/2026,Verde,XSP9_1,04:00,706,682,683,683,690,"97,73",393,290,0,23,16,0,0,7,16,7,12,11
11/09/2026,Verde,XSP9_2,08:00,2262,2229,2229,2229,2249,"99,43",1298,931,0,33,13,1,0,19,14,19,12,21
11/09/2026,Vermelha,SAL1,02:30,1133,1123,1123,1123,1129,"99,65",617,506,0,10,4,0,0,6,4,6,4,6
11/09/2026,Vermelha,SES1,02:30,221,218,218,218,220,"99,55",11,207,0,3,1,0,0,2,1,2,0,3
11/09/2026,Vermelha,SMG3,02:00,1131,1115,1115,1115,1119,"98,94",204,911,0,16,12,0,0,4,12,4,0,16
11/09/2026,Vermelha,SMG5,01:30,697,683,685,685,694,"99,57",257,428,0,12,3,1,0,8,4,8,0,12
11/09/2026,Vermelha,SMG7,13:00,334,330,330,330,332,"99,4",125,205,0,4,2,1,0,1,3,1,1,3
11/09/2026,Vermelha,SMN2,05:00,80,75,75,75,79,"98,75",33,42,0,5,1,0,0,4,1,4,0,5
11/09/2026,Vermelha,SRJ1,01:30,1494,1478,1478,1478,1487,"99,53",483,995,0,16,7,1,0,8,8,8,1,15
11/09/2026,Vermelha,SRJ10,01:00,1704,1673,1673,1673,1691,"99,24",622,1051,0,31,13,0,0,18,13,18,5,26
11/09/2026,Vermelha,SRJ10_V,01:00,81,80,80,80,80,"98,77",17,63,0,1,1,0,0,0,1,0,0,1
11/09/2026,Vermelha,SRJ13,01:30,631,617,617,617,628,"99,52",85,532,0,14,3,1,0,10,4,10,0,14
11/09/2026,Vermelha,SRJ2,02:00,1367,1342,1268,1268,1358,"99,34",455,813,0,99,9,1,0,89,10,89,5,94
11/09/2026,Vermelha,SRJ3,02:30,1101,1083,1083,1083,1092,"99,18",296,787,0,18,9,0,0,9,9,9,4,14
11/09/2026,Vermelha,SRJ6,01:30,1412,1393,1393,1393,1407,"99,65",374,1019,0,19,5,1,0,13,6,13,4,15
11/09/2026,Vermelha,SRS8,03:00,628,614,614,614,625,"99,52",234,380,0,14,3,0,0,11,3,11,8,6
11/09/2026,Vermelha,SRS9,02:30,417,405,405,405,412,"98,8",16,389,0,12,5,0,0,7,5,7,0,12
11/09/2026,Vermelha,SRS9_V,02:30,212,208,208,208,208,"98,11",0,208,0,4,4,0,0,0,4,0,0,4
11/09/2026,Vermelha,SSC4,02:30,853,845,845,845,851,"99,77",211,634,0,8,2,0,0,6,2,6,1,7
11/09/2026,Vermelha,SSP1,02:00,896,883,883,883,892,"99,55",266,617,0,13,4,0,0,9,4,9,0,13
11/09/2026,Vermelha,SSP12,02:00,292,288,288,288,291,"99,66",119,169,0,4,1,0,0,3,1,3,2,2
11/09/2026,Vermelha,SSP13,01:00,929,911,911,911,920,"99,03",322,589,0,18,9,0,0,9,9,9,0,18
11/09/2026,Vermelha,SSP14,01:00,1192,1161,1161,1161,1186,"99,5",347,814,0,31,6,5,0,20,11,20,5,26
11/09/2026,Vermelha,SSP15,01:30,1198,1184,1184,1184,1192,"99,5",292,892,0,14,6,0,0,8,6,8,0,14
11/09/2026,Vermelha,SSP16,01:00,741,734,734,734,739,"99,73",291,443,0,7,2,1,0,4,3,4,2,5
11/09/2026,Vermelha,SSP18,02:30,1012,994,994,994,995,"98,32",361,633,0,18,17,0,0,1,17,1,7,11
11/09/2026,Vermelha,SSP20,02:30,1130,1103,1103,1103,1115,"98,67",405,698,0,27,15,0,0,12,15,12,5,22
11/09/2026,Vermelha,SSP22,01:00,1175,1155,1158,1158,1172,"99,74",298,860,0,17,3,2,0,12,5,12,5,12
11/09/2026,Vermelha,SSP24,01:30,698,689,688,688,696,"99,71",254,434,0,10,2,3,0,5,5,5,0,10
11/09/2026,Vermelha,SSP26,01:00,746,736,736,736,745,"99,87",198,538,0,10,1,1,0,8,2,8,0,10
11/09/2026,Vermelha,SSP27,02:30,711,695,695,695,703,"98,87",158,537,0,16,8,1,0,7,9,7,0,16
11/09/2026,Vermelha,SSP31,01:30,616,610,609,609,614,"99,68",210,399,0,7,2,2,0,3,4,3,2,5
11/09/2026,Vermelha,SSP37,02:30,873,854,854,854,864,"98,97",80,774,0,19,9,0,0,10,9,10,2,17
11/09/2026,Vermelha,SSP38,02:30,1171,1148,1148,1148,1158,"98,89",381,767,0,23,13,0,0,10,13,10,0,23
11/09/2026,Vermelha,SSP39,02:00,650,647,647,647,649,"99,85",184,463,0,3,1,0,0,2,1,2,1,2
11/09/2026,Vermelha,SSP4,01:00,935,921,921,921,928,"99,25",307,614,0,14,7,0,0,7,7,7,6,8
11/09/2026,Vermelha,SSP46,01:30,443,435,435,435,441,"99,55",121,314,0,8,2,2,0,4,4,4,1,7
11/09/2026,Vermelha,SSP6,02:00,687,681,681,681,686,"99,85",204,477,0,6,1,0,0,5,1,5,0,6
11/09/2026,Vermelha,SSP9,02:00,1207,1183,1183,1183,1198,"99,25",357,826,0,24,9,0,0,15,9,15,5,19
11/09/2026,Vermelha,SSP9_V,02:00,110,103,103,103,105,"95,45",16,87,0,7,5,0,0,2,5,2,1,6
11/09/2026,Vermelha,XSP9_6,08:00,4198,4127,4119,4119,4175,"99,45",1984,2135,0,79,23,8,0,48,31,48,25,54
10/09/2026,Amarela,SBA6,04:00,624,618,618,618,619,"99,2",298,320,0,6,5,0,0,1,5,1,2,4
10/09/2026,Amarela,SDF1,03:00,514,507,507,507,510,"99,22",162,345,0,7,4,0,0,3,4,3,3,4
10/09/2026,Amarela,SDF2,03:00,319,314,314,314,318,"99,69",87,227,0,5,1,0,0,4,1,4,0,5
10/09/2026,Amarela,SES2,04:00,359,356,356,356,358,"99,72",68,288,0,3,1,0,0,2,1,2,1,2
10/09/2026,Amarela,SMG11,04:00,460,454,454,454,458,"99,57",96,358,0,6,2,0,0,4,2,4,2,4
10/09/2026,Amarela,SMG12,03:00,602,595,595,595,598,"99,34",116,479,0,7,4,0,0,3,4,3,0,7
10/09/2026,Amarela,SMG4,03:00,413,408,408,408,410,"99,27",91,317,0,5,3,0,0,2,3,2,2,3
10/09/2026,Amarela,SMG6,03:00,735,729,729,729,734,"99,86",118,611,0,6,1,0,0,5,1,5,0,6
10/09/2026,Amarela,SMG9,02:30,982,973,973,973,979,"99,69",97,876,0,9,3,0,0,6,3,6,1,8
10/09/2026,Amarela,SMN1,04:00,445,434,434,434,439,"98,65",162,272,0,11,6,0,0,5,6,5,3,8
10/09/2026,Amarela,SMS2,03:00,562,561,561,561,561,"99,82",163,398,0,1,1,0,0,0,1,0,0,1
10/09/2026,Amarela,SPA2,04:00,631,623,623,623,624,"98,89",255,368,0,8,7,0,0,1,7,1,3,5
10/09/2026,Amarela,SPE1,04:00,735,728,728,728,731,"99,46",425,303,0,7,4,0,0,3,4,3,2,5
10/09/2026,Amarela,SPR10,04:00,448,444,444,444,446,"99,55",72,372,0,4,2,0,0,2,2,2,1,3
10/09/2026,Amarela,SPR2,03:00,691,686,686,686,691,100,208,478,0,5,0,0,0,5,0,5,0,5
10/09/2026,Amarela,SPR4,08:00,275,271,271,271,275,100,4,267,0,4,0,0,0,4,0,4,0,4
10/09/2026,Amarela,SPR5,03:00,361,360,360,360,360,"99,72",73,287,0,1,1,0,0,0,1,0,0,1
10/09/2026,Amarela,SPR7,03:00,610,608,608,608,610,100,131,477,0,2,0,0,0,2,0,2,0,2
10/09/2026,Amarela,SPR8,04:00,888,880,880,880,886,"99,77",208,672,0,8,2,0,0,6,2,6,1,7
10/09/2026,Amarela,SPR8_V,04:00,153,149,149,149,151,"98,69",1,148,0,4,2,0,0,2,2,2,0,4
10/09/2026,Amarela,SRJ12,04:00,166,164,164,164,164,"98,8",56,108,0,2,2,0,0,0,2,0,0,2
10/09/2026,Amarela,SRJ4,04:00,424,418,418,418,422,"99,53",11,407,0,6,2,0,0,4,2,4,0,6
10/09/2026,Amarela,SRJ5,04:00,475,473,473,473,473,"99,58",100,373,0,2,2,0,0,0,2,0,1,1
10/09/2026,Amarela,SRJ7,04:00,253,248,248,248,248,"98,02",6,242,0,5,5,0,0,0,5,0,0,5
10/09/2026,Amarela,SRJ9,04:00,249,245,245,245,247,"99,2",4,241,0,4,2,0,0,2,2,2,0,4
10/09/2026,Amarela,SRS1,04:00,409,403,403,403,406,"99,27",99,304,0,6,3,0,0,3,3,3,0,6
10/09/2026,Amarela,SRS3,08:00,545,536,536,536,539,"98,9",98,438,0,9,6,0,0,3,6,3,1,8
10/09/2026,Amarela,SSC5,08:00,619,613,613,613,616,"99,52",136,477,0,6,3,0,0,3,3,3,1,5
10/09/2026,Amarela,SSC7,04:00,349,347,347,347,349,100,80,267,0,2,0,0,0,2,0,2,0,2
10/09/2026,Amarela,SSC8,03:00,504,501,501,501,501,"99,4",80,421,0,3,3,0,0,0,3,0,0,3
10/09/2026,Amarela,SSC9,03:00,593,590,590,590,591,"99,66",154,436,0,3,2,0,0,1,2,1,0,3
10/09/2026,Amarela,SSP10,04:00,579,572,572,572,576,"99,48",105,467,0,7,3,0,0,4,3,4,0,7
10/09/2026,Amarela,SSP17,02:30,691,660,660,660,681,"98,55",53,607,0,31,10,0,0,21,10,21,0,31
10/09/2026,Amarela,SSP17_V,02:30,52,52,52,52,52,100,10,42,0,0,0,0,0,0,0,0,0,0
10/09/2026,Amarela,SSP21,03:00,573,563,563,560,566,"98,78",111,449,0,13,7,0,0,6,7,6,3,10
10/09/2026,Amarela,SSP25,03:00,981,973,973,973,980,"99,9",167,806,0,8,1,0,0,7,1,7,1,7
10/09/2026,Amarela,SSP28,04:00,358,358,358,358,358,100,71,287,0,0,0,0,0,0,0,0,0,0
10/09/2026,Amarela,SSP3,02:30,779,768,768,768,773,"99,23",162,606,0,11,6,0,0,5,6,5,2,9
10/09/2026,Amarela,SSP30,03:00,1242,1237,1237,1237,1240,"99,84",226,1011,0,5,2,0,0,3,2,3,0,5
10/09/2026,Amarela,SSP34,03:00,870,850,850,850,854,"98,16",138,712,0,20,16,0,0,4,16,4,1,19
10/09/2026,Amarela,SSP36,05:30,632,628,628,628,628,"99,37",90,538,0,4,4,0,0,0,4,0,0,4
10/09/2026,Amarela,SSP40,03:00,566,564,564,564,565,"99,82",79,485,0,2,1,0,0,1,1,1,0,2
10/09/2026,Amarela,SSP40_V,03:00,58,56,56,56,57,"98,28",4,52,0,2,1,0,0,1,1,1,0,2
10/09/2026,Amarela,SSP45,03:00,620,612,612,612,617,"99,52",93,519,0,8,3,0,0,5,3,5,0,8
10/09/2026,Amarela,SSP45_V,03:00,88,88,88,88,88,100,5,83,0,0,0,0,0,0,0,0,0,0
10/09/2026,Amarela,SSP48,03:00,778,773,773,773,776,"99,74",121,652,0,5,2,0,0,3,2,3,0,5
10/09/2026,Amarela,SSP49,03:00,324,318,318,318,323,"99,69",59,259,0,6,1,0,0,5,1,5,3,3
10/09/2026,Amarela,SSP5,03:00,1091,1087,1087,1087,1089,"99,82",219,868,0,4,2,0,0,2,2,2,0,4
10/09/2026,Amarela,SSP5_V,03:00,147,142,142,142,142,"96,6",22,120,0,5,5,0,0,0,5,0,0,5
10/09/2026,Amarela,SSP8,02:30,1563,1551,1551,1551,1560,"99,81",334,1217,0,12,3,0,0,9,3,9,0,12
10/09/2026,Amarela,XSP17_2,08:00,717,698,698,698,714,"99,58",128,570,0,19,3,0,0,16,3,16,0,19
10/09/2026,Amarela,XSP17_3,08:00,369,360,360,360,369,100,89,271,0,9,0,0,0,9,0,9,1,8
10/09/2026,Amarela,XSP24_6,06:00,378,370,370,370,376,"99,47",70,300,0,8,2,0,0,6,2,6,0,8
10/09/2026,Amarela,XSP9_3,08:00,256,250,250,250,252,"98,44",11,239,0,6,4,0,0,2,4,2,0,6
10/09/2026,Azul,SAL1_C,02:00,169,169,169,169,169,100,4,165,0,0,0,0,0,0,0,0,0,0
10/09/2026,Azul,SAM1_A,01:30,382,381,381,381,382,100,152,229,0,1,0,0,0,1,0,1,0,1
10/09/2026,Azul,SBA1_A,01:30,495,491,491,491,493,"99,6",161,330,0,4,2,0,0,2,2,2,2,2
10/09/2026,Azul,SBA2_C,02:00,474,473,473,473,473,"99,79",0,473,0,1,1,0,0,0,1,0,0,1
10/09/2026,Azul,SBA6_A,01:00,317,317,317,317,317,100,5,312,0,0,0,0,0,0,0,0,0,0
10/09/2026,Azul,SCE1_C,02:00,154,153,153,153,154,100,2,151,0,1,0,0,0,1,0,1,0,1
10/09/2026,Azul,SCE3_A,01:00,39,39,39,39,39,100,1,38,0,0,0,0,0,0,0,0,0,0
10/09/2026,Azul,SDF1_A,01:30,387,386,386,386,387,100,28,358,0,1,0,0,0,1,0,1,0,1
10/09/2026,Azul,SDF2_A,01:30,292,291,291,291,292,100,150,141,0,1,0,0,0,1,0,1,0,1
10/09/2026,Azul,SES1_A,01:30,484,484,484,484,484,100,135,349,0,0,0,0,0,0,0,0,0,0
10/09/2026,Azul,SFN1_C,05:00,4,4,4,4,4,100,0,4,0,0,0,0,0,0,0,0,0,0
10/09/2026,Azul,SGO1_A,01:00,298,298,296,296,298,100,0,296,0,2,0,2,0,0,2,0,2,0
10/09/2026,Azul,SGO3_A,01:00,260,260,260,260,260,100,2,258,0,0,0,0,0,0,0,0,0,0
10/09/2026,Azul,SJP1X_A,05:00,196,195,195,195,195,"99,49",106,89,0,1,1,0,0,0,1,0,0,1
10/09/2026,Azul,SJP1_A,05:00,332,330,330,330,331,"99,7",155,175,0,2,1,0,0,1,1,1,1,1
10/09/2026,Azul,SMN1_A,05:00,279,277,277,277,277,"99,28",0,277,0,2,2,0,0,0,2,0,0,2
10/09/2026,Azul,SMN2_C,05:00,11,11,11,11,11,100,1,10,0,0,0,0,0,0,0,0,0,0
10/09/2026,Azul,SMR1_A,01:00,439,434,434,434,434,"98,86",74,360,0,5,5,0,0,0,5,0,4,1
10/09/2026,Azul,SMR2_A,01:00,172,171,171,171,171,"99,42",53,118,0,1,1,0,0,0,1,0,0,1
10/09/2026,Azul,SPA1_C,05:00,97,97,97,97,97,100,0,97,0,0,0,0,0,0,0,0,0,0
10/09/2026,Azul,SPE1_A,01:00,538,537,537,537,537,"99,81",144,393,0,1,1,0,0,0,1,0,0,1
10/09/2026,Azul,SPI1_A,05:00,191,190,190,190,190,"99,48",15,175,0,1,1,0,0,0,1,0,0,1
10/09/2026,Azul,SRN1_A,05:00,198,197,197,197,198,100,108,89,0,1,0,1,0,0,1,0,1,0
10/09/2026,Azul,SRN2_A,05:00,161,160,160,160,161,100,92,68,0,1,0,0,0,1,0,1,0,1
10/09/2026,Azul,SRS1_A,01:30,202,201,201,201,201,"99,5",0,201,0,1,1,0,0,0,1,0,0,1
10/09/2026,Azul,SRS8_A,01:30,226,226,226,226,226,100,2,224,0,0,0,0,0,0,0,0,0,0
10/09/2026,Azul,SRS9_A,01:30,290,290,290,290,290,100,2,288,0,0,0,0,0,0,0,0,0,0
10/09/2026,Azul,SSE1_C,02:00,247,244,244,244,244,"98,79",1,243,0,3,3,0,0,0,3,0,0,3
10/09/2026,Rosa,FSP2_R,06:00,1495,1477,1477,1477,1491,"99,73",0,1477,0,18,4,0,0,14,4,14,0,18
10/09/2026,Rosa,XSP1_R,06:00,151,138,138,138,149,"98,68",0,138,0,13,2,0,0,11,2,11,0,13
10/09/2026,Verde,CVLHUB,08:00,115,115,115,115,115,100,0,115,0,0,0,0,0,0,0,0,0,0
10/09/2026,Verde,JADHUB,13:00,412,406,406,406,407,"98,79",2,404,0,6,5,0,0,1,5,1,0,6
10/09/2026,Verde,JETSL1,13:00,3991,3968,3968,3968,3984,"99,82",3396,572,0,23,7,0,0,16,7,16,15,8
10/09/2026,Verde,LOGHUB,13:00,179,179,179,179,179,100,0,179,0,0,0,0,0,0,0,0,0,0
10/09/2026,Verde,SBA1,04:00,513,508,508,508,509,"99,22",242,266,0,5,4,0,0,1,4,1,0,5
10/09/2026,Verde,SBA2,08:00,434,427,427,427,432,"99,54",139,288,0,7,2,0,0,5,2,5,2,5
10/09/2026,Verde,SBA3,08:00,672,668,668,668,669,"99,55",19,649,0,4,3,0,0,1,3,1,0,4
10/09/2026,Verde,SBA4,08:00,877,865,865,865,868,"98,97",3,862,0,12,9,0,0,3,9,3,0,12
10/09/2026,Verde,SBA7,08:00,772,765,765,765,768,"99,48",167,598,0,7,4,0,0,3,4,3,4,3
10/09/2026,Verde,SES3,08:00,145,144,144,144,145,100,11,133,0,1,0,0,0,1,0,1,0,1
10/09/2026,Verde,SES3_X,08:00,267,266,266,266,267,100,12,254,0,1,0,0,0,1,0,1,0,1
10/09/2026,Verde,SGO1,08:00,370,368,368,368,369,"99,73",123,245,0,2,1,0,0,1,1,1,1,1
10/09/2026,Verde,SMG1,05:30,923,912,912,912,913,"98,92",206,706,0,11,10,0,0,1,10,1,5,6
10/09/2026,Verde,SMG10,05:00,509,506,506,506,507,"99,61",58,448,0,3,2,0,0,1,2,1,0,3
10/09/2026,Verde,SMG13,08:00,168,168,168,168,168,100,7,161,0,0,0,0,0,0,0,0,0,0
10/09/2026,Verde,SMG13_X,08:00,273,271,271,271,272,"99,63",4,267,0,2,1,0,0,1,1,1,0,2
10/09/2026,Verde,SMG14,05:00,946,940,940,940,943,"99,68",208,732,0,6,3,0,0,3,3,3,0,6
10/09/2026,Verde,SMG15,05:30,522,514,513,513,517,"99,04",118,395,0,9,5,1,0,3,6,3,3,6
10/09/2026,Verde,SMG18,05:30,209,202,202,202,202,"96,65",5,197,0,7,7,0,0,0,7,0,0,7
10/09/2026,Verde,SMG1_V,05:30,224,221,221,221,223,"99,55",1,220,0,3,1,0,0,2,1,2,0,3
10/09/2026,Verde,SMG2,05:00,1135,1121,1121,1121,1129,"99,47",201,920,0,14,6,0,0,8,6,8,4,10
10/09/2026,Verde,SMG8,05:30,943,935,935,935,938,"99,47",175,760,0,8,5,0,0,3,5,3,5,3
10/09/2026,Verde,SMR1,04:00,924,917,917,917,920,"99,57",129,788,0,7,4,0,0,3,4,3,1,6
10/09/2026,Verde,SMS1,08:00,552,549,549,549,552,100,151,398,0,3,0,0,0,3,0,3,0,3
10/09/2026,Verde,SPA1,04:00,822,811,811,811,819,"99,64",258,553,0,11,3,0,0,8,3,8,4,7
10/09/2026,Verde,SPI1,08:00,398,397,397,397,397,"99,75",188,209,0,1,1,0,0,0,1,0,0,1
10/09/2026,Verde,SPR1,03:00,1162,1153,1153,1153,1155,"99,4",320,833,0,9,7,0,0,2,7,2,5,4
10/09/2026,Verde,SPR3,08:00,2,2,2,2,2,100,0,2,0,0,0,0,0,0,0,0,0,0
10/09/2026,Verde,SPR6,03:00,906,890,890,890,896,"98,9",138,752,0,16,10,1,0,5,11,5,6,10
10/09/2026,Verde,SRJ8,04:00,1057,1044,1044,1044,1049,"99,24",328,716,0,13,8,0,0,5,8,5,4,9
10/09/2026,Verde,SRN1,08:00,289,287,287,287,289,100,163,124,0,2,0,0,0,2,0,2,2,0
10/09/2026,Verde,SRS10,08:00,217,213,213,213,215,"99,08",17,196,0,4,2,0,0,2,2,2,1,3
10/09/2026,Verde,SRS2,08:00,569,566,566,566,568,"99,82",104,462,0,3,1,0,0,2,1,2,1,2
10/09/2026,Verde,SRS4,05:00,632,628,628,628,628,"99,37",156,472,0,4,4,0,0,0,4,0,0,4
10/09/2026,Verde,SRS5,04:00,689,683,683,683,687,"99,71",53,630,0,6,2,0,0,4,2,4,1,5
10/09/2026,Verde,SSC1,13:00,818,811,811,811,815,"99,63",145,666,0,7,3,0,0,4,3,4,0,7
10/09/2026,Verde,SSC2,04:00,1044,1033,1033,1033,1037,"99,33",215,818,0,11,7,0,0,4,7,4,2,9
10/09/2026,Verde,SSC3,03:00,598,594,594,594,596,"99,67",115,479,0,4,2,0,0,2,2,2,0,4
10/09/2026,Verde,SSE1,08:00,460,457,456,456,459,"99,78",253,203,0,4,1,1,0,2,2,2,3,1
10/09/2026,Verde,SSP11,08:00,598,594,594,594,597,"99,83",69,525,0,4,1,0,0,3,1,3,0,4
10/09/2026,Verde,SSP23,03:00,963,957,957,957,961,"99,79",190,767,0,6,2,0,0,4,2,4,1,5
10/09/2026,Verde,SSP29,03:00,965,957,957,957,960,"99,48",104,853,0,8,5,0,0,3,5,3,1,7
10/09/2026,Verde,SSP50,04:00,269,251,251,251,264,"98,14",30,221,0,18,5,0,0,13,5,13,0,18
10/09/2026,Verde,SSP50_V,04:00,55,47,47,47,50,"90,91",7,40,0,8,5,0,0,3,5,3,1,7
10/09/2026,Verde,SSP52,13:00,210,207,207,207,210,100,207,0,0,3,0,0,0,3,0,3,3,0
10/09/2026,Verde,SSP56,08:00,204,202,202,202,203,"99,51",52,150,0,2,1,0,0,1,1,1,1,1
10/09/2026,Verde,SSP7,03:00,840,833,833,833,835,"99,4",129,704,0,7,5,0,0,2,5,2,1,6
10/09/2026,Verde,STO1,08:00,522,516,516,516,518,"99,23",183,333,0,6,4,0,0,2,4,2,1,5
10/09/2026,Verde,STO2,08:00,553,552,552,552,552,"99,82",257,295,0,1,1,0,0,0,1,0,1,0
10/09/2026,Verde,XSP23_3,08:00,884,875,875,875,881,"99,66",156,719,0,9,3,0,0,6,3,6,0,9
10/09/2026,Verde,XSP9_1,04:00,611,593,593,593,599,"98,04",242,351,0,18,12,0,0,6,12,6,11,7
10/09/2026,Verde,XSP9_2,08:00,1653,1629,1629,1629,1641,"99,27",747,882,0,24,12,0,0,12,12,12,11,13
10/09/2026,Vermelha,SAL1,02:30,848,841,841,841,844,"99,53",361,480,0,7,4,0,0,3,4,3,0,7
10/09/2026,Vermelha,SES1,02:30,335,324,324,324,332,"99,1",34,290,0,11,3,0,0,8,3,8,3,8
10/09/2026,Vermelha,SMG3,02:00,962,955,955,955,955,"99,27",159,796,0,7,7,0,0,0,7,0,1,6
10/09/2026,Vermelha,SMG5,01:30,566,559,563,563,566,100,127,436,0,3,0,1,0,2,1,2,0,3
10/09/2026,Vermelha,SMG7,13:00,379,373,372,372,376,"99,21",11,361,0,7,3,0,0,4,3,4,0,7
10/09/2026,Vermelha,SMN2,05:00,130,128,128,128,128,"98,46",94,34,0,2,2,0,0,0,2,0,0,2
10/09/2026,Vermelha,SRJ1,01:30,1349,1338,1339,1339,1343,"99,56",282,1057,0,10,6,0,0,4,6,4,4,6
10/09/2026,Vermelha,SRJ10,01:00,1548,1527,1527,1527,1538,"99,35",324,1203,0,21,10,1,0,10,11,10,4,17
10/09/2026,Vermelha,SRJ10_V,01:00,106,103,103,103,106,100,9,94,0,3,0,0,0,3,0,3,0,3
10/09/2026,Vermelha,SRJ13,01:30,852,823,845,845,847,"99,41",143,702,0,7,5,0,0,2,5,2,0,7
10/09/2026,Vermelha,SRJ2,02:00,1229,1208,1208,1208,1215,"98,86",237,971,0,21,14,0,0,7,14,7,1,20
10/09/2026,Vermelha,SRJ3,02:30,987,975,975,975,981,"99,39",158,817,0,12,6,0,0,6,6,6,2,10
10/09/2026,Vermelha,SRJ6,01:30,994,969,985,985,989,"99,5",224,761,0,9,5,0,0,4,5,4,1,8
10/09/2026,Vermelha,SRS8,03:00,660,650,650,650,656,"99,39",113,537,0,10,4,0,0,6,4,6,2,8
10/09/2026,Vermelha,SRS9,02:30,360,358,358,358,359,"99,72",98,260,0,2,1,0,0,1,1,1,0,2
10/09/2026,Vermelha,SRS9_V,02:30,52,51,51,51,52,100,0,51,0,1,0,0,0,1,0,1,0,1
10/09/2026,Vermelha,SSC4,02:30,655,651,651,651,652,"99,54",66,585,0,4,3,0,0,1,3,1,0,4
10/09/2026,Vermelha,SSP1,02:00,776,767,767,767,771,"99,36",191,576,0,9,5,0,0,4,5,4,1,8
10/09/2026,Vermelha,SSP12,02:00,264,261,261,261,261,"98,86",64,197,0,3,3,0,0,0,3,0,1,2
10/09/2026,Vermelha,SSP13,01:00,866,855,859,859,865,"99,88",162,697,0,7,1,0,0,6,1,6,0,7
10/09/2026,Vermelha,SSP14,01:00,1037,1026,1027,1027,1035,"99,81",205,822,0,10,2,0,0,8,2,8,0,10
10/09/2026,Vermelha,SSP15,01:30,1270,1259,1259,1259,1264,"99,53",181,1078,0,11,6,0,0,5,6,5,1,10
10/09/2026,Vermelha,SSP16,01:00,616,613,612,612,615,"99,84",129,483,0,4,1,1,0,2,2,2,1,3
10/09/2026,Vermelha,SSP18,02:30,903,889,889,889,897,"99,34",150,739,0,14,6,0,0,8,6,8,6,8
10/09/2026,Vermelha,SSP20,02:30,1111,1099,1099,1099,1103,"99,28",180,919,0,12,8,0,0,4,8,4,1,11
10/09/2026,Vermelha,SSP22,01:00,882,858,868,868,875,"99,21",199,669,0,14,7,1,0,6,8,6,3,11
10/09/2026,Vermelha,SSP24,01:30,579,574,576,576,577,"99,65",109,467,0,3,2,0,0,1,2,1,0,3
10/09/2026,Vermelha,SSP26,01:00,733,714,714,714,727,"99,18",117,597,0,19,6,0,0,13,6,13,1,18
10/09/2026,Vermelha,SSP27,02:30,671,619,664,664,665,"99,11",84,580,0,7,6,0,0,1,6,1,0,7
10/09/2026,Vermelha,SSP31,01:30,499,495,495,495,497,"99,6",120,375,0,4,2,0,0,2,2,2,0,4
10/09/2026,Vermelha,SSP37,02:30,665,658,658,658,661,"99,4",18,640,0,7,4,0,0,3,4,3,1,6
10/09/2026,Vermelha,SSP38,02:30,809,792,792,792,797,"98,52",94,698,0,17,12,0,0,5,12,5,1,16
10/09/2026,Vermelha,SSP39,02:00,628,624,624,624,627,"99,84",106,518,0,4,1,0,0,3,1,3,0,4
10/09/2026,Vermelha,SSP4,01:00,923,905,905,905,909,"98,48",165,740,0,18,14,1,0,3,15,3,2,16
10/09/2026,Vermelha,SSP46,01:30,504,499,499,499,501,"99,4",101,398,0,5,3,0,0,2,3,2,0,5
10/09/2026,Vermelha,SSP6,02:00,737,730,730,730,732,"99,32",132,598,0,7,5,0,0,2,5,2,0,7
10/09/2026,Vermelha,SSP9,02:00,952,938,938,938,939,"98,63",114,824,0,14,13,0,0,1,13,1,3,11
10/09/2026,Vermelha,SSP9_V,02:00,125,122,122,122,123,"98,4",11,111,0,3,2,0,0,1,2,1,0,3
10/09/2026,Vermelha,XSP9_6,08:00,2822,2780,2780,2780,2800,"99,22",909,1871,0,42,22,1,0,19,23,19,12,30
09/09/2026,Amarela,SBA6,04:00,456,450,450,450,455,"99,78",209,241,0,6,1,0,0,5,1,5,0,6
09/09/2026,Amarela,SDF1,03:00,435,426,425,425,434,"99,77",105,320,0,10,1,1,0,8,2,8,4,6
09/09/2026,Amarela,SDF2,03:00,417,412,396,396,414,"99,28",142,254,0,21,3,16,0,2,19,2,17,4
09/09/2026,Amarela,SES2,04:00,511,508,508,508,510,"99,8",131,377,0,3,1,0,0,2,1,2,0,3
09/09/2026,Amarela,SMG11,04:00,610,602,600,600,608,"99,67",102,498,0,10,2,2,0,6,4,6,1,9
09/09/2026,Amarela,SMG12,03:00,786,774,772,772,778,"98,98",126,646,0,14,8,2,0,4,10,4,0,14
09/09/2026,Amarela,SMG4,03:00,515,505,505,505,512,"99,42",65,440,0,10,3,0,0,7,3,7,0,10
09/09/2026,Amarela,SMG6,03:00,1038,1026,1024,1024,1030,"99,23",162,862,0,14,8,2,0,4,10,4,1,13
09/09/2026,Amarela,SMG9,02:30,910,902,903,903,909,"99,89",98,805,0,7,1,0,0,6,1,6,1,6
09/09/2026,Amarela,SMN1,04:00,833,818,818,818,825,"99,04",170,648,0,15,8,0,0,7,8,7,1,14
09/09/2026,Amarela,SMS2,03:00,609,600,601,601,606,"99,51",229,372,0,8,3,0,0,5,3,5,0,8
09/09/2026,Amarela,SPA2,04:00,856,850,850,850,854,"99,77",318,532,0,6,2,0,0,4,2,4,0,6
09/09/2026,Amarela,SPE1,04:00,623,614,613,613,619,"99,36",354,259,0,10,4,1,0,5,5,5,0,10
09/09/2026,Amarela,SPR10,04:00,591,586,551,551,590,"99,83",90,461,0,40,1,35,0,4,36,4,35,5
09/09/2026,Amarela,SPR2,03:00,836,826,826,826,831,"99,4",82,744,0,10,5,0,0,5,5,5,0,10
09/09/2026,Amarela,SPR4,08:00,470,463,463,463,466,"99,15",63,400,0,7,4,0,0,3,4,3,0,7
09/09/2026,Amarela,SPR5,03:00,461,458,458,458,461,100,86,372,0,3,0,0,0,3,0,3,0,3
09/09/2026,Amarela,SPR7,03:00,698,694,694,694,696,"99,71",114,580,0,4,2,0,0,2,2,2,0,4
09/09/2026,Amarela,SPR8,04:00,1191,1167,1166,1166,1186,"99,58",236,930,0,25,5,1,0,19,6,19,0,25
09/09/2026,Amarela,SPR8_V,04:00,189,186,186,186,189,100,1,185,0,3,0,0,0,3,0,3,0,3
09/09/2026,Amarela,SRJ12,04:00,301,298,298,298,299,"99,34",124,174,0,3,2,0,0,1,2,1,2,1
09/09/2026,Amarela,SRJ4,04:00,784,770,770,770,778,"99,23",85,685,0,14,6,0,0,8,6,8,0,14
09/09/2026,Amarela,SRJ5,04:00,561,554,545,545,558,"99,47",120,425,0,16,3,8,0,5,11,5,0,16
09/09/2026,Amarela,SRJ7,04:00,342,337,336,336,342,100,50,286,0,6,0,1,0,5,1,5,4,2
09/09/2026,Amarela,SRJ9,04:00,434,431,429,429,434,100,45,384,0,5,0,2,0,3,2,3,1,4
09/09/2026,Amarela,SRS1,04:00,455,449,449,449,452,"99,34",128,321,0,6,3,0,0,3,3,3,1,5
09/09/2026,Amarela,SRS3,08:00,540,534,534,534,540,100,110,424,0,6,0,0,0,6,0,6,0,6
09/09/2026,Amarela,SSC5,08:00,729,716,716,716,728,"99,86",141,575,0,13,1,0,0,12,1,12,0,13
09/09/2026,Amarela,SSC7,04:00,586,583,583,583,586,100,140,443,0,3,0,0,0,3,0,3,0,3
09/09/2026,Amarela,SSC8,03:00,673,661,661,661,665,"98,81",87,574,0,12,8,0,0,4,8,4,0,12
09/09/2026,Amarela,SSC9,03:00,792,777,777,777,782,"98,74",152,625,0,15,10,0,0,5,10,5,2,13
09/09/2026,Amarela,SSP10,04:00,756,748,748,748,753,"99,6",109,639,0,8,3,0,0,5,3,5,1,7
09/09/2026,Amarela,SSP17,02:30,770,740,740,740,759,"98,57",25,715,0,30,11,0,0,19,11,19,0,30
09/09/2026,Amarela,SSP17_V,02:30,98,70,94,94,98,100,5,89,0,4,0,0,0,4,0,4,0,4
09/09/2026,Amarela,SSP21,03:00,563,557,558,2,558,"99,11",0,2,0,561,5,0,0,556,5,556,57,504
09/09/2026,Amarela,SSP25,03:00,1143,1133,1133,1133,1139,"99,65",158,975,0,10,4,0,0,6,4,6,0,10
09/09/2026,Amarela,SSP28,04:00,486,483,483,483,483,"99,38",70,413,0,3,3,0,0,0,3,0,1,2
09/09/2026,Amarela,SSP3,02:30,1000,957,990,990,997,"99,7",140,850,0,10,3,0,0,7,3,7,2,8
09/09/2026,Amarela,SSP30,03:00,1347,1331,1331,1331,1339,"99,41",216,1115,0,16,8,0,0,8,8,8,1,15
09/09/2026,Amarela,SSP34,03:00,898,826,860,860,869,"96,77",92,768,0,38,29,0,0,9,29,9,0,38
09/09/2026,Amarela,SSP36,05:30,738,730,730,730,734,"99,46",51,679,0,8,4,0,0,4,4,4,0,8
09/09/2026,Amarela,SSP40,03:00,685,675,675,675,680,"99,27",79,596,0,10,5,0,0,5,5,5,1,9
09/09/2026,Amarela,SSP40_V,03:00,70,67,67,67,70,100,6,61,0,3,0,0,0,3,0,3,0,3
09/09/2026,Amarela,SSP45,03:00,790,787,787,787,789,"99,87",113,674,0,3,1,0,0,2,1,2,0,3
09/09/2026,Amarela,SSP45_V,03:00,125,116,116,116,123,"98,4",11,105,0,9,2,0,0,7,2,7,0,9
09/09/2026,Amarela,SSP48,03:00,810,806,806,806,810,100,116,690,0,4,0,0,0,4,0,4,0,4
09/09/2026,Amarela,SSP49,03:00,387,380,380,380,385,"99,48",46,334,0,7,2,0,0,5,2,5,1,6
09/09/2026,Amarela,SSP5,03:00,1172,1159,1159,1159,1168,"99,66",163,996,0,13,4,0,0,9,4,9,1,12
09/09/2026,Amarela,SSP5_V,03:00,86,83,83,83,83,"96,51",4,79,0,3,3,0,0,0,3,0,0,3
09/09/2026,Amarela,SSP8,02:30,1784,1764,1763,1763,1776,"99,55",327,1436,0,21,8,0,0,13,8,13,4,17
09/09/2026,Amarela,XSP17_2,08:00,825,800,797,797,823,"99,76",124,673,0,28,2,3,0,23,5,23,1,27
09/09/2026,Amarela,XSP17_3,08:00,504,496,494,494,503,"99,8",114,380,0,10,1,2,0,7,3,7,1,9
09/09/2026,Amarela,XSP24_6,06:00,497,477,477,477,492,"98,99",108,369,0,20,5,0,0,15,5,15,1,19
09/09/2026,Amarela,XSP9_3,08:00,303,296,296,296,303,100,25,271,0,7,0,0,0,7,0,7,0,7
09/09/2026,Azul,SAL1_C,02:00,231,227,211,221,229,"99,13",10,211,0,10,2,0,0,8,2,8,0,10
09/09/2026,Azul,SAM1_A,01:30,500,495,499,499,500,100,157,342,0,1,0,0,0,1,0,1,0,1
09/09/2026,Azul,SBA1_A,01:30,585,583,583,583,585,100,50,533,0,2,0,0,0,2,0,2,0,2
09/09/2026,Azul,SBA2_C,02:00,551,550,499,550,551,100,5,545,0,1,0,0,0,1,0,1,0,1
09/09/2026,Azul,SBA6_A,01:00,508,506,506,506,507,"99,8",47,459,0,2,1,0,0,1,1,1,0,2
09/09/2026,Azul,SCE1_C,02:00,242,238,206,238,239,"98,76",33,205,0,4,3,0,0,1,3,1,2,2
09/09/2026,Azul,SCE3_A,01:00,55,54,54,54,54,"98,18",5,49,0,1,1,0,0,0,1,0,0,1
09/09/2026,Azul,SDF1_A,01:30,670,668,668,668,670,100,37,631,0,2,0,0,0,2,0,2,0,2
09/09/2026,Azul,SDF2_A,01:30,313,313,313,313,313,100,23,290,0,0,0,0,0,0,0,0,0,0
09/09/2026,Azul,SES1_A,01:30,558,554,554,554,555,"99,46",63,491,0,4,3,0,0,1,3,1,0,4
09/09/2026,Azul,SFN1_C,05:00,18,18,18,18,18,100,0,18,0,0,0,0,0,0,0,0,0,0
09/09/2026,Azul,SGO1_A,01:00,425,420,420,420,423,"99,53",18,402,0,5,2,1,0,2,3,2,0,5
09/09/2026,Azul,SGO3_A,01:00,342,340,339,339,342,100,22,317,0,3,0,1,0,2,1,2,1,2
09/09/2026,Azul,SJP1X_A,05:00,156,156,156,156,156,100,52,104,0,0,0,0,0,0,0,0,0,0
09/09/2026,Azul,SJP1_A,05:00,278,278,278,278,278,100,79,199,0,0,0,0,0,0,0,0,0,0
09/09/2026,Azul,SMN1_A,05:00,419,414,414,414,418,"99,76",31,383,0,5,1,0,0,4,1,4,1,4
09/09/2026,Azul,SMN1_C,05:00,1,1,1,1,1,100,0,1,0,0,0,0,0,0,0,0,0,0
09/09/2026,Azul,SMN2_C,05:00,8,8,8,8,8,100,1,7,0,0,0,0,0,0,0,0,0,0
09/09/2026,Azul,SMR1_A,01:00,481,480,480,480,480,"99,79",18,462,0,1,1,0,0,0,1,0,1,0
09/09/2026,Azul,SMR2_A,01:00,280,278,278,278,279,"99,64",22,256,0,2,1,0,0,1,1,1,1,1
09/09/2026,Azul,SPA1_C,05:00,92,89,89,89,89,"96,74",16,73,0,3,3,0,0,0,3,0,0,3
09/09/2026,Azul,SPE1_A,01:00,721,719,719,719,720,"99,86",219,500,0,2,1,0,0,1,1,1,2,0
09/09/2026,Azul,SPI1_A,05:00,303,301,301,301,303,100,51,250,0,2,0,0,0,2,0,2,0,2
09/09/2026,Azul,SRN1_A,05:00,387,361,360,360,381,"98,45",223,137,0,27,6,21,0,0,27,0,26,1
09/09/2026,Azul,SRN2_A,05:00,159,159,159,159,159,100,48,111,0,0,0,0,0,0,0,0,0,0
09/09/2026,Azul,SRS1_A,01:30,263,257,257,257,261,"99,24",4,253,0,6,2,0,0,4,2,4,0,6
09/09/2026,Azul,SRS8_A,01:30,295,294,294,294,294,"99,66",11,283,0,1,1,0,0,0,1,0,0,1
09/09/2026,Azul,SRS9_A,01:30,470,464,464,464,464,"98,72",19,445,0,6,6,0,0,0,6,0,0,6
09/09/2026,Azul,SSE1_C,02:00,339,339,332,339,339,100,6,333,0,0,0,0,0,0,0,0,0,0
09/09/2026,Rosa,FSP2_R,06:00,1843,1805,1805,1805,1820,"98,75",0,1805,0,38,23,0,0,15,23,15,0,38
09/09/2026,Rosa,XSP1_R,06:00,320,312,312,312,320,100,0,312,0,8,0,0,0,8,0,8,0,8
09/09/2026,Verde,CVLHUB,08:00,3,3,3,3,3,100,0,3,0,0,0,0,0,0,0,0,0,0
09/09/2026,Verde,JADHUB,13:00,448,440,440,440,442,"98,66",1,439,0,8,6,0,0,2,6,2,0,8
09/09/2026,Verde,JETSL1,13:00,3418,3352,3352,3352,3412,"99,82",3054,298,0,66,6,0,0,60,6,60,62,4
09/09/2026,Verde,LOGHUB,13:00,196,194,194,194,195,"99,49",0,194,0,2,1,0,0,1,1,1,0,2
09/09/2026,Verde,SBA1,04:00,460,456,456,456,457,"99,35",151,305,0,4,3,0,0,1,3,1,1,3
09/09/2026,Verde,SBA2,08:00,428,418,403,403,421,"98,36",128,275,0,25,7,15,0,3,22,3,16,9
09/09/2026,Verde,SBA3,08:00,941,930,931,931,934,"99,26",152,779,0,10,7,0,0,3,7,3,0,10
09/09/2026,Verde,SBA4,08:00,1098,1085,1085,1085,1091,"99,36",46,1039,0,13,7,0,0,6,7,6,0,13
09/09/2026,Verde,SBA7,08:00,796,785,785,785,787,"98,87",132,653,0,11,9,0,0,2,9,2,4,7
09/09/2026,Verde,SES3,08:00,325,325,325,325,325,100,86,239,0,0,0,0,0,0,0,0,0,0
09/09/2026,Verde,SES3_X,08:00,399,395,395,395,397,"99,5",101,294,0,4,2,0,0,2,2,2,0,4
09/09/2026,Verde,SGO1,08:00,626,619,575,575,621,"99,2",250,325,0,51,5,44,0,2,49,2,3,48
09/09/2026,Verde,SMG1,05:30,1174,1157,1157,1157,1160,"98,81",168,989,0,17,14,0,0,3,14,3,3,14
09/09/2026,Verde,SMG10,05:00,456,450,450,450,454,"99,56",10,440,0,6,2,0,0,4,2,4,0,6
09/09/2026,Verde,SMG13,08:00,287,286,286,286,287,100,29,257,0,1,0,0,0,1,0,1,0,1
09/09/2026,Verde,SMG13_X,08:00,330,329,329,329,329,"99,7",59,270,0,1,1,0,0,0,1,0,0,1
09/09/2026,Verde,SMG14,05:00,1348,1342,1342,1342,1348,100,263,1079,0,6,0,0,0,6,0,6,0,6
09/09/2026,Verde,SMG15,05:30,1075,1061,1061,1061,1069,"99,44",104,957,0,14,6,0,0,8,6,8,2,12
09/09/2026,Verde,SMG18,05:30,366,362,362,362,365,"99,73",61,301,0,4,1,0,0,3,1,3,1,3
09/09/2026,Verde,SMG1_V,05:30,293,291,291,291,292,"99,66",2,289,0,2,1,0,0,1,1,1,0,2
09/09/2026,Verde,SMG2,05:00,1266,1253,1253,1253,1257,"99,29",239,1014,0,13,9,0,0,4,9,4,1,12
09/09/2026,Verde,SMG8,05:30,1280,1257,1257,1257,1267,"98,98",245,1012,0,23,13,0,0,10,13,10,5,18
09/09/2026,Verde,SMR1,04:00,709,701,701,701,706,"99,58",169,532,0,8,3,0,0,5,3,5,2,6
09/09/2026,Verde,SMS1,08:00,800,798,798,798,800,100,260,538,0,2,0,0,0,2,0,2,0,2
09/09/2026,Verde,SPA1,04:00,726,713,713,713,719,"99,04",230,483,0,13,7,0,0,6,7,6,4,9
09/09/2026,Verde,SPI1,08:00,580,573,573,573,575,"99,14",312,261,0,7,5,0,0,2,5,2,2,5
09/09/2026,Verde,SPR1,03:00,1234,1218,1217,1217,1225,"99,27",302,915,0,17,9,1,0,7,10,7,7,10
09/09/2026,Verde,SPR3,08:00,4,1,1,1,4,100,1,0,0,3,0,0,0,3,0,3,0,3
09/09/2026,Verde,SPR6,03:00,1229,1218,1218,1218,1221,"99,35",195,1023,0,11,8,0,0,3,8,3,4,7
09/09/2026,Verde,SRJ8,04:00,1355,1348,1349,1349,1352,"99,78",323,1026,0,6,3,0,0,3,3,3,2,4
09/09/2026,Verde,SRN1,08:00,388,384,384,384,386,"99,48",247,137,0,4,2,0,0,2,2,2,4,0
09/09/2026,Verde,SRS10,08:00,460,457,457,457,459,"99,78",105,352,0,3,1,0,0,2,1,2,0,3
09/09/2026,Verde,SRS2,08:00,572,565,565,565,567,"99,13",111,454,0,7,5,0,0,2,5,2,1,6
09/09/2026,Verde,SRS4,05:00,981,971,971,971,979,"99,8",186,785,0,10,2,0,0,8,2,8,0,10
09/09/2026,Verde,SRS5,04:00,842,836,836,836,840,"99,76",219,617,0,6,2,0,0,4,2,4,1,5
09/09/2026,Verde,SSC1,13:00,1053,1044,1044,1044,1049,"99,62",157,887,0,9,4,0,0,5,4,5,0,9
09/09/2026,Verde,SSC2,04:00,1253,1242,1242,1242,1247,"99,52",236,1006,0,11,6,0,0,5,6,5,1,10
09/09/2026,Verde,SSC3,03:00,761,757,757,757,760,"99,87",69,688,0,4,1,0,0,3,1,3,1,3
09/09/2026,Verde,SSE1,08:00,572,569,552,552,571,"99,83",261,291,0,20,1,17,0,2,18,2,2,18
09/09/2026,Verde,SSP11,08:00,816,804,804,804,810,"99,26",120,684,0,12,6,0,0,6,6,6,2,10
09/09/2026,Verde,SSP23,03:00,1184,1170,1170,1170,1177,"99,41",166,1004,0,14,7,0,0,7,7,7,3,11
09/09/2026,Verde,SSP29,03:00,1053,1037,1037,1037,1049,"99,62",124,913,0,16,4,0,0,12,4,12,3,13
09/09/2026,Verde,SSP50,04:00,340,320,320,320,333,"97,94",32,288,0,20,7,0,0,13,7,13,0,20
09/09/2026,Verde,SSP50_V,04:00,56,51,51,51,51,"91,07",4,47,0,5,5,0,0,0,5,0,0,5
09/09/2026,Verde,SSP52,13:00,195,194,194,194,194,"99,49",194,0,0,1,1,0,0,0,1,0,1,0
09/09/2026,Verde,SSP56,08:00,354,348,347,347,349,"98,59",81,266,0,7,5,1,0,1,6,1,0,7
09/09/2026,Verde,SSP7,03:00,935,918,918,918,930,"99,47",116,802,0,17,5,0,0,12,5,12,0,17
09/09/2026,Verde,STO1,08:00,487,485,485,485,486,"99,79",91,394,0,2,1,0,0,1,1,1,0,2
09/09/2026,Verde,STO2,08:00,472,468,468,468,468,"99,15",174,294,0,4,4,0,0,0,4,0,0,4
09/09/2026,Verde,XSP23_3,08:00,1113,1089,1089,1089,1110,"99,73",165,924,0,24,3,1,0,20,4,20,1,23
09/09/2026,Verde,XSP9_1,04:00,555,540,541,541,545,"98,2",228,313,0,14,10,0,0,4,10,4,7,7
09/09/2026,Verde,XSP9_2,08:00,1574,1548,1548,1548,1562,"99,24",596,952,0,26,12,0,0,14,12,14,10,16
09/09/2026,Vermelha,SAL1,02:30,815,808,798,798,812,"99,63",410,388,0,17,3,10,0,4,13,4,1,16
09/09/2026,Vermelha,SES1,02:30,739,731,732,732,736,"99,59",385,347,0,7,3,0,0,4,3,4,0,7
09/09/2026,Vermelha,SMG3,02:00,895,891,891,891,894,"99,89",99,792,0,4,1,0,0,3,1,3,0,4
09/09/2026,Vermelha,SMG5,01:30,734,728,729,729,734,100,123,606,0,5,0,0,0,5,0,5,0,5
09/09/2026,Vermelha,SMG7,13:00,513,507,507,507,509,"99,22",79,428,0,6,4,0,0,2,4,2,1,5
09/09/2026,Vermelha,SMN2,05:00,73,68,69,69,71,"97,26",33,36,0,4,2,1,0,1,3,1,1,3
09/09/2026,Vermelha,SRJ1,01:30,1737,1717,1717,1717,1731,"99,65",295,1422,0,20,6,0,0,14,6,14,0,20
09/09/2026,Vermelha,SRJ10,01:00,1890,1855,1855,1855,1877,"99,31",341,1514,0,35,13,0,0,22,13,22,3,32
09/09/2026,Vermelha,SRJ10_V,01:00,51,50,50,50,51,100,5,45,0,1,0,0,0,1,0,1,0,1
09/09/2026,Vermelha,SRJ13,01:30,1084,1059,1069,1069,1078,"99,45",150,919,0,15,6,1,0,8,7,8,0,15
09/09/2026,Vermelha,SRJ2,02:00,1457,1447,1447,1447,1453,"99,73",243,1204,0,10,4,0,0,6,4,6,0,10
09/09/2026,Vermelha,SRJ3,02:30,1125,1112,1092,1092,1121,"99,64",170,922,0,33,4,0,0,29,4,29,4,29
09/09/2026,Vermelha,SRJ6,01:30,1083,1065,1069,1069,1081,"99,82",191,878,0,14,2,1,0,11,3,11,3,11
09/09/2026,Vermelha,SRS8,03:00,795,787,787,787,794,"99,87",171,616,0,8,1,0,0,7,1,7,1,7
09/09/2026,Vermelha,SRS9,02:30,516,454,484,484,514,"99,61",232,252,0,32,2,0,0,30,2,30,2,30
09/09/2026,Vermelha,SRS9_V,02:30,100,95,95,95,98,98,0,95,0,5,2,0,0,3,2,3,0,5
09/09/2026,Vermelha,SSC4,02:30,798,784,784,784,788,"98,75",93,691,0,14,10,0,0,4,10,4,1,13
09/09/2026,Vermelha,SSP1,02:00,944,925,925,925,931,"98,62",156,769,0,19,13,0,0,6,13,6,1,18
09/09/2026,Vermelha,SSP12,02:00,398,395,394,394,397,"99,75",64,330,0,4,1,1,0,2,2,2,1,3
09/09/2026,Vermelha,SSP13,01:00,913,905,905,905,909,"99,56",145,760,0,8,4,0,0,4,4,4,1,7
09/09/2026,Vermelha,SSP14,01:00,1287,1268,1268,1268,1281,"99,53",180,1088,0,19,6,0,0,13,6,13,1,18
09/09/2026,Vermelha,SSP15,01:30,1349,1330,1330,1330,1341,"99,41",202,1128,0,19,8,0,0,11,8,11,1,18
09/09/2026,Vermelha,SSP16,01:00,804,788,788,788,794,"98,76",114,674,0,16,10,0,0,6,10,6,0,16
09/09/2026,Vermelha,SSP18,02:30,904,897,897,897,901,"99,67",2,895,0,7,3,0,0,4,3,4,0,7
09/09/2026,Vermelha,SSP20,02:30,1281,1261,1261,1261,1267,"98,91",192,1069,0,20,14,0,0,6,14,6,2,18
09/09/2026,Vermelha,SSP22,01:00,1231,1212,1212,1212,1226,"99,59",154,1058,0,19,5,1,0,13,6,13,2,17
09/09/2026,Vermelha,SSP24,01:30,696,688,688,688,693,"99,57",95,593,0,8,3,0,0,5,3,5,0,8
09/09/2026,Vermelha,SSP26,01:00,855,840,840,840,849,"99,3",86,754,0,15,6,1,0,8,7,8,1,14
09/09/2026,Vermelha,SSP27,02:30,728,724,723,723,727,"99,86",70,653,0,5,1,1,0,3,2,3,0,5
09/09/2026,Vermelha,SSP31,01:30,591,584,584,584,590,"99,83",137,447,0,7,1,0,0,6,1,6,0,7
09/09/2026,Vermelha,SSP37,02:30,872,863,863,863,869,"99,66",16,847,0,9,3,0,0,6,3,6,1,8
09/09/2026,Vermelha,SSP38,02:30,1158,1141,1141,1141,1150,"99,31",104,1037,0,17,8,0,0,9,8,9,1,16
09/09/2026,Vermelha,SSP39,02:00,731,721,721,721,728,"99,59",107,614,0,10,3,0,0,7,3,7,0,10
09/09/2026,Vermelha,SSP4,01:00,1130,1111,1111,1111,1126,"99,65",157,954,0,19,4,0,0,15,4,15,1,18
09/09/2026,Vermelha,SSP46,01:30,526,521,521,521,525,"99,81",80,441,0,5,1,0,0,4,1,4,0,5
09/09/2026,Vermelha,SSP6,02:00,832,820,820,820,829,"99,64",108,712,0,12,3,0,0,9,3,9,0,12
09/09/2026,Vermelha,SSP9,02:00,1241,1225,1225,1225,1234,"99,44",117,1108,0,16,7,0,0,9,7,9,4,12
09/09/2026,Vermelha,SSP9_V,02:00,135,133,133,133,134,"99,26",15,118,0,2,1,0,0,1,1,1,0,2
09/09/2026,Vermelha,XSP9_6,08:00,2935,2895,2847,2847,2924,"99,63",908,1939,0,88,11,48,0,29,59,29,7,81
08/09/2026,Amarela,SBA6,04:00,427,421,417,417,421,"98,59",94,323,0,10,6,4,0,0,10,0,4,6
08/09/2026,Amarela,SDF1,03:00,761,756,756,756,756,"99,34",354,402,0,5,5,0,0,0,5,0,0,5
08/09/2026,Amarela,SDF2,03:00,482,480,480,480,480,"99,59",137,343,0,2,2,0,0,0,2,0,0,2
08/09/2026,Amarela,SES2,04:00,476,471,471,471,474,"99,58",29,442,0,5,2,0,0,3,2,3,2,3
08/09/2026,Amarela,SMG11,04:00,660,651,651,652,656,"99,39",97,555,0,8,4,0,0,4,4,4,3,5
08/09/2026,Amarela,SMG12,03:00,730,718,718,478,727,"99,59",92,386,0,252,3,0,0,249,3,249,2,250
08/09/2026,Amarela,SMG4,03:00,671,666,666,487,669,"99,7",120,367,0,184,2,0,0,182,2,182,1,183
08/09/2026,Amarela,SMG6,03:00,1056,1047,1047,762,1049,"99,34",79,683,0,294,7,0,0,287,7,287,0,294
08/09/2026,Amarela,SMG9,02:30,1091,1080,1080,1080,1086,"99,54",69,1011,0,11,5,0,0,6,5,6,1,10
08/09/2026,Amarela,SMN1,04:00,1467,1448,1448,1448,1455,"99,18",375,1073,0,19,12,0,0,7,12,7,7,12
08/09/2026,Amarela,SMS2,03:00,594,586,586,586,589,"99,16",148,438,0,8,5,0,0,3,5,3,2,6
08/09/2026,Amarela,SPA2,04:00,784,775,775,775,778,"99,23",204,571,0,9,6,0,0,3,6,3,0,9
08/09/2026,Amarela,SPE1,04:00,1136,1128,1100,1129,1132,"99,65",536,593,0,7,4,0,0,3,4,3,5,2
08/09/2026,Amarela,SPR10,04:00,722,716,716,716,721,"99,86",80,636,0,6,1,0,0,5,1,5,3,3
08/09/2026,Amarela,SPR2,03:00,1073,1061,1061,1061,1067,"99,44",148,913,0,12,6,0,0,6,6,6,5,7
08/09/2026,Amarela,SPR4,08:00,481,467,467,467,475,"98,75",31,436,0,14,6,0,0,8,6,8,3,11
08/09/2026,Amarela,SPR5,03:00,527,522,522,522,525,"99,62",67,455,0,5,2,0,0,3,2,3,0,5
08/09/2026,Amarela,SPR7,03:00,785,775,775,775,780,"99,36",76,699,0,10,5,0,0,5,5,5,1,9
08/09/2026,Amarela,SPR8,04:00,1320,1301,1301,1301,1315,"99,62",172,1129,0,19,5,0,0,14,5,14,0,19
08/09/2026,Amarela,SPR8_V,04:00,227,226,226,226,227,100,25,201,0,1,0,0,0,1,0,1,0,1
08/09/2026,Amarela,SRJ12,04:00,497,493,491,493,497,100,154,339,0,4,0,0,0,4,0,4,1,3
08/09/2026,Amarela,SRJ4,04:00,1011,1001,958,1002,1007,"99,6",186,816,0,9,4,0,0,5,4,5,1,8
08/09/2026,Amarela,SRJ5,04:00,577,573,573,573,574,"99,48",94,479,0,4,3,0,0,1,3,1,2,2
08/09/2026,Amarela,SRJ7,04:00,514,511,511,511,511,"99,42",92,419,0,3,3,0,0,0,3,0,2,1
08/09/2026,Amarela,SRJ9,04:00,486,485,485,485,486,100,56,429,0,1,0,0,0,1,0,1,1,0
08/09/2026,Amarela,SRS1,04:00,547,539,539,539,540,"98,72",81,458,0,8,7,0,0,1,7,1,1,7
08/09/2026,Amarela,SRS3,08:00,577,572,572,572,575,"99,65",76,496,0,5,2,0,0,3,2,3,1,4
08/09/2026,Amarela,SSC5,08:00,961,949,949,949,955,"99,38",188,761,0,12,6,0,0,6,6,6,3,9
08/09/2026,Amarela,SSC7,04:00,798,797,797,797,798,100,132,665,0,1,0,0,0,1,0,1,0,1
08/09/2026,Amarela,SSC8,03:00,806,793,793,793,797,"98,88",41,752,0,13,9,0,0,4,9,4,0,13
08/09/2026,Amarela,SSC9,03:00,890,881,881,881,886,"99,55",115,766,0,9,4,0,0,5,4,5,1,8
08/09/2026,Amarela,SSP10,04:00,797,784,784,784,790,"99,12",94,690,0,13,7,0,0,6,7,6,4,9
08/09/2026,Amarela,SSP17,02:30,973,945,946,946,960,"98,66",15,931,0,27,13,2,0,12,15,12,0,27
08/09/2026,Amarela,SSP17_V,02:30,175,171,171,171,172,"98,29",7,164,0,4,3,0,0,1,3,1,0,4
08/09/2026,Amarela,SSP21,03:00,713,705,705,705,706,"99,02",74,631,0,8,7,0,0,1,7,1,0,8
08/09/2026,Amarela,SSP25,03:00,1262,1253,1253,1253,1258,"99,68",160,1093,0,9,4,0,0,5,4,5,1,8
08/09/2026,Amarela,SSP28,04:00,578,570,570,570,573,"99,13",45,525,0,8,5,0,0,3,5,3,2,6
08/09/2026,Amarela,SSP3,02:30,1312,1295,1295,1295,1304,"99,39",206,1089,0,17,8,0,0,9,8,9,2,15
08/09/2026,Amarela,SSP30,03:00,1475,1463,1463,1463,1469,"99,59",134,1329,0,12,6,0,0,6,6,6,1,11
08/09/2026,Amarela,SSP34,03:00,984,966,966,966,969,"98,48",96,870,0,18,15,0,0,3,15,3,3,15
08/09/2026,Amarela,SSP36,05:30,827,819,819,819,826,"99,88",50,769,0,8,1,0,0,7,1,7,1,7
08/09/2026,Amarela,SSP40,03:00,776,771,771,771,775,"99,87",80,691,0,5,1,0,0,4,1,4,0,5
08/09/2026,Amarela,SSP40_V,03:00,99,92,92,92,99,100,3,89,0,7,0,0,0,7,0,7,0,7
08/09/2026,Amarela,SSP45,03:00,760,758,758,758,759,"99,87",67,691,0,2,1,0,0,1,1,1,0,2
08/09/2026,Amarela,SSP45_V,03:00,171,167,167,167,170,"99,42",3,164,0,4,1,0,0,3,1,3,0,4
08/09/2026,Amarela,SSP48,03:00,1075,1069,1069,1069,1074,"99,91",173,896,0,6,1,0,0,5,1,5,0,6
08/09/2026,Amarela,SSP49,03:00,359,358,358,358,359,100,29,329,0,1,0,0,0,1,0,1,0,1
08/09/2026,Amarela,SSP5,03:00,1366,1356,1356,1356,1364,"99,85",148,1208,0,10,2,0,0,8,2,8,0,10
08/09/2026,Amarela,SSP5_V,03:00,164,162,162,162,162,"98,78",14,148,0,2,2,0,0,0,2,0,0,2
08/09/2026,Amarela,SSP8,02:30,1862,1831,1831,1831,1842,"98,93",190,1641,0,31,20,0,0,11,20,11,5,26
08/09/2026,Amarela,XSP17_2,08:00,870,837,745,745,863,"99,2",74,671,0,125,7,92,0,26,99,26,14,111
08/09/2026,Amarela,XSP17_3,08:00,468,459,459,459,465,"99,36",61,398,0,9,3,0,0,6,3,6,4,5
08/09/2026,Amarela,XSP24_6,06:00,619,591,591,591,600,"96,93",76,515,0,28,19,0,0,9,19,9,4,24
08/09/2026,Amarela,XSP9_3,08:00,231,200,200,200,226,"97,84",3,197,0,31,5,0,0,26,5,26,4,27
08/09/2026,Azul,SAL1_C,02:00,244,238,159,238,243,"99,59",5,233,0,6,1,0,0,5,1,5,5,1
08/09/2026,Azul,SAM1_A,05:00,636,634,634,634,635,"99,84",137,497,0,2,1,0,0,1,1,1,0,2
08/09/2026,Azul,SBA1_A,01:30,514,507,507,507,513,"99,81",55,452,0,7,1,0,0,6,1,6,5,2
08/09/2026,Azul,SBA2_C,02:00,624,620,423,620,622,"99,68",2,618,0,4,2,0,0,2,2,2,1,3
08/09/2026,Azul,SBA6_A,01:00,717,714,714,714,716,"99,86",191,523,0,3,1,0,0,2,1,2,3,0
08/09/2026,Azul,SCE1_C,02:00,170,169,169,169,170,100,2,167,0,1,0,0,0,1,0,1,1,0
08/09/2026,Azul,SCE3_A,01:00,53,53,53,53,53,100,0,53,0,0,0,0,0,0,0,0,0,0
08/09/2026,Azul,SDF1_A,01:30,640,637,637,637,639,"99,84",4,633,0,3,1,0,0,2,1,2,2,1
08/09/2026,Azul,SDF2_A,01:30,380,378,378,378,379,"99,74",27,351,0,2,1,0,0,1,1,1,1,1
08/09/2026,Azul,SES1_A,01:30,675,675,675,675,675,100,7,668,0,0,0,0,0,0,0,0,0,0
08/09/2026,Azul,SGO1_A,01:00,307,301,301,301,306,"99,67",44,257,0,6,1,0,0,5,1,5,3,3
08/09/2026,Azul,SGO3_A,01:00,236,236,236,236,236,100,26,210,0,0,0,0,0,0,0,0,0,0
08/09/2026,Azul,SJP1X_A,05:00,144,142,142,142,142,"98,61",36,106,0,2,2,0,0,0,2,0,1,1
08/09/2026,Azul,SJP1_A,05:00,301,300,300,300,300,"99,67",74,226,0,1,1,0,0,0,1,0,1,0
08/09/2026,Azul,SMN1_A,05:00,512,510,510,510,511,"99,8",20,490,0,2,1,0,0,1,1,1,0,2
08/09/2026,Azul,SMR1_A,01:00,609,607,607,607,608,"99,84",88,519,0,2,1,0,0,1,1,1,0,2
08/09/2026,Azul,SMR2_A,01:00,303,302,302,302,303,100,11,291,0,1,0,0,0,1,0,1,0,1
08/09/2026,Azul,SPA1_C,05:00,108,105,105,105,107,"99,07",3,102,0,3,1,0,0,2,1,2,2,1
08/09/2026,Azul,SPE1_A,01:00,517,514,514,514,516,"99,81",13,501,0,3,1,0,0,2,1,2,2,1
08/09/2026,Azul,SPI1_A,05:00,364,362,362,362,363,"99,73",6,356,0,2,1,0,0,1,1,1,0,2
08/09/2026,Azul,SRN1_A,05:00,152,151,151,151,152,100,34,117,0,1,0,1,0,0,1,0,1,0
08/09/2026,Azul,SRN2_A,05:00,124,124,124,124,124,100,35,89,0,0,0,0,0,0,0,0,0,0
08/09/2026,Azul,SRS1_A,01:30,256,254,254,254,256,100,25,229,0,2,0,0,0,2,0,2,1,1
08/09/2026,Azul,SRS8_A,01:30,296,295,295,295,296,100,49,246,0,1,0,0,0,1,0,1,1,0
08/09/2026,Azul,SRS9_A,01:30,473,466,466,466,469,"99,15",142,324,0,7,4,0,0,3,4,3,3,4
08/09/2026,Azul,SSE1_C,02:00,192,191,137,191,192,100,0,191,0,1,0,0,0,1,0,1,0,1
08/09/2026,Rosa,FSP2_R,06:00,2076,2047,2047,2047,2063,"99,37",0,2047,0,29,13,0,0,16,13,16,0,29
08/09/2026,Rosa,XSP1_R,06:00,506,500,500,500,502,"99,21",0,500,0,6,4,0,0,2,4,2,0,6
08/09/2026,Verde,CVLHUB,08:00,176,171,171,171,171,"97,16",0,171,0,5,5,0,0,0,5,0,0,5
08/09/2026,Verde,JADHUB,13:00,534,530,530,530,532,"99,63",0,530,0,4,2,0,0,2,2,2,0,4
08/09/2026,Verde,JETSL1,13:00,3956,3934,3934,3934,3937,"99,52",3550,384,0,22,19,0,0,3,19,3,18,4
08/09/2026,Verde,LOGHUB,13:00,235,234,234,234,235,100,0,234,0,1,0,0,0,1,0,1,0,1
08/09/2026,Verde,SBA1,04:00,368,366,366,366,368,100,59,307,0,2,0,0,0,2,0,2,1,1
08/09/2026,Verde,SBA2,08:00,350,346,346,346,348,"99,43",78,268,0,4,2,0,0,2,2,2,0,4
08/09/2026,Verde,SBA3,08:00,1009,999,999,999,1006,"99,7",94,905,0,10,3,0,0,7,3,7,0,10
08/09/2026,Verde,SBA4,08:00,1479,1471,1471,1471,1474,"99,66",183,1288,0,8,5,0,0,3,5,3,2,6
08/09/2026,Verde,SBA7,08:00,908,901,901,901,904,"99,56",68,833,0,7,4,1,0,2,5,2,0,7
08/09/2026,Verde,SES3,08:00,340,337,337,337,338,"99,41",63,274,0,3,2,0,0,1,2,1,0,3
08/09/2026,Verde,SES3_X,08:00,420,413,413,413,416,"99,05",37,376,0,7,4,0,0,3,4,3,1,6
08/09/2026,Verde,SGO1,08:00,623,617,617,617,619,"99,36",97,520,0,6,4,0,0,2,4,2,2,4
08/09/2026,Verde,SMG1,05:30,1134,1129,1129,1129,1131,"99,74",123,1006,0,5,3,0,0,2,3,2,0,5
08/09/2026,Verde,SMG10,05:00,613,608,608,608,611,"99,67",14,594,0,5,2,0,0,3,2,3,0,5
08/09/2026,Verde,SMG13,08:00,354,352,352,352,352,"99,44",34,318,0,2,2,0,0,0,2,0,0,2
08/09/2026,Verde,SMG13_X,08:00,454,450,450,450,451,"99,34",53,397,0,4,3,0,0,1,3,1,0,4
08/09/2026,Verde,SMG14,05:00,1419,1413,1413,1413,1416,"99,79",146,1267,0,6,3,0,0,3,3,3,1,5
08/09/2026,Verde,SMG15,05:30,1258,1250,1250,1250,1254,"99,68",186,1064,0,8,4,0,0,4,4,4,0,8
08/09/2026,Verde,SMG18,05:30,417,408,408,408,414,"99,28",36,372,0,9,3,0,0,6,3,6,0,9
08/09/2026,Verde,SMG1_V,05:30,138,134,134,134,134,"97,1",7,127,0,4,4,0,0,0,4,0,0,4
08/09/2026,Verde,SMG2,05:00,1490,1471,1471,1471,1475,"98,99",272,1199,0,19,15,0,0,4,15,4,11,8
08/09/2026,Verde,SMG8,05:30,1471,1456,1456,1456,1467,"99,73",272,1184,0,15,4,0,0,11,4,11,6,9
08/09/2026,Verde,SMR1,04:00,851,838,838,838,841,"98,82",76,762,0,13,10,0,0,3,10,3,0,13
08/09/2026,Verde,SMS1,08:00,743,740,740,740,743,100,85,655,0,3,0,0,0,3,0,3,0,3
08/09/2026,Verde,SPA1,04:00,915,907,907,907,909,"99,34",236,671,0,8,6,0,0,2,6,2,5,3
08/09/2026,Verde,SPI1,08:00,711,698,698,698,703,"98,87",287,411,0,13,8,0,0,5,8,5,6,7
08/09/2026,Verde,SPR1,03:00,1354,1346,1348,1348,1348,"99,56",298,1050,0,6,6,0,0,0,6,0,3,3
08/09/2026,Verde,SPR3,08:00,3,1,1,1,1,"33,33",0,1,0,2,2,0,0,0,2,0,1,1
08/09/2026,Verde,SPR6,03:00,1281,1274,1274,1274,1276,"99,61",134,1140,0,7,5,0,0,2,5,2,1,6
08/09/2026,Verde,SRJ8,04:00,1940,1926,1927,1927,1932,"99,59",575,1352,0,13,8,0,0,5,8,5,0,13
08/09/2026,Verde,SRN1,08:00,239,235,235,235,236,"98,74",91,144,0,4,3,0,0,1,3,1,2,2
08/09/2026,Verde,SRS10,08:00,537,532,532,532,533,"99,26",108,424,0,5,4,0,0,1,4,1,0,5
08/09/2026,Verde,SRS2,08:00,628,621,621,621,622,"99,04",92,529,0,7,6,0,0,1,6,1,1,6
08/09/2026,Verde,SRS4,05:00,1078,1072,1072,1072,1073,"99,54",154,918,0,6,5,0,0,1,5,1,0,6
08/09/2026,Verde,SRS5,04:00,980,972,972,972,977,"99,69",121,851,0,8,3,0,0,5,3,5,0,8
08/09/2026,Verde,SSC1,13:00,1146,1134,1134,1134,1141,"99,56",182,952,0,12,5,0,0,7,5,7,1,11
08/09/2026,Verde,SSC2,04:00,1294,1275,1275,1275,1279,"98,84",163,1112,0,19,15,0,0,4,15,4,5,14
08/09/2026,Verde,SSC3,03:00,867,855,855,657,858,"98,96",66,591,0,210,9,0,0,201,9,201,9,201
08/09/2026,Verde,SSE1,08:00,590,587,587,587,588,"99,66",177,410,0,3,2,0,0,1,2,1,0,3
08/09/2026,Verde,SSP11,08:00,831,819,819,819,827,"99,52",57,762,0,12,4,0,0,8,4,8,1,11
08/09/2026,Verde,SSP23,03:00,1333,1322,1322,1322,1329,"99,7",189,1133,0,11,4,0,0,7,4,7,1,10
08/09/2026,Verde,SSP29,03:00,1399,1384,1384,1384,1395,"99,71",143,1241,0,15,4,0,0,11,4,11,4,11
08/09/2026,Verde,SSP50,04:00,479,457,457,457,462,"96,45",18,439,0,22,17,0,0,5,17,5,0,22
08/09/2026,Verde,SSP50_V,04:00,80,76,76,76,77,"96,25",2,74,0,4,3,0,0,1,3,1,0,4
08/09/2026,Verde,SSP52,13:00,154,147,143,143,150,"97,4",143,0,0,11,4,2,0,5,6,5,11,0
08/09/2026,Verde,SSP56,08:00,428,421,421,421,426,"99,53",54,367,0,7,2,0,0,5,2,5,1,6
08/09/2026,Verde,SSP7,03:00,950,947,947,947,948,"99,79",87,860,0,3,2,0,0,1,2,1,0,3
08/09/2026,Verde,STO1,08:00,562,558,558,558,559,"99,47",69,489,0,4,3,0,0,1,3,1,0,4
08/09/2026,Verde,STO2,08:00,961,952,952,952,953,"99,17",433,519,0,9,8,0,0,1,8,1,3,6
08/09/2026,Verde,XSP23_3,08:00,1489,1456,1456,1456,1482,"99,53",121,1335,0,33,7,0,0,26,7,26,4,29
08/09/2026,Verde,XSP9_1,04:00,609,592,592,592,605,"99,34",106,486,0,17,4,0,0,13,4,13,5,12
08/09/2026,Verde,XSP9_2,08:00,1910,1879,1879,1879,1898,"99,37",782,1097,0,31,12,0,0,19,12,19,10,21
08/09/2026,Vermelha,SAL1,02:30,793,779,780,780,782,"98,61",212,568,0,13,11,0,0,2,11,2,8,5
08/09/2026,Vermelha,SES1,02:30,511,508,508,508,509,"99,61",150,358,0,3,2,0,0,1,2,1,2,1
08/09/2026,Vermelha,SMG3,02:00,979,971,971,971,977,"99,8",265,706,0,8,2,1,0,5,3,5,2,6
08/09/2026,Vermelha,SMG5,01:30,630,625,625,625,625,"99,21",54,571,0,5,5,0,0,0,5,0,0,5
08/09/2026,Vermelha,SMG7,13:00,553,549,549,549,551,"99,64",51,498,0,4,2,0,0,2,2,2,2,2
08/09/2026,Vermelha,SMN2,05:00,60,51,51,51,59,"98,33",5,46,0,9,1,0,0,8,1,8,4,5
08/09/2026,Vermelha,SRJ1,01:30,1933,1918,1918,1918,1924,"99,53",217,1701,0,15,9,0,0,6,9,6,6,9
08/09/2026,Vermelha,SRJ10,01:00,2086,2016,2060,2060,2064,"98,95",260,1800,0,26,22,0,0,4,22,4,5,21
08/09/2026,Vermelha,SRJ10_V,01:00,243,230,230,230,233,"95,88",7,223,0,13,10,0,0,3,10,3,0,13
08/09/2026,Vermelha,SRJ13,01:30,1254,1240,1222,1222,1244,"99,2",156,1066,0,32,10,19,0,3,29,3,19,13
08/09/2026,Vermelha,SRJ2,02:00,1528,1518,1471,1471,1522,"99,61",156,1315,0,57,6,2,0,49,8,49,1,56
08/09/2026,Vermelha,SRJ3,02:30,1055,1045,1009,1009,1051,"99,62",120,889,0,46,4,0,0,42,4,42,2,44
08/09/2026,Vermelha,SRJ6,01:30,1416,1405,1405,1405,1410,"99,58",208,1197,0,11,6,0,0,5,6,5,1,10
08/09/2026,Vermelha,SRS8,03:00,811,799,799,799,801,"98,77",101,698,0,12,10,0,0,2,10,2,2,10
08/09/2026,Vermelha,SRS9,02:30,699,663,698,698,699,100,126,572,0,1,0,0,0,1,0,1,0,1
08/09/2026,Vermelha,SRS9_V,02:30,131,126,126,126,128,"97,71",0,126,0,5,3,0,0,2,3,2,2,3
08/09/2026,Vermelha,SSC4,02:30,911,902,902,902,903,"99,12",66,836,0,9,8,0,0,1,8,1,0,9
08/09/2026,Vermelha,SSP1,02:00,1157,1142,1142,1142,1149,"99,31",110,1032,0,15,8,1,0,6,9,6,0,15
08/09/2026,Vermelha,SSP12,02:00,446,437,437,437,443,"99,33",56,381,0,9,3,0,0,6,3,6,2,7
08/09/2026,Vermelha,SSP13,01:00,946,928,928,928,935,"98,84",173,755,0,18,11,0,0,7,11,7,2,16
08/09/2026,Vermelha,SSP14,01:00,1407,1397,1397,1397,1403,"99,72",147,1250,0,10,4,0,0,6,4,6,1,9
08/09/2026,Vermelha,SSP15,01:30,1537,1517,1517,1517,1522,"99,02",167,1350,0,20,15,0,0,5,15,5,1,19
08/09/2026,Vermelha,SSP16,01:00,832,825,825,825,828,"99,52",82,743,0,7,4,0,0,3,4,3,0,7
08/09/2026,Vermelha,SSP18,02:30,1119,1108,1108,1108,1112,"99,37",35,1073,0,11,7,0,0,4,7,4,2,9
08/09/2026,Vermelha,SSP20,02:30,1426,1411,1411,1411,1414,"99,16",115,1296,0,15,12,0,0,3,12,3,2,13
08/09/2026,Vermelha,SSP22,01:00,1331,1311,1312,1312,1324,"99,47",188,1124,0,19,7,0,0,12,7,12,1,18
08/09/2026,Vermelha,SSP24,01:30,769,765,765,765,766,"99,61",83,682,0,4,3,0,0,1,3,1,0,4
08/09/2026,Vermelha,SSP26,01:00,825,810,810,810,820,"99,39",64,746,0,15,5,0,0,10,5,10,1,14
08/09/2026,Vermelha,SSP27,02:30,809,771,596,596,803,"99,26",58,538,0,213,6,205,0,2,211,2,1,212
08/09/2026,Vermelha,SSP31,01:30,574,571,571,571,572,"99,65",92,479,0,3,2,0,0,1,2,1,0,3
08/09/2026,Vermelha,SSP37,02:30,1255,1249,1249,1249,1252,"99,76",204,1045,0,6,3,0,0,3,3,3,2,4
08/09/2026,Vermelha,SSP38,02:30,1593,1585,1585,1585,1586,"99,56",204,1381,0,8,7,0,0,1,7,1,3,5
08/09/2026,Vermelha,SSP39,02:00,763,758,758,758,760,"99,61",85,673,0,5,3,0,0,2,3,2,1,4
08/09/2026,Vermelha,SSP4,01:00,1290,1278,1278,1278,1284,"99,53",94,1184,0,12,6,0,0,6,6,6,1,11
08/09/2026,Vermelha,SSP46,01:30,616,610,610,610,614,"99,68",65,545,0,6,2,0,0,4,2,4,0,6
08/09/2026,Vermelha,SSP6,02:00,946,935,935,935,943,"99,68",80,855,0,11,3,0,0,8,3,8,0,11
08/09/2026,Vermelha,SSP9,02:00,1613,1600,1600,1600,1609,"99,75",222,1378,0,13,4,1,0,8,5,8,2,11
08/09/2026,Vermelha,SSP9_V,02:00,179,171,171,171,173,"96,65",21,150,0,8,6,0,0,2,6,2,3,5
08/09/2026,Vermelha,XSP9_6,08:00,3021,2981,2981,2981,2999,"99,27",424,2557,0,40,22,1,0,17,23,17,13,27
07/09/2026,Amarela,SPR2,03:00,1,1,1,1,1,100,0,1,0,0,0,0,0,0,0,0,0,0
07/09/2026,Amarela,SPR7,04:00,11,11,11,11,11,100,4,7,0,0,0,0,0,0,0,0,0,0
07/09/2026,Amarela,SRJ4,04:00,1,1,1,1,1,100,0,1,0,0,0,0,0,0,0,0,0,0
07/09/2026,Amarela,SRJ7,04:00,1,1,1,1,1,100,0,1,0,0,0,0,0,0,0,0,0,0
07/09/2026,Amarela,SRS3,08:00,12,12,11,11,12,100,4,7,0,1,0,1,0,0,1,0,0,1
07/09/2026,Amarela,SSP10,04:00,1,1,1,1,1,100,0,1,0,0,0,0,0,0,0,0,0,0
07/09/2026,Amarela,SSP28,04:00,1,1,1,1,1,100,0,1,0,0,0,0,0,0,0,0,0,0
07/09/2026,Amarela,SSP48,03:00,1,1,1,1,1,100,0,1,0,0,0,0,0,0,0,0,0,0
07/09/2026,Amarela,SSP8,02:30,1,1,1,1,1,100,0,1,0,0,0,0,0,0,0,0,0,0
07/09/2026,Azul,SAM1_A,05:00,3,3,3,3,3,100,3,0,0,0,0,0,0,0,0,0,0,0
07/09/2026,Azul,SBA6_A,01:00,1,1,1,1,1,100,1,0,0,0,0,0,0,0,0,0,0,0
07/09/2026,Azul,SJP1X_A,05:00,2,2,2,2,2,100,2,0,0,0,0,0,0,0,0,0,0,0
07/09/2026,Azul,SJP1_A,05:00,1,1,1,1,1,100,1,0,0,0,0,0,0,0,0,0,0,0
07/09/2026,Azul,SMN1_A,05:00,1,1,1,1,1,100,1,0,0,0,0,0,0,0,0,0,0,0
07/09/2026,Azul,SMR1_A,01:00,1,1,1,1,1,100,1,0,0,0,0,0,0,0,0,0,0,0
07/09/2026,Azul,SRS9_A,01:30,2,2,2,2,2,100,2,0,0,0,0,0,0,0,0,0,0,0
07/09/2026,Verde,JETSL1,13:00,8,8,8,8,8,100,8,0,0,0,0,0,0,0,0,0,0,0
07/09/2026,Verde,SBA3,06:00,11,10,10,10,10,"90,91",3,7,0,1,1,0,0,0,1,0,0,1
07/09/2026,Verde,SBA7,06:00,14,14,14,14,14,100,6,8,0,0,0,0,0,0,0,0,0,0
07/09/2026,Verde,SES3_X,08:00,1,1,1,1,1,100,0,1,0,0,0,0,0,0,0,0,0,0
07/09/2026,Verde,SMG18,05:30,1,1,1,1,1,100,1,0,0,0,0,0,0,0,0,0,0,0
07/09/2026,Verde,SRS2,08:00,15,15,15,15,15,100,4,11,0,0,0,0,0,0,0,0,0,0
07/09/2026,Verde,SSC1,13:00,2,2,2,2,2,100,0,2,0,0,0,0,0,0,0,0,0,0
07/09/2026,Verde,SSP11,08:00,16,16,16,16,16,100,3,13,0,0,0,0,0,0,0,0,0,0
07/09/2026,Verde,XSP23_3,08:00,1,1,1,1,1,100,0,1,0,0,0,0,0,0,0,0,0,0
07/09/2026,Vermelha,SMG3,02:00,1,1,1,1,1,100,1,0,0,0,0,0,0,0,0,0,0,0
07/09/2026,Vermelha,SRJ6,01:30,1,1,1,1,1,100,1,0,0,0,0,0,0,0,0,0,0,0
07/09/2026,Vermelha,SSP27,02:30,1,1,1,1,1,100,0,1,0,0,0,0,0,0,0,0,0,0
07/09/2026,Vermelha,SSP37,02:30,1,1,1,1,1,100,1,0,0,0,0,0,0,0,0,0,0,0
07/09/2026,Vermelha,SSP38,02:30,1,1,1,1,1,100,1,0,0,0,0,0,0,0,0,0,0,0
07/09/2026,Vermelha,SSP9,02:00,1,1,1,1,1,100,1,0,0,0,0,0,0,0,0,0,0,0
04/09/2026,Amarela,SBA6,04:00,673,669,665,665,672,"99,85",455,210,0,8,1,4,0,3,5,3,0,8
04/09/2026,Amarela,SDF1,03:00,945,938,938,938,943,"99,79",383,555,0,7,2,0,0,5,2,5,1,6
04/09/2026,Amarela,SDF2,03:00,468,463,463,463,464,"99,15",264,199,0,5,4,0,0,1,4,1,0,5
04/09/2026,Amarela,SES2,04:00,192,192,192,192,192,100,5,187,0,0,0,0,0,0,0,0,0,0
04/09/2026,Amarela,SMG11,04:00,259,257,257,257,258,"99,61",13,244,0,2,1,0,0,1,1,1,0,2
04/09/2026,Amarela,SMG12,03:00,437,434,434,434,435,"99,54",122,312,0,3,2,0,0,1,2,1,0,3
04/09/2026,Amarela,SMG4,03:00,290,289,289,289,290,100,58,231,0,1,0,0,0,1,0,1,0,1
04/09/2026,Amarela,SMG6,03:00,652,652,652,652,652,100,256,396,0,0,0,0,0,0,0,0,0,0
04/09/2026,Amarela,SMG9,02:30,769,757,758,758,761,"98,96",137,621,0,11,8,0,0,3,8,3,1,10
04/09/2026,Amarela,SMN1,04:00,912,906,906,906,909,"99,67",203,703,0,6,3,0,0,3,3,3,1,5
04/09/2026,Amarela,SMS2,03:00,424,421,421,421,424,100,239,182,0,3,0,0,0,3,0,3,2,1
04/09/2026,Amarela,SPA2,04:00,726,722,722,722,722,"99,45",415,307,0,4,4,0,0,0,4,0,0,4
04/09/2026,Amarela,SPE1,04:00,421,417,417,417,420,"99,76",234,183,0,4,1,0,0,3,1,3,0,4
04/09/2026,Amarela,SPR10,04:00,383,376,376,376,380,"99,22",146,230,0,7,3,0,0,4,3,4,1,6
04/09/2026,Amarela,SPR2,03:00,445,439,439,439,442,"99,33",36,403,0,6,3,0,1,2,4,2,0,6
04/09/2026,Amarela,SPR4,08:00,301,296,296,296,298,99,117,179,0,5,3,0,0,2,3,2,0,5
04/09/2026,Amarela,SPR5,03:00,222,222,222,222,222,100,57,165,0,0,0,0,0,0,0,0,0,0
04/09/2026,Amarela,SPR7,03:00,444,443,443,443,443,"99,77",177,266,0,1,1,0,0,0,1,0,0,1
04/09/2026,Amarela,SPR8,04:00,828,825,825,825,825,"99,64",279,546,0,3,3,0,0,0,3,0,0,3
04/09/2026,Amarela,SPR8_V,04:00,84,81,81,81,83,"98,81",3,78,0,3,1,0,0,2,1,2,0,3
04/09/2026,Amarela,SRJ12,04:00,116,115,115,115,116,100,8,107,0,1,0,0,0,1,0,1,0,1
04/09/2026,Amarela,SRJ4,04:00,359,356,356,356,356,"99,16",12,344,0,3,3,0,0,0,3,0,0,3
04/09/2026,Amarela,SRJ5,04:00,437,437,437,437,437,100,167,270,0,0,0,0,0,0,0,0,0,0
04/09/2026,Amarela,SRJ7,04:00,209,206,206,206,207,"99,04",22,184,0,3,2,0,0,1,2,1,0,3
04/09/2026,Amarela,SRJ9,04:00,207,203,203,203,204,"98,55",21,182,0,4,3,0,0,1,3,1,0,4
04/09/2026,Amarela,SRS1,04:00,405,402,402,402,402,"99,26",184,218,0,3,3,0,0,0,3,0,3,0
04/09/2026,Amarela,SRS3,08:00,413,411,411,411,412,"99,76",170,241,0,2,1,0,0,1,1,1,0,2
04/09/2026,Amarela,SSC5,08:00,442,439,439,439,442,100,70,369,0,3,0,0,0,3,0,3,0,3
04/09/2026,Amarela,SSC7,04:00,328,328,328,328,328,100,32,296,0,0,0,0,0,0,0,0,0,0
04/09/2026,Amarela,SSC8,03:00,565,557,557,557,560,"99,12",145,412,0,8,5,0,0,3,5,3,0,8
04/09/2026,Amarela,SSC9,03:00,531,522,522,522,523,"98,49",225,297,0,9,8,0,0,1,8,1,0,9
04/09/2026,Amarela,SSP10,04:00,726,721,721,721,721,"99,31",293,428,0,5,5,0,0,0,5,0,1,4
04/09/2026,Amarela,SSP17,02:30,530,526,526,526,527,"99,43",142,384,0,4,3,0,0,1,3,1,0,4
04/09/2026,Amarela,SSP17_V,02:30,45,45,45,45,45,100,6,39,0,0,0,0,0,0,0,0,0,0
04/09/2026,Amarela,SSP21,03:00,449,446,446,446,447,"99,55",119,327,0,3,2,0,0,1,2,1,0,3
04/09/2026,Amarela,SSP25,03:00,849,838,838,838,839,"98,82",260,578,0,11,10,0,0,1,10,1,5,6
04/09/2026,Amarela,SSP28,04:00,345,341,341,341,345,100,110,231,0,4,0,0,0,4,0,4,0,4
04/09/2026,Amarela,SSP3,02:30,761,755,755,755,756,"99,34",240,515,0,6,5,0,0,1,5,1,0,6
04/09/2026,Amarela,SSP30,03:00,1027,1020,1020,1020,1023,"99,61",261,759,0,7,4,0,0,3,4,3,0,7
04/09/2026,Amarela,SSP34,03:00,687,678,678,678,680,"98,98",194,484,0,9,7,0,0,2,7,2,0,9
04/09/2026,Amarela,SSP36,05:30,693,687,687,687,687,"99,13",287,400,0,6,6,0,0,0,6,0,0,6
04/09/2026,Amarela,SSP40,03:00,540,534,534,534,536,"99,26",116,418,0,6,4,0,0,2,4,2,0,6
04/09/2026,Amarela,SSP40_V,03:00,64,64,64,64,64,100,11,53,0,0,0,0,0,0,0,0,0,0
04/09/2026,Amarela,SSP45,03:00,537,531,531,531,532,"99,07",152,379,0,6,5,0,0,1,5,1,5,1
04/09/2026,Amarela,SSP45_V,03:00,70,69,69,69,69,"98,57",9,60,0,1,1,0,0,0,1,0,0,1
04/09/2026,Amarela,SSP48,03:00,597,594,594,594,595,"99,66",131,463,0,3,2,0,0,1,2,1,0,3
04/09/2026,Amarela,SSP49,03:00,263,259,259,259,261,"99,24",76,183,0,4,2,0,0,2,2,2,1,3
04/09/2026,Amarela,SSP5,03:00,997,991,991,991,991,"99,4",239,752,0,6,6,0,0,0,6,0,0,6
04/09/2026,Amarela,SSP5_V,03:00,45,45,45,45,45,100,5,40,0,0,0,0,0,0,0,0,0,0
04/09/2026,Amarela,SSP8,02:30,1163,1148,1148,1148,1148,"98,71",382,766,0,15,15,0,0,0,15,0,0,15
04/09/2026,Amarela,XSP17_2,08:00,539,508,508,508,532,"98,7",175,333,0,31,7,1,0,23,8,23,2,29
04/09/2026,Amarela,XSP17_3,08:00,457,449,449,449,453,"99,12",206,243,0,8,4,0,0,4,4,4,2,6
04/09/2026,Amarela,XSP24_6,06:00,323,316,316,316,318,"98,45",94,222,0,7,5,0,0,2,5,2,1,6
04/09/2026,Amarela,XSP9_3,08:00,188,181,181,181,186,"98,94",17,164,0,7,2,0,0,5,2,5,1,6
04/09/2026,Azul,SAL1_C,02:00,91,90,90,90,90,"98,9",3,87,0,1,1,0,0,0,1,0,0,1
04/09/2026,Azul,SAM1_A,01:30,376,375,375,375,375,"99,73",137,238,0,1,1,0,0,0,1,0,0,1
04/09/2026,Azul,SBA1_A,01:30,447,444,444,444,445,"99,55",189,255,0,3,2,0,0,1,2,1,1,2
04/09/2026,Azul,SBA2_C,02:00,289,288,288,288,289,100,0,288,0,1,0,0,0,1,0,1,0,1
04/09/2026,Azul,SBA6_A,01:00,371,370,370,370,370,"99,73",47,323,0,1,1,0,0,0,1,0,0,1
04/09/2026,Azul,SCE1_C,02:00,107,107,107,107,107,100,0,107,0,0,0,0,0,0,0,0,0,0
04/09/2026,Azul,SCE3_A,01:00,35,35,35,35,35,100,3,32,0,0,0,0,0,0,0,0,0,0
04/09/2026,Azul,SDF1_A,01:30,251,2,251,251,251,100,1,250,0,0,0,0,0,0,0,0,0,0
04/09/2026,Azul,SDF2_A,01:30,156,156,156,156,156,100,7,149,0,0,0,0,0,0,0,0,0,0
04/09/2026,Azul,SES1_A,01:30,573,570,570,570,571,"99,65",292,278,0,3,2,0,0,1,2,1,1,2
04/09/2026,Azul,SGO1_A,01:00,321,320,320,320,320,"99,69",2,318,0,1,1,0,0,0,1,0,0,1
04/09/2026,Azul,SGO3_A,01:00,155,154,154,154,154,"99,35",1,153,0,1,1,0,0,0,1,0,0,1
04/09/2026,Azul,SJP1X_A,05:00,49,49,49,49,49,100,11,38,0,0,0,0,0,0,0,0,0,0
04/09/2026,Azul,SJP1_A,05:00,91,90,90,90,90,"98,9",7,83,0,1,1,0,0,0,1,0,0,1
04/09/2026,Azul,SMN1_A,05:00,122,121,121,121,121,"99,18",0,121,0,1,1,0,0,0,1,0,0,1
04/09/2026,Azul,SMN1_C,05:00,35,35,35,35,35,100,0,35,0,0,0,0,0,0,0,0,0,0
04/09/2026,Azul,SMN2_C,05:00,5,5,5,5,5,100,0,5,0,0,0,0,0,0,0,0,0,0
04/09/2026,Azul,SMR1_A,01:00,146,146,146,146,146,100,2,144,0,0,0,0,0,0,0,0,0,0
04/09/2026,Azul,SMR2_A,01:00,181,181,181,181,181,100,2,179,0,0,0,0,0,0,0,0,0,0
04/09/2026,Azul,SPA1_C,05:00,83,83,83,83,83,100,0,83,0,0,0,0,0,0,0,0,0,0
04/09/2026,Azul,SPE1_A,01:00,466,466,466,466,466,100,201,265,0,0,0,0,0,0,0,0,0,0
04/09/2026,Azul,SPI1_A,05:00,107,107,107,107,107,100,1,106,0,0,0,0,0,0,0,0,0,0
04/09/2026,Azul,SRN1_A,05:00,57,56,56,56,56,"98,25",1,55,0,1,1,0,0,0,1,0,0,1
04/09/2026,Azul,SRN2_A,05:00,52,50,50,50,50,"96,15",6,44,0,2,2,0,0,0,2,0,0,2
04/09/2026,Azul,SRS1_A,01:30,187,186,186,186,186,"99,47",5,181,0,1,1,0,0,0,1,0,1,0
04/09/2026,Azul,SRS8_A,01:30,219,219,219,219,219,100,8,211,0,0,0,0,0,0,0,0,0,0
04/09/2026,Azul,SRS9_A,01:30,291,287,287,287,288,"98,97",13,274,0,4,3,0,0,1,3,1,0,4
04/09/2026,Azul,SSE1_C,02:00,100,99,99,99,100,100,2,97,0,1,0,0,0,1,0,1,0,1
04/09/2026,Rosa,FSP2_R,06:00,1698,1682,1682,1682,1690,"99,53",0,1682,0,16,8,0,0,8,8,8,0,16
04/09/2026,Rosa,XSP1_R,06:00,323,316,316,316,316,"97,83",0,316,0,7,7,0,0,0,7,0,0,7
04/09/2026,Verde,CVLHUB,08:00,58,58,58,58,58,100,0,58,0,0,0,0,0,0,0,0,0,0
04/09/2026,Verde,JADHUB,13:00,235,232,232,232,233,"99,15",1,231,0,3,2,1,0,0,3,0,0,3
04/09/2026,Verde,JETSL1,13:00,3995,3965,3965,3965,3971,"99,4",3458,507,0,30,24,0,0,6,24,6,24,6
04/09/2026,Verde,LOGHUB,13:00,93,92,92,92,93,100,0,92,0,1,0,0,0,1,0,1,0,1
04/09/2026,Verde,SBA1,04:00,681,678,678,678,679,"99,71",475,203,0,3,2,0,0,1,2,1,2,1
04/09/2026,Verde,SBA2,08:00,374,360,360,360,360,"96,26",198,162,0,14,14,0,0,0,14,0,13,1
04/09/2026,Verde,SBA3,08:00,838,831,831,831,831,"99,16",367,464,0,7,7,0,0,0,7,0,4,3
04/09/2026,Verde,SBA4,08:00,871,860,860,860,861,"98,85",67,793,0,11,10,0,0,1,10,1,0,11
04/09/2026,Verde,SBA7,08:00,590,586,586,586,586,"99,32",219,367,0,4,4,0,0,0,4,0,1,3
04/09/2026,Verde,SES3,08:00,375,360,360,360,360,96,221,139,0,15,15,0,0,0,15,0,12,3
04/09/2026,Verde,SES3_X,08:00,404,391,391,391,393,"97,28",199,192,0,13,11,0,0,2,11,2,11,2
04/09/2026,Verde,SGO1,08:00,830,820,820,820,821,"98,92",474,346,0,10,9,0,0,1,9,1,8,2
04/09/2026,Verde,SMG1,05:30,716,709,709,709,710,"99,16",272,437,0,7,6,0,0,1,6,1,4,3
04/09/2026,Verde,SMG10,05:00,283,275,275,275,277,"97,88",5,270,0,8,6,0,0,2,6,2,1,7
04/09/2026,Verde,SMG13,08:00,304,302,302,302,302,"99,34",136,166,0,2,2,0,0,0,2,0,2,0
04/09/2026,Verde,SMG13_X,08:00,414,409,409,409,409,"98,79",193,216,0,5,5,0,0,0,5,0,0,5
04/09/2026,Verde,SMG14,05:00,831,824,824,824,825,"99,28",236,588,0,7,6,0,0,1,6,1,1,6
04/09/2026,Verde,SMG15,05:30,600,600,600,600,600,100,106,494,0,0,0,0,0,0,0,0,0,0
04/09/2026,Verde,SMG18,05:30,387,385,385,385,385,"99,48",176,209,0,2,2,0,0,0,2,0,1,1
04/09/2026,Verde,SMG1_V,05:30,118,118,118,118,118,100,23,95,0,0,0,0,0,0,0,0,0,0
04/09/2026,Verde,SMG2,05:00,735,719,719,719,720,"97,96",89,630,0,16,15,0,0,1,15,1,4,12
04/09/2026,Verde,SMG8,05:30,685,675,676,676,677,"98,83",82,594,0,9,8,0,0,1,8,1,5,4
04/09/2026,Verde,SMR1,04:00,1016,1013,1013,1013,1014,"99,8",185,828,0,3,2,0,0,1,2,1,0,3
04/09/2026,Verde,SMS1,08:00,757,752,752,752,753,"99,47",416,336,0,5,4,0,0,1,4,1,1,4
04/09/2026,Verde,SPA1,04:00,788,784,784,784,785,"99,62",417,367,0,4,3,0,0,1,3,1,3,1
04/09/2026,Verde,SPI1,08:00,406,404,404,404,404,"99,51",204,200,0,2,2,0,0,0,2,0,1,1
04/09/2026,Verde,SPR1,03:00,960,946,946,946,946,"98,54",451,495,0,14,14,0,0,0,14,0,4,10
04/09/2026,Verde,SPR3,08:00,6,6,6,6,6,100,2,4,0,0,0,0,0,0,0,0,0,0
04/09/2026,Verde,SPR6,03:00,763,762,762,762,762,"99,87",248,514,0,1,1,0,0,0,1,0,1,0
04/09/2026,Verde,SRJ8,04:00,712,704,704,704,707,"99,3",70,634,0,8,5,0,0,3,5,3,0,8
04/09/2026,Verde,SRN1,08:00,353,352,352,352,352,"99,72",237,115,0,1,1,0,0,0,1,0,1,0
04/09/2026,Verde,SRS10,08:00,521,514,514,514,518,"99,42",234,280,0,7,3,0,0,4,3,4,0,7
04/09/2026,Verde,SRS2,08:00,474,468,468,468,468,"98,73",185,283,0,6,6,0,0,0,6,0,0,6
04/09/2026,Verde,SRS4,05:00,636,635,635,635,635,"99,84",264,371,0,1,1,0,0,0,1,0,1,0
04/09/2026,Verde,SRS5,04:00,700,696,696,696,698,"99,71",412,284,0,4,2,0,0,2,2,2,3,1
04/09/2026,Verde,SSC1,13:00,894,887,887,887,889,"99,44",236,651,0,7,5,0,0,2,5,2,3,4
04/09/2026,Verde,SSC2,04:00,923,913,913,913,914,"99,02",361,552,0,10,9,0,0,1,9,1,6,4
04/09/2026,Verde,SSC3,03:00,537,531,531,531,531,"98,88",168,363,0,6,6,0,0,0,6,0,3,3
04/09/2026,Verde,SSE1,08:00,475,474,474,474,474,"99,79",254,220,0,1,1,0,0,0,1,0,0,1
04/09/2026,Verde,SSP11,08:00,518,515,515,515,516,"99,61",174,341,0,3,2,0,0,1,2,1,0,3
04/09/2026,Verde,SSP23,03:00,810,805,805,805,805,"99,38",204,601,0,5,5,0,0,0,5,0,0,5
04/09/2026,Verde,SSP29,03:00,883,877,877,877,878,"99,43",227,650,0,6,5,0,0,1,5,1,1,5
04/09/2026,Verde,SSP50,04:00,187,185,185,185,185,"98,93",51,134,0,2,2,0,0,0,2,0,1,1
04/09/2026,Verde,SSP50_V,04:00,15,14,14,14,14,"93,33",4,10,0,1,1,0,0,0,1,0,0,1
04/09/2026,Verde,SSP56,08:00,192,192,192,192,192,100,76,116,0,0,0,0,0,0,0,0,0,0
04/09/2026,Verde,SSP7,03:00,555,551,551,551,551,"99,28",125,426,0,4,4,0,0,0,4,0,1,3
04/09/2026,Verde,STO1,08:00,509,506,506,506,507,"99,61",233,273,0,3,2,0,0,1,2,1,3,0
04/09/2026,Verde,STO2,08:00,380,369,369,369,376,"98,95",123,246,0,11,4,0,0,7,4,7,1,10
04/09/2026,Verde,XSP23_3,08:00,928,922,922,922,924,"99,57",242,680,0,6,4,0,0,2,4,2,0,6
04/09/2026,Verde,XSP9_1,04:00,529,522,522,522,526,"99,43",275,247,0,7,3,0,0,4,3,4,3,4
04/09/2026,Verde,XSP9_2,08:00,1561,1547,1547,1547,1554,"99,55",957,590,0,14,7,1,0,6,8,6,8,6
04/09/2026,Vermelha,SAL1,02:30,891,885,885,885,888,"99,66",445,440,0,6,3,0,0,3,3,3,3,3
04/09/2026,Vermelha,SES1,02:30,271,264,264,264,266,"98,15",47,217,0,7,5,0,0,2,5,2,2,5
04/09/2026,Vermelha,SMG3,02:00,713,704,704,704,711,"99,72",30,674,0,9,2,0,0,7,2,7,2,7
04/09/2026,Vermelha,SMG5,01:30,544,539,539,539,542,"99,63",184,355,0,5,2,0,0,3,2,3,3,2
04/09/2026,Vermelha,SMG7,13:00,488,480,480,480,485,"99,39",256,224,0,8,3,0,0,5,3,5,3,5
04/09/2026,Vermelha,SMN2,05:00,26,23,23,23,25,"96,15",1,22,0,3,1,0,0,2,1,2,0,3
04/09/2026,Vermelha,SRJ1,01:30,1388,1371,1370,1370,1376,"99,14",414,956,0,18,12,1,0,5,13,5,5,13
04/09/2026,Vermelha,SRJ10,01:00,1358,1345,1345,1345,1352,"99,56",446,899,0,13,6,0,0,7,6,7,5,8
04/09/2026,Vermelha,SRJ10_V,01:00,71,71,71,71,71,100,10,61,0,0,0,0,0,0,0,0,0,0
04/09/2026,Vermelha,SRJ13,01:30,579,572,572,572,575,"99,31",77,495,0,7,4,0,0,3,4,3,2,5
04/09/2026,Vermelha,SRJ2,02:00,1117,1106,1106,1106,1112,"99,55",404,702,0,11,5,0,0,6,5,6,3,8
04/09/2026,Vermelha,SRJ3,02:30,801,797,797,797,797,"99,5",262,535,0,4,4,0,0,0,4,0,1,3
04/09/2026,Vermelha,SRJ6,01:30,1044,1039,1039,1039,1043,"99,9",380,659,0,5,1,0,0,4,1,4,1,4
04/09/2026,Vermelha,SRS8,03:00,647,645,645,645,646,"99,85",242,403,0,2,1,0,0,1,1,1,1,1
04/09/2026,Vermelha,SRS9,02:30,218,215,215,215,217,"99,54",27,188,0,3,1,0,0,2,1,2,0,3
04/09/2026,Vermelha,SRS9_V,02:30,135,125,125,125,129,"95,56",1,124,0,10,6,0,0,4,6,4,0,10
04/09/2026,Vermelha,SSC4,02:30,686,675,675,675,679,"98,98",195,480,0,11,7,0,0,4,7,4,6,5
04/09/2026,Vermelha,SSP1,02:00,584,580,580,580,581,"99,49",141,439,0,4,3,0,0,1,3,1,2,2
04/09/2026,Vermelha,SSP12,02:00,305,303,303,303,305,100,94,209,0,2,0,0,0,2,0,2,0,2
04/09/2026,Vermelha,SSP13,01:00,607,601,601,601,601,"99,01",212,389,0,6,6,0,0,0,6,0,0,6
04/09/2026,Vermelha,SSP14,01:00,872,863,863,863,868,"99,54",251,612,0,9,4,0,0,5,4,5,1,8
04/09/2026,Vermelha,SSP15,01:30,1063,1057,1057,1057,1063,100,286,771,0,6,0,0,0,6,0,6,3,3
04/09/2026,Vermelha,SSP16,01:00,547,545,545,545,546,"99,82",172,373,0,2,1,0,0,1,1,1,1,1
04/09/2026,Vermelha,SSP18,02:30,671,663,663,663,665,"99,11",111,552,0,8,6,0,0,2,6,2,0,8
04/09/2026,Vermelha,SSP20,02:30,934,930,930,930,931,"99,68",234,696,0,4,3,0,0,1,3,1,0,4
04/09/2026,Vermelha,SSP22,01:00,885,878,878,878,882,"99,66",261,617,0,7,3,0,0,4,3,4,4,3
04/09/2026,Vermelha,SSP24,01:30,477,472,472,472,473,"99,16",149,323,0,5,4,0,0,1,4,1,2,3
04/09/2026,Vermelha,SSP26,01:00,547,545,545,545,547,100,127,418,0,2,0,0,0,2,0,2,2,0
04/09/2026,Vermelha,SSP27,02:30,499,494,494,494,497,"99,6",126,368,0,5,2,0,0,3,2,3,0,5
04/09/2026,Vermelha,SSP31,01:30,420,409,409,409,416,"99,05",170,239,0,11,4,0,0,7,4,7,6,5
04/09/2026,Vermelha,SSP37,02:30,869,866,866,866,869,100,312,554,0,3,0,0,0,3,0,3,1,2
04/09/2026,Vermelha,SSP38,02:30,1004,995,995,995,1002,"99,8",357,638,0,9,2,0,0,7,2,7,4,5
04/09/2026,Vermelha,SSP39,02:00,563,561,561,561,561,"99,64",166,395,0,2,2,0,0,0,2,0,0,2
04/09/2026,Vermelha,SSP4,01:00,719,713,713,713,715,"99,44",213,500,0,6,4,0,0,2,4,2,2,4
04/09/2026,Vermelha,SSP46,01:30,470,469,469,469,470,100,151,318,0,1,0,0,0,1,0,1,0,1
04/09/2026,Vermelha,SSP6,02:00,616,608,608,608,613,"99,51",167,441,0,8,3,0,0,5,3,5,0,8
04/09/2026,Vermelha,SSP9,02:00,1030,1020,1020,1020,1026,"99,61",251,769,0,10,4,0,0,6,4,6,1,9
04/09/2026,Vermelha,SSP9_V,02:00,41,41,41,41,41,100,2,39,0,0,0,0,0,0,0,0,0,0
04/09/2026,Vermelha,XSP9_6,08:00,3086,3037,3037,3037,3075,"99,64",1381,1656,0,49,11,0,0,38,11,38,8,41
03/09/2026,Amarela,SBA6,04:00,831,823,823,823,827,"99,52",554,269,0,8,4,0,0,4,4,4,6,2
03/09/2026,Amarela,SDF1,03:00,747,739,739,739,744,"99,6",318,421,0,8,3,0,0,5,3,5,2,6
03/09/2026,Amarela,SDF2,03:00,523,512,512,512,513,"98,09",307,205,0,11,10,0,0,1,10,1,2,9
03/09/2026,Amarela,SES2,04:00,400,397,397,397,397,"99,25",153,244,0,3,3,0,0,0,3,0,0,3
03/09/2026,Amarela,SMG11,04:00,479,475,475,475,478,"99,79",191,284,0,4,1,0,0,3,1,3,0,4
03/09/2026,Amarela,SMG12,03:00,588,586,585,585,586,"99,66",215,370,0,3,2,1,0,0,3,0,0,3
03/09/2026,Amarela,SMG4,03:00,429,428,428,428,429,100,196,232,0,1,0,0,0,1,0,1,0,1
03/09/2026,Amarela,SMG6,03:00,764,748,748,748,752,"98,43",290,458,0,16,12,0,0,4,12,4,2,14
03/09/2026,Amarela,SMG9,02:30,832,816,816,816,821,"98,68",154,662,0,16,11,0,0,5,11,5,1,15
03/09/2026,Amarela,SMN1,04:00,752,746,747,747,748,"99,47",175,572,0,5,4,0,0,1,4,1,2,3
03/09/2026,Amarela,SMS2,03:00,547,542,542,542,545,"99,63",303,239,0,5,2,0,0,3,2,3,1,4
03/09/2026,Amarela,SPA2,04:00,753,743,743,743,746,"99,07",409,334,0,10,7,0,0,3,7,3,3,7
03/09/2026,Amarela,SPE1,04:00,761,755,755,755,759,"99,74",526,229,0,6,2,0,0,4,2,4,4,2
03/09/2026,Amarela,SPR10,04:00,477,476,476,476,477,100,162,314,0,1,0,0,0,1,0,1,0,1
03/09/2026,Amarela,SPR2,03:00,614,610,610,610,610,"99,35",159,451,0,4,4,0,0,0,4,0,0,4
03/09/2026,Amarela,SPR4,08:00,313,310,310,310,312,"99,68",94,216,0,3,1,0,0,2,1,2,0,3
03/09/2026,Amarela,SPR5,03:00,380,370,370,370,372,"97,89",147,223,0,10,8,0,0,2,8,2,0,10
03/09/2026,Amarela,SPR7,03:00,548,542,542,452,546,"99,64",239,213,0,96,2,0,0,94,2,94,0,96
03/09/2026,Amarela,SPR8,04:00,967,960,960,960,962,"99,48",410,550,0,7,5,0,0,2,5,2,0,7
03/09/2026,Amarela,SPR8_V,04:00,140,140,140,140,140,100,0,140,0,0,0,0,0,0,0,0,0,0
03/09/2026,Amarela,SRJ12,04:00,164,162,162,162,163,"99,39",61,101,0,2,1,0,0,1,1,1,1,1
03/09/2026,Amarela,SRJ4,04:00,434,432,432,432,433,"99,77",8,424,0,2,1,0,0,1,1,1,0,2
03/09/2026,Amarela,SRJ5,04:00,480,475,475,475,475,"98,96",210,265,0,5,5,0,0,0,5,0,0,5
03/09/2026,Amarela,SRJ7,04:00,215,213,213,213,213,"99,07",7,206,0,2,2,0,0,0,2,0,0,2
03/09/2026,Amarela,SRJ9,04:00,268,266,266,266,267,"99,63",33,233,0,2,1,0,0,1,1,1,0,2
03/09/2026,Amarela,SRS1,04:00,437,429,429,429,430,"98,4",190,239,0,8,7,0,0,1,7,1,6,2
03/09/2026,Amarela,SRS3,08:00,519,516,516,516,517,"99,61",253,263,0,3,2,0,0,1,2,1,0,3
03/09/2026,Amarela,SSC5,08:00,358,357,357,357,357,"99,72",20,337,0,1,1,0,0,0,1,0,0,1
03/09/2026,Amarela,SSC7,04:00,348,343,343,343,346,"99,43",139,204,0,5,2,0,0,3,2,3,1,4
03/09/2026,Amarela,SSC8,03:00,488,484,484,484,488,100,148,336,0,4,0,0,0,4,0,4,0,4
03/09/2026,Amarela,SSC9,03:00,679,665,665,644,666,"98,09",342,302,0,35,13,0,0,22,13,22,3,32
03/09/2026,Amarela,SSP10,04:00,613,607,607,607,610,"99,51",211,396,0,6,3,0,0,3,3,3,1,5
03/09/2026,Amarela,SSP17,02:30,683,670,670,670,676,"98,98",100,570,0,13,7,0,0,6,7,6,0,13
03/09/2026,Amarela,SSP17_V,02:30,63,62,62,62,62,"98,41",3,59,0,1,1,0,0,0,1,0,0,1
03/09/2026,Amarela,SSP21,03:00,511,509,509,509,510,"99,8",163,346,0,2,1,0,0,1,1,1,1,1
03/09/2026,Amarela,SSP25,03:00,898,889,889,889,892,"99,33",232,657,0,9,6,0,0,3,6,3,1,8
03/09/2026,Amarela,SSP28,04:00,448,444,444,444,447,"99,78",166,278,0,4,1,0,0,3,1,3,2,2
03/09/2026,Amarela,SSP3,02:30,663,652,652,652,654,"98,64",33,619,0,11,9,0,0,2,9,2,1,10
03/09/2026,Amarela,SSP30,03:00,1107,1098,1098,1098,1102,"99,55",301,797,0,9,5,0,0,4,5,4,1,8
03/09/2026,Amarela,SSP34,03:00,794,679,786,786,789,"99,37",237,549,0,8,5,0,0,3,5,3,1,7
03/09/2026,Amarela,SSP36,05:30,559,545,552,552,556,"99,46",112,440,0,7,3,0,0,4,3,4,3,4
03/09/2026,Amarela,SSP40,03:00,470,466,466,466,467,"99,36",36,430,0,4,3,0,0,1,3,1,0,4
03/09/2026,Amarela,SSP40_V,03:00,57,57,57,57,57,100,0,57,0,0,0,0,0,0,0,0,0,0
03/09/2026,Amarela,SSP45,03:00,576,569,569,569,571,"99,13",154,415,0,7,5,0,0,2,5,2,1,6
03/09/2026,Amarela,SSP45_V,03:00,107,104,104,104,105,"98,13",20,84,0,3,2,0,0,1,2,1,0,3
03/09/2026,Amarela,SSP48,03:00,488,481,481,481,486,"99,59",11,470,0,7,2,0,0,5,2,5,0,7
03/09/2026,Amarela,SSP49,03:00,306,305,305,305,305,"99,67",95,210,0,1,1,0,0,0,1,0,0,1
03/09/2026,Amarela,SSP5,03:00,903,899,880,880,902,"99,89",315,565,0,23,1,20,0,2,21,2,20,3
03/09/2026,Amarela,SSP5_V,03:00,87,86,86,86,86,"98,85",6,80,0,1,1,0,0,0,1,0,0,1
03/09/2026,Amarela,SSP8,02:30,1398,1390,1390,1390,1392,"99,57",478,912,0,8,6,0,0,2,6,2,0,8
03/09/2026,Amarela,XSP17_2,08:00,444,431,431,431,440,"99,1",116,315,0,13,4,0,0,9,4,9,0,13
03/09/2026,Amarela,XSP17_3,08:00,265,262,262,262,264,"99,62",76,186,0,3,1,0,0,2,1,2,0,3
03/09/2026,Amarela,XSP24_6,06:00,460,455,455,455,458,"99,57",108,347,0,5,2,0,0,3,2,3,0,5
03/09/2026,Amarela,XSP9_3,08:00,231,226,226,226,227,"98,27",11,215,0,5,4,0,0,1,4,1,1,4
03/09/2026,Azul,SAL1_C,02:00,153,152,152,152,153,100,3,149,0,1,0,0,0,1,0,1,0,1
03/09/2026,Azul,SAM1_A,01:30,460,458,458,458,459,"99,78",168,290,0,2,1,0,0,1,1,1,0,2
03/09/2026,Azul,SBA1_A,01:30,385,383,383,383,384,"99,74",96,287,0,2,1,0,0,1,1,1,0,2
03/09/2026,Azul,SBA2_C,02:00,340,337,337,337,338,"99,41",1,336,0,3,2,0,0,1,2,1,2,1
03/09/2026,Azul,SBA6_A,01:00,304,304,304,304,304,100,16,288,0,0,0,0,0,0,0,0,0,0
03/09/2026,Azul,SCE1_C,02:00,178,177,177,177,177,"99,44",0,177,0,1,1,0,0,0,1,0,0,1
03/09/2026,Azul,SCE3_A,01:00,20,20,20,20,20,100,0,20,0,0,0,0,0,0,0,0,0,0
03/09/2026,Azul,SDF1_A,01:30,456,453,453,453,455,"99,78",48,405,0,3,1,0,0,2,1,2,0,3
03/09/2026,Azul,SDF2_A,01:30,311,310,310,310,310,"99,68",109,201,0,1,1,0,0,0,1,0,0,1
03/09/2026,Azul,SES1_A,01:30,638,636,636,636,638,100,132,504,0,2,0,0,0,2,0,2,0,2
03/09/2026,Azul,SFN1_C,05:00,6,6,6,6,6,100,0,6,0,0,0,0,0,0,0,0,0,0
03/09/2026,Azul,SGO1_A,01:00,267,266,266,266,267,100,8,258,0,1,0,0,0,1,0,1,0,1
03/09/2026,Azul,SGO3_A,01:00,230,229,229,229,230,100,1,228,0,1,0,0,0,1,0,1,0,1
03/09/2026,Azul,SJP1X_A,05:00,186,186,186,186,186,100,112,74,0,0,0,0,0,0,0,0,0,0
03/09/2026,Azul,SJP1_A,05:00,267,265,265,265,266,"99,63",148,117,0,2,1,0,0,1,1,1,2,0
03/09/2026,Azul,SMN1_A,05:00,83,83,83,83,83,100,0,83,0,0,0,0,0,0,0,0,0,0
03/09/2026,Azul,SMN1_C,05:00,23,23,23,23,23,100,0,23,0,0,0,0,0,0,0,0,0,0
03/09/2026,Azul,SMN2_C,05:00,1,1,1,1,1,100,0,1,0,0,0,0,0,0,0,0,0,0
03/09/2026,Azul,SMR1_A,01:00,477,477,477,477,477,100,99,378,0,0,0,0,0,0,0,0,0,0
03/09/2026,Azul,SMR2_A,01:00,157,155,155,155,157,100,54,101,0,2,0,0,0,2,0,2,1,1
03/09/2026,Azul,SPA1_C,05:00,56,56,56,56,56,100,1,55,0,0,0,0,0,0,0,0,0,0
03/09/2026,Azul,SPE1_A,01:00,469,467,467,467,468,"99,79",96,371,0,2,1,0,0,1,1,1,0,2
03/09/2026,Azul,SPI1_A,05:00,204,203,203,203,204,100,9,194,0,1,0,0,0,1,0,1,0,1
03/09/2026,Azul,SRN1_A,05:00,106,105,105,105,105,"99,06",29,76,0,1,1,0,0,0,1,0,1,0
03/09/2026,Azul,SRN2_A,05:00,142,141,141,141,141,"99,3",91,50,0,1,1,0,0,0,1,0,0,1
03/09/2026,Azul,SRS1_A,01:30,232,231,231,231,232,100,0,231,0,1,0,0,0,1,0,1,0,1
03/09/2026,Azul,SRS8_A,01:30,256,256,256,256,256,100,0,256,0,0,0,0,0,0,0,0,0,0
03/09/2026,Azul,SRS9_A,01:30,352,352,352,352,352,100,0,352,0,0,0,0,0,0,0,0,0,0
03/09/2026,Azul,SSE1_C,02:00,208,208,208,208,208,100,0,208,0,0,0,0,0,0,0,0,0,0
03/09/2026,Rosa,FSP2_R,06:00,1640,1621,1621,1621,1627,"99,21",0,1621,0,19,13,0,0,6,13,6,0,19
03/09/2026,Rosa,XSP1_R,06:00,183,180,180,180,181,"98,91",0,180,0,3,2,0,0,1,2,1,0,3
03/09/2026,Verde,CVLHUB,08:00,97,94,94,94,94,"96,91",1,93,0,3,3,0,0,0,3,0,0,3
03/09/2026,Verde,JADHUB,13:00,298,287,287,287,289,"96,98",0,287,0,11,9,1,0,1,10,1,0,11
03/09/2026,Verde,JETSL1,13:00,4934,4919,4919,4919,4920,"99,72",4503,416,0,15,14,0,0,1,14,1,14,1
03/09/2026,Verde,LOGHUB,13:00,152,147,147,147,149,"98,03",5,142,0,5,3,0,0,2,3,2,1,4
03/09/2026,Verde,SBA1,04:00,854,852,852,852,853,"99,88",627,225,0,2,1,0,0,1,1,1,0,2
03/09/2026,Verde,SBA2,08:00,439,439,439,439,439,100,248,191,0,0,0,0,0,0,0,0,0,0
03/09/2026,Verde,SBA3,08:00,685,679,679,679,680,"99,27",132,547,0,6,5,0,0,1,5,1,4,2
03/09/2026,Verde,SBA4,08:00,863,854,854,854,855,"99,07",16,838,0,9,8,0,0,1,8,1,0,9
03/09/2026,Verde,SBA7,08:00,732,730,730,730,732,100,216,514,0,2,0,0,0,2,0,2,0,2
03/09/2026,Verde,SES3,08:00,156,154,154,154,154,"98,72",12,142,0,2,2,0,0,0,2,0,0,2
03/09/2026,Verde,SES3_X,08:00,198,197,197,197,198,100,9,188,0,1,0,0,0,1,0,1,0,1
03/09/2026,Verde,SGO1,08:00,445,444,444,444,445,100,249,195,0,1,0,0,0,1,0,1,0,1
03/09/2026,Verde,SMG1,05:30,845,829,829,829,831,"98,34",314,515,0,16,14,0,0,2,14,2,14,2
03/09/2026,Verde,SMG10,05:00,446,440,440,440,443,"99,33",34,406,0,6,3,0,0,3,3,3,2,4
03/09/2026,Verde,SMG13,08:00,153,153,153,153,153,100,0,153,0,0,0,0,0,0,0,0,0,0
03/09/2026,Verde,SMG13_X,08:00,230,224,224,224,226,"98,26",0,224,0,6,4,0,0,2,4,2,0,6
03/09/2026,Verde,SMG14,05:00,777,770,770,770,773,"99,49",211,559,0,7,4,0,0,3,4,3,1,6
03/09/2026,Verde,SMG15,05:30,764,762,762,762,762,"99,74",226,536,0,2,2,0,0,0,2,0,0,2
03/09/2026,Verde,SMG18,05:30,147,146,146,146,146,"99,32",8,138,0,1,1,0,0,0,1,0,0,1
03/09/2026,Verde,SMG1_V,05:30,102,99,99,99,101,"99,02",2,97,0,3,1,0,0,2,1,2,2,1
03/09/2026,Verde,SMG2,05:00,943,934,934,934,938,"99,47",313,621,0,9,5,0,0,4,5,4,3,6
03/09/2026,Verde,SMG8,05:30,758,746,746,746,749,"98,81",105,641,0,12,9,0,0,3,9,3,2,10
03/09/2026,Verde,SMR1,04:00,927,922,922,922,924,"99,68",159,763,0,5,3,0,0,2,3,2,1,4
03/09/2026,Verde,SMS1,08:00,776,770,770,770,770,"99,23",400,370,0,6,6,0,0,0,6,0,3,3
03/09/2026,Verde,SPA1,04:00,920,914,914,914,917,"99,67",351,563,0,6,3,0,0,3,3,3,3,3
03/09/2026,Verde,SPI1,08:00,295,293,293,293,294,"99,66",105,188,0,2,1,0,0,1,1,1,0,2
03/09/2026,Verde,SPR1,03:00,1175,1166,1166,1166,1166,"99,23",464,702,0,9,9,0,0,0,9,0,3,6
03/09/2026,Verde,SPR3,08:00,31,29,29,29,30,"96,77",1,28,0,2,1,0,0,1,1,1,0,2
03/09/2026,Verde,SPR6,03:00,953,944,944,944,947,"99,37",367,577,0,9,6,0,0,3,6,3,4,5
03/09/2026,Verde,SRJ8,04:00,1315,1305,1305,1305,1311,"99,7",606,699,0,10,4,0,0,6,4,6,4,6
03/09/2026,Verde,SRN1,08:00,241,240,240,240,241,100,104,136,0,1,0,0,0,1,0,1,0,1
03/09/2026,Verde,SRS10,08:00,115,114,114,114,114,"99,13",13,101,0,1,1,0,0,0,1,0,0,1
03/09/2026,Verde,SRS2,08:00,463,459,459,459,460,"99,35",174,285,0,4,3,0,0,1,3,1,0,4
03/09/2026,Verde,SRS4,05:00,608,602,602,602,603,"99,18",180,422,0,6,5,0,0,1,5,1,3,3
03/09/2026,Verde,SRS5,04:00,581,574,574,574,578,"99,48",93,481,0,7,3,0,0,4,3,4,1,6
03/09/2026,Verde,SSC1,13:00,774,770,770,770,772,"99,74",267,503,0,4,2,0,0,2,2,2,1,3
03/09/2026,Verde,SSC2,04:00,959,953,953,953,956,"99,69",375,578,0,6,3,0,0,3,3,3,2,4
03/09/2026,Verde,SSC3,03:00,563,558,558,558,560,"99,47",191,367,0,5,3,0,0,2,3,2,0,5
03/09/2026,Verde,SSE1,08:00,536,528,528,528,530,"98,88",324,204,0,8,6,0,0,2,6,2,0,8
03/09/2026,Verde,SSP11,08:00,589,583,583,583,584,"99,15",222,361,0,6,5,0,0,1,5,1,0,6
03/09/2026,Verde,SSP23,03:00,667,664,664,664,666,"99,85",40,624,0,3,1,0,0,2,1,2,0,3
03/09/2026,Verde,SSP29,03:00,851,844,844,844,846,"99,41",162,682,0,7,5,0,0,2,5,2,1,6
03/09/2026,Verde,SSP50,04:00,242,236,236,236,238,"98,35",23,213,0,6,4,0,0,2,4,2,2,4
03/09/2026,Verde,SSP50_V,04:00,16,15,15,15,15,"93,75",0,15,0,1,1,0,0,0,1,0,0,1
03/09/2026,Verde,SSP52,13:00,220,218,218,218,219,"99,55",218,0,0,2,1,0,0,1,1,1,2,0
03/09/2026,Verde,SSP56,08:00,268,260,260,260,264,"98,51",113,147,0,8,4,0,0,4,4,4,2,6
03/09/2026,Verde,SSP7,03:00,806,797,797,797,798,"99,01",196,601,0,9,8,0,0,1,8,1,1,8
03/09/2026,Verde,STO1,08:00,427,420,420,420,420,"98,36",118,302,0,7,7,0,0,0,7,0,0,7
03/09/2026,Verde,STO2,08:00,538,534,534,534,537,"99,81",226,308,0,4,1,0,0,3,1,3,3,1
03/09/2026,Verde,XSP23_3,08:00,705,696,696,696,702,"99,57",211,485,0,9,3,0,0,6,3,6,0,9
03/09/2026,Verde,XSP9_1,04:00,630,620,620,620,627,"99,52",289,331,0,10,3,0,0,7,3,7,4,6
03/09/2026,Verde,XSP9_2,08:00,1827,1810,1810,1810,1815,"99,34",1094,716,0,17,12,0,0,5,12,5,6,11
03/09/2026,Vermelha,SAL1,02:30,1157,1144,1144,1144,1145,"98,96",631,513,0,13,12,0,0,1,12,1,5,8
03/09/2026,Vermelha,SES1,02:30,183,180,180,180,182,"99,45",4,176,0,3,1,0,0,2,1,2,0,3
03/09/2026,Vermelha,SMG3,02:00,653,649,648,648,649,"99,39",30,618,0,5,4,0,0,1,4,1,0,5
03/09/2026,Vermelha,SMG5,01:30,609,607,607,607,609,100,182,425,0,2,0,0,0,2,0,2,0,2
03/09/2026,Vermelha,SMG7,13:00,295,289,289,289,290,"98,31",22,267,0,6,5,0,0,1,5,1,0,6
03/09/2026,Vermelha,SMN2,05:00,16,14,14,14,16,100,0,14,0,2,0,0,0,2,0,2,0,2
03/09/2026,Vermelha,SRJ1,01:30,1394,1385,1385,1385,1388,"99,57",351,1034,0,9,6,0,0,3,6,3,4,5
03/09/2026,Vermelha,SRJ10,01:00,1551,1540,1540,1540,1545,"99,61",478,1062,0,11,6,1,0,4,7,4,0,11
03/09/2026,Vermelha,SRJ10_V,01:00,57,56,56,56,57,100,1,55,0,1,0,0,0,1,0,1,0,1
03/09/2026,Vermelha,SRJ13,01:30,899,890,890,890,895,"99,56",323,567,0,9,4,0,0,5,4,5,1,8
03/09/2026,Vermelha,SRJ2,02:00,1266,1260,1260,1260,1265,"99,92",432,828,0,6,1,0,0,5,1,5,3,3
03/09/2026,Vermelha,SRJ3,02:30,939,933,933,933,937,"99,79",263,670,0,6,2,0,0,4,2,4,1,5
03/09/2026,Vermelha,SRJ6,01:30,1121,1116,1116,1116,1118,"99,73",359,757,0,5,3,0,0,2,3,2,0,5
03/09/2026,Vermelha,SRS8,03:00,628,624,624,624,627,"99,84",237,387,0,4,1,0,0,3,1,3,1,3
03/09/2026,Vermelha,SRS9,02:30,369,364,364,364,366,"99,19",136,228,0,5,3,0,0,2,3,2,0,5
03/09/2026,Vermelha,SRS9_V,02:30,43,41,41,41,41,"95,35",0,41,0,2,2,0,0,0,2,0,0,2
03/09/2026,Vermelha,SSC4,02:30,616,613,613,613,615,"99,84",192,421,0,3,1,0,0,2,1,2,1,2
03/09/2026,Vermelha,SSP1,02:00,686,682,682,682,685,"99,85",87,595,0,4,1,0,0,3,1,3,0,4
03/09/2026,Vermelha,SSP12,02:00,531,529,529,529,529,"99,62",170,359,0,2,2,0,0,0,2,0,1,1
03/09/2026,Vermelha,SSP13,01:00,763,759,759,759,761,"99,74",268,491,0,4,2,0,0,2,2,2,1,3
03/09/2026,Vermelha,SSP14,01:00,1065,1055,1055,1055,1055,"99,06",310,745,0,10,10,0,0,0,10,0,1,9
03/09/2026,Vermelha,SSP15,01:30,1208,1192,1192,1192,1201,"99,42",332,860,0,16,7,0,0,9,7,9,4,12
03/09/2026,Vermelha,SSP16,01:00,608,599,599,599,601,"98,85",181,418,0,9,7,1,0,1,8,1,3,6
03/09/2026,Vermelha,SSP18,02:30,632,621,621,621,625,"98,89",22,599,0,11,7,0,0,4,7,4,0,11
03/09/2026,Vermelha,SSP20,02:30,1051,1043,1043,1043,1050,"99,9",301,742,0,8,1,0,0,7,1,7,1,7
03/09/2026,Vermelha,SSP22,01:00,1101,1092,1092,1092,1098,"99,73",365,727,0,9,3,1,0,5,4,5,3,6
03/09/2026,Vermelha,SSP24,01:30,591,591,591,591,591,100,199,392,0,0,0,0,0,0,0,0,0,0
03/09/2026,Vermelha,SSP26,01:00,701,695,695,695,699,"99,71",171,524,0,6,2,0,0,4,2,4,0,6
03/09/2026,Vermelha,SSP27,02:30,620,600,600,600,602,"97,1",146,454,0,20,18,0,0,2,18,2,0,20
03/09/2026,Vermelha,SSP31,01:30,482,480,480,480,481,"99,79",193,287,0,2,1,0,0,1,1,1,0,2
03/09/2026,Vermelha,SSP37,02:30,781,780,780,780,780,"99,87",39,741,0,1,1,0,0,0,1,0,0,1
03/09/2026,Vermelha,SSP38,02:30,911,909,908,908,911,100,187,721,0,3,0,1,0,2,1,2,0,3
03/09/2026,Vermelha,SSP39,02:00,598,596,596,596,597,"99,83",201,395,0,2,1,0,0,1,1,1,0,2
03/09/2026,Vermelha,SSP4,01:00,924,917,917,917,919,"99,46",288,629,0,7,5,0,0,2,5,2,0,7
03/09/2026,Vermelha,SSP46,01:30,481,478,478,478,479,"99,58",143,335,0,3,2,0,0,1,2,1,0,3
03/09/2026,Vermelha,SSP6,02:00,652,648,648,648,651,"99,85",175,473,0,4,1,0,0,3,1,3,0,4
03/09/2026,Vermelha,SSP9,02:00,1084,1079,1075,1075,1082,"99,82",271,804,0,9,2,4,0,3,6,3,2,7
03/09/2026,Vermelha,SSP9_V,02:00,117,117,117,117,117,100,7,110,0,0,0,0,0,0,0,0,0,0
03/09/2026,Vermelha,XSP9_6,08:00,3093,3073,3065,3065,3083,"99,68",1647,1418,0,28,10,8,0,10,18,10,16,12
02/09/2026,Amarela,SBA6,04:00,489,484,484,484,486,"99,39",308,176,0,5,3,1,0,1,4,1,0,5
02/09/2026,Amarela,SDF1,03:00,345,341,341,341,342,"99,13",98,243,0,4,3,0,0,1,3,1,0,4
02/09/2026,Amarela,SDF2,03:00,468,466,466,466,466,"99,57",330,136,0,2,2,0,0,0,2,0,1,1
02/09/2026,Amarela,SES2,04:00,287,283,283,283,284,"98,95",39,244,0,4,3,0,0,1,3,1,0,4
02/09/2026,Amarela,SMG11,04:00,487,484,484,484,486,"99,79",154,330,0,3,1,0,0,2,1,2,0,3
02/09/2026,Amarela,SMG12,03:00,588,586,586,586,588,100,183,403,0,2,0,0,0,2,0,2,0,2
02/09/2026,Amarela,SMG4,03:00,437,433,433,433,433,"99,08",164,269,0,4,4,0,0,0,4,0,0,4
02/09/2026,Amarela,SMG6,03:00,823,818,818,818,818,"99,39",293,525,0,5,5,0,0,0,5,0,0,5
02/09/2026,Amarela,SMG9,02:30,893,879,879,879,888,"99,44",216,663,0,14,5,0,0,9,5,9,0,14
02/09/2026,Amarela,SMN1,04:00,1044,1034,1034,1034,1042,"99,81",269,765,0,10,2,0,0,8,2,8,1,9
02/09/2026,Amarela,SMS2,03:00,634,630,630,630,630,"99,37",399,231,0,4,4,0,0,0,4,0,2,2
02/09/2026,Amarela,SPA2,04:00,957,952,952,952,956,"99,9",572,380,0,5,1,0,0,4,1,4,0,5
02/09/2026,Amarela,SPE1,04:00,384,380,380,380,381,"99,22",185,195,0,4,3,0,0,1,3,1,0,4
02/09/2026,Amarela,SPR10,04:00,520,519,519,519,520,100,208,311,0,1,0,0,0,1,0,1,1,0
02/09/2026,Amarela,SPR2,03:00,699,692,692,692,697,"99,71",114,578,0,7,2,0,0,5,2,5,0,7
02/09/2026,Amarela,SPR4,08:00,333,330,330,330,332,"99,7",92,238,0,3,1,0,0,2,1,2,0,3
02/09/2026,Amarela,SPR5,03:00,471,467,467,467,469,"99,58",211,256,0,4,2,0,0,2,2,2,0,4
02/09/2026,Amarela,SPR7,03:00,556,552,552,552,555,"99,82",203,349,0,4,1,0,0,3,1,3,0,4
02/09/2026,Amarela,SPR8,04:00,1039,1028,1028,1028,1030,"99,13",369,659,0,11,9,0,0,2,9,2,0,11
02/09/2026,Amarela,SPR8_V,04:00,126,121,121,121,122,"96,83",7,114,0,5,4,0,0,1,4,1,0,5
02/09/2026,Amarela,SRJ12,04:00,199,196,196,196,198,"99,5",85,111,0,3,1,0,0,2,1,2,1,2
02/09/2026,Amarela,SRJ4,04:00,541,535,535,535,537,"99,26",148,387,0,6,4,0,0,2,4,2,1,5
02/09/2026,Amarela,SRJ5,04:00,493,486,486,486,488,"98,99",199,287,0,7,5,0,0,2,5,2,0,7
02/09/2026,Amarela,SRJ7,04:00,302,297,297,297,299,"99,01",95,202,0,5,3,0,0,2,3,2,0,5
02/09/2026,Amarela,SRJ9,04:00,337,332,332,332,333,"98,81",66,266,0,5,4,0,0,1,4,1,2,3
02/09/2026,Amarela,SRS1,04:00,417,410,410,410,413,"99,04",215,195,0,7,4,0,0,3,4,3,4,3
02/09/2026,Amarela,SRS3,08:00,471,469,469,469,469,"99,58",173,296,0,2,2,0,0,0,2,0,0,2
02/09/2026,Amarela,SSC5,08:00,591,586,586,586,586,"99,15",203,383,0,5,5,0,0,0,5,0,1,4
02/09/2026,Amarela,SSC7,04:00,544,540,540,540,542,"99,63",207,333,0,4,2,0,0,2,2,2,0,4
02/09/2026,Amarela,SSC8,03:00,597,582,582,582,588,"98,49",184,398,0,15,9,0,1,5,10,5,2,13
02/09/2026,Amarela,SSC9,03:00,749,738,738,738,742,"99,07",308,430,0,11,7,0,0,4,7,4,3,8
02/09/2026,Amarela,SSP10,04:00,470,462,462,462,464,"98,72",20,442,0,8,6,0,0,2,6,2,0,8
02/09/2026,Amarela,SSP17,02:30,653,635,635,635,648,"99,23",107,528,0,18,5,1,0,12,6,12,1,17
02/09/2026,Amarela,SSP17_V,02:30,80,76,76,76,77,"96,25",10,66,0,4,3,0,0,1,3,1,0,4
02/09/2026,Amarela,SSP21,03:00,598,592,592,592,596,"99,67",207,385,0,6,2,0,0,4,2,4,0,6
02/09/2026,Amarela,SSP25,03:00,924,907,907,907,913,"98,81",253,654,0,17,11,0,0,6,11,6,2,15
02/09/2026,Amarela,SSP28,04:00,464,462,462,462,462,"99,57",176,286,0,2,2,0,0,0,2,0,1,1
02/09/2026,Amarela,SSP3,02:30,729,722,722,722,725,"99,45",50,672,0,7,4,0,0,3,4,3,0,7
02/09/2026,Amarela,SSP30,03:00,1182,1174,1174,1174,1178,"99,66",372,802,0,8,4,0,0,4,4,4,0,8
02/09/2026,Amarela,SSP34,03:00,737,732,732,732,734,"99,59",225,507,0,5,3,0,0,2,3,2,0,5
02/09/2026,Amarela,SSP36,05:30,512,508,508,508,509,"99,41",61,447,0,4,3,0,0,1,3,1,0,4
02/09/2026,Amarela,SSP40,03:00,655,648,648,648,650,"99,24",187,461,0,7,5,0,0,2,5,2,1,6
02/09/2026,Amarela,SSP40_V,03:00,48,47,47,47,48,100,10,37,0,1,0,0,0,1,0,1,0,1
02/09/2026,Amarela,SSP45,03:00,634,629,629,629,632,"99,68",197,432,0,5,2,0,0,3,2,3,0,5
02/09/2026,Amarela,SSP45_V,03:00,80,78,78,78,78,"97,5",11,67,0,2,2,0,0,0,2,0,0,2
02/09/2026,Amarela,SSP48,03:00,588,578,578,578,584,"99,32",36,542,0,10,4,0,0,6,4,6,0,10
02/09/2026,Amarela,SSP49,03:00,292,292,292,292,292,100,97,195,0,0,0,0,0,0,0,0,0,0
02/09/2026,Amarela,SSP5,03:00,1138,1128,1128,1128,1135,"99,74",377,751,0,10,3,0,0,7,3,7,0,10
02/09/2026,Amarela,SSP5_V,03:00,79,79,79,79,79,100,19,60,0,0,0,0,0,0,0,0,0,0
02/09/2026,Amarela,SSP8,02:30,1631,1615,1615,1615,1622,"99,45",642,973,0,16,9,0,0,7,9,7,1,15
02/09/2026,Amarela,XSP17_2,08:00,284,272,272,272,276,"97,18",138,134,0,12,8,0,2,2,10,2,0,12
02/09/2026,Amarela,XSP17_3,08:00,498,498,498,498,498,100,238,260,0,0,0,0,0,0,0,0,0,0
02/09/2026,Amarela,XSP24_6,06:00,395,386,386,386,390,"98,73",130,256,0,9,5,0,0,4,5,4,1,8
02/09/2026,Amarela,XSP9_3,08:00,213,206,206,206,212,"99,53",21,185,0,7,1,0,0,6,1,6,0,7
02/09/2026,Azul,SAL1_C,02:00,196,195,195,195,195,"99,49",4,191,0,1,1,0,0,0,1,0,0,1
02/09/2026,Azul,SAM1_A,01:30,511,509,509,509,511,100,229,280,0,2,0,0,0,2,0,2,1,1
02/09/2026,Azul,SBA1_A,01:30,447,444,444,444,446,"99,78",66,378,0,3,1,0,0,2,1,2,1,2
02/09/2026,Azul,SBA2_C,02:00,407,406,406,406,407,100,3,403,0,1,0,0,0,1,0,1,0,1
02/09/2026,Azul,SBA6_A,01:00,303,301,300,300,302,"99,67",2,298,0,3,1,1,0,1,2,1,1,2
02/09/2026,Azul,SCE1_C,02:00,161,161,161,161,161,100,7,154,0,0,0,0,0,0,0,0,0,0
02/09/2026,Azul,SCE3_A,01:00,1,1,1,1,1,100,0,1,0,0,0,0,0,0,0,0,0,0
02/09/2026,Azul,SDF1_A,01:30,492,492,492,492,492,100,67,425,0,0,0,0,0,0,0,0,0,0
02/09/2026,Azul,SDF2_A,01:30,212,212,212,212,212,100,54,158,0,0,0,0,0,0,0,0,0,0
02/09/2026,Azul,SES1_A,01:30,490,489,489,489,490,100,78,411,0,1,0,0,0,1,0,1,0,1
02/09/2026,Azul,SFN1_C,05:00,8,8,8,8,8,100,0,8,0,0,0,0,0,0,0,0,0,0
02/09/2026,Azul,SGO1_A,01:00,296,296,296,296,296,100,2,294,0,0,0,0,0,0,0,0,0,0
02/09/2026,Azul,SGO3_A,01:00,228,228,228,228,228,100,1,227,0,0,0,0,0,0,0,0,0,0
02/09/2026,Azul,SJP1X_A,05:00,173,172,172,172,172,"99,42",95,77,0,1,1,0,0,0,1,0,0,1
02/09/2026,Azul,SJP1_A,05:00,256,256,256,256,256,100,126,130,0,0,0,0,0,0,0,0,0,0
02/09/2026,Azul,SMN1_A,05:00,248,247,247,247,247,"99,6",3,244,0,1,1,0,0,0,1,0,0,1
02/09/2026,Azul,SMN1_C,05:00,51,50,50,50,50,"98,04",2,48,0,1,1,0,0,0,1,0,0,1
02/09/2026,Azul,SMR1_A,01:00,337,336,336,336,336,"99,7",11,325,0,1,1,0,0,0,1,0,0,1
02/09/2026,Azul,SMR2_A,01:00,154,153,153,153,154,100,10,143,0,1,0,0,0,1,0,1,0,1
02/09/2026,Azul,SPA1_C,05:00,42,42,42,42,42,100,0,42,0,0,0,0,0,0,0,0,0,0
02/09/2026,Azul,SPE1_A,01:00,543,540,541,541,541,"99,63",180,361,0,2,2,0,0,0,2,0,1,1
02/09/2026,Azul,SPI1_A,05:00,240,239,239,239,239,"99,58",27,212,0,1,1,0,0,0,1,0,0,1
02/09/2026,Azul,SRN1_A,05:00,131,130,130,130,130,"99,24",43,87,0,1,1,0,0,0,1,0,0,1
02/09/2026,Azul,SRN2_A,05:00,181,181,181,181,181,100,106,75,0,0,0,0,0,0,0,0,0,0
02/09/2026,Azul,SRS1_A,01:30,210,208,208,208,209,"99,52",0,208,0,2,1,0,0,1,1,1,0,2
02/09/2026,Azul,SRS8_A,01:30,212,210,209,209,210,"99,06",1,208,0,3,2,0,0,1,2,1,0,3
02/09/2026,Azul,SRS9_A,01:30,279,279,279,279,279,100,0,279,0,0,0,0,0,0,0,0,0,0
02/09/2026,Azul,SSE1_C,02:00,227,225,225,225,225,"99,12",0,225,0,2,2,0,0,0,2,0,0,2
02/09/2026,Rosa,FSP2_R,06:00,1773,1756,1756,1756,1756,"99,04",0,1756,0,17,17,0,0,0,17,0,0,17
02/09/2026,Rosa,XSP1_R,06:00,200,191,191,191,196,98,0,191,0,9,4,0,0,5,4,5,0,9
02/09/2026,Verde,CVLHUB,08:00,83,81,81,81,82,"98,8",0,81,0,2,1,0,0,1,1,1,0,2
02/09/2026,Verde,JADHUB,13:00,347,334,334,334,340,"97,98",2,332,0,13,7,3,0,3,10,3,0,13
02/09/2026,Verde,JETSL1,13:00,5646,5604,5604,5604,5609,"99,34",5238,366,0,42,37,0,0,5,37,5,35,7
02/09/2026,Verde,LOGHUB,13:00,205,197,197,197,199,"97,07",1,196,0,8,6,0,0,2,6,2,0,8
02/09/2026,Verde,SBA1,04:00,427,421,421,421,423,"99,06",221,200,0,6,4,0,0,2,4,2,2,4
02/09/2026,Verde,SBA2,08:00,481,471,471,471,477,"99,17",293,178,0,10,4,0,0,6,4,6,3,7
02/09/2026,Verde,SBA3,08:00,842,834,834,834,838,"99,52",371,463,0,8,4,0,0,4,4,4,3,5
02/09/2026,Verde,SBA4,08:00,768,761,761,761,764,"99,48",20,741,0,7,4,0,0,3,4,3,1,6
02/09/2026,Verde,SBA7,08:00,702,695,695,695,697,"99,29",282,413,0,7,5,0,0,2,5,2,3,4
02/09/2026,Verde,SES3,08:00,316,311,311,311,316,100,149,162,0,5,0,0,0,5,0,5,3,2
02/09/2026,Verde,SES3_X,08:00,287,284,284,284,285,"99,3",122,162,0,3,2,0,0,1,2,1,1,2
02/09/2026,Verde,SGO1,08:00,604,594,594,594,603,"99,83",345,249,0,10,1,0,0,9,1,9,8,2
02/09/2026,Verde,SMG1,05:30,1112,1101,1101,1101,1105,"99,37",416,685,0,11,7,0,0,4,7,4,9,2
02/09/2026,Verde,SMG10,05:00,420,419,419,419,420,100,10,409,0,1,0,0,0,1,0,1,0,1
02/09/2026,Verde,SMG13,08:00,205,201,201,201,202,"98,54",14,187,0,4,3,0,0,1,3,1,0,4
02/09/2026,Verde,SMG13_X,08:00,228,227,227,227,228,100,16,211,0,1,0,0,0,1,0,1,0,1
02/09/2026,Verde,SMG14,05:00,1075,1064,1064,1064,1069,"99,44",406,658,0,11,6,0,0,5,6,5,3,8
02/09/2026,Verde,SMG15,05:30,1020,1010,1010,1010,1017,"99,71",437,573,0,10,3,0,0,7,3,7,5,5
02/09/2026,Verde,SMG18,05:30,303,303,303,303,303,100,118,185,0,0,0,0,0,0,0,0,0,0
02/09/2026,Verde,SMG1_V,05:30,241,237,237,237,239,"99,17",0,237,0,4,2,0,0,2,2,2,0,4
02/09/2026,Verde,SMG2,05:00,1178,1170,1170,1170,1174,"99,66",409,761,0,8,4,0,0,4,4,4,4,4
02/09/2026,Verde,SMG8,05:30,933,898,898,898,899,"96,36",203,695,0,35,34,0,0,1,34,1,27,8
02/09/2026,Verde,SMR1,04:00,675,669,669,669,671,"99,41",176,493,0,6,4,0,0,2,4,2,3,3
02/09/2026,Verde,SMS1,08:00,780,777,777,777,779,"99,87",447,330,0,3,1,0,0,2,1,2,1,2
02/09/2026,Verde,SPA1,04:00,837,825,825,825,827,"98,81",388,437,0,12,10,0,0,2,10,2,8,4
02/09/2026,Verde,SPI1,08:00,502,497,497,497,501,"99,8",256,241,0,5,1,0,0,4,1,4,4,1
02/09/2026,Verde,SPR1,03:00,1319,1306,1306,1306,1311,"99,39",590,716,0,13,8,0,0,5,8,5,10,3
02/09/2026,Verde,SPR3,08:00,80,80,80,80,80,100,3,77,0,0,0,0,0,0,0,0,0,0
02/09/2026,Verde,SPR6,03:00,1041,1021,1021,1021,1027,"98,66",322,699,0,20,14,0,0,6,14,6,16,4
02/09/2026,Verde,SRJ8,04:00,1078,1071,1071,1071,1075,"99,72",356,715,0,7,3,0,0,4,3,4,7,0
02/09/2026,Verde,SRN1,08:00,408,402,402,402,403,"98,77",285,117,0,6,5,0,0,1,5,1,6,0
02/09/2026,Verde,SRS10,08:00,416,412,412,412,414,"99,52",162,250,0,4,2,0,0,2,2,2,0,4
02/09/2026,Verde,SRS2,08:00,477,468,468,468,474,"99,37",196,272,0,9,3,0,0,6,3,6,4,5
02/09/2026,Verde,SRS4,05:00,861,857,857,857,860,"99,88",371,486,0,4,1,0,0,3,1,3,3,1
02/09/2026,Verde,SRS5,04:00,640,634,634,634,637,"99,53",233,401,0,6,3,0,0,3,3,3,4,2
02/09/2026,Verde,SSC1,05:00,1,1,1,1,1,100,1,0,0,0,0,0,0,0,0,0,0,0
02/09/2026,Verde,SSC1,13:00,854,849,849,849,850,"99,53",244,605,0,5,4,0,0,1,4,1,2,3
02/09/2026,Verde,SSC2,04:00,1091,1087,1087,1087,1088,"99,73",439,648,0,4,3,0,0,1,3,1,1,3
02/09/2026,Verde,SSC3,03:00,599,595,595,595,596,"99,5",211,384,0,4,3,0,0,1,3,1,1,3
02/09/2026,Verde,SSE1,08:00,558,554,554,554,557,"99,82",370,184,0,4,1,0,0,3,1,3,3,1
02/09/2026,Verde,SSP11,08:00,604,595,595,595,601,"99,5",216,379,0,9,3,0,0,6,3,6,4,5
02/09/2026,Verde,SSP23,03:00,1011,999,999,999,1003,"99,21",321,678,0,12,8,0,0,4,8,4,2,10
02/09/2026,Verde,SSP29,03:00,993,990,990,990,990,"99,7",207,783,0,3,3,0,0,0,3,0,0,3
02/09/2026,Verde,SSP50,04:00,148,135,135,135,144,"97,3",15,120,0,13,4,0,0,9,4,9,0,13
02/09/2026,Verde,SSP50_V,04:00,20,15,15,15,15,75,1,14,0,5,5,0,0,0,5,0,0,5
02/09/2026,Verde,SSP52,13:00,276,274,274,274,275,"99,64",274,0,0,2,1,0,0,1,1,1,1,1
02/09/2026,Verde,SSP56,08:00,265,264,264,264,264,"99,62",125,139,0,1,1,0,0,0,1,0,1,0
02/09/2026,Verde,SSP7,03:00,615,607,607,607,611,"99,35",20,587,0,8,4,1,0,3,5,3,0,8
02/09/2026,Verde,STO1,08:00,290,286,286,286,289,"99,66",63,223,0,4,1,0,0,3,1,3,2,2
02/09/2026,Verde,STO2,08:00,377,374,374,374,374,"99,2",206,168,0,3,3,0,0,0,3,0,1,2
02/09/2026,Verde,XSP23_3,08:00,844,835,835,835,839,"99,41",224,611,0,9,5,0,0,4,5,4,0,9
02/09/2026,Verde,XSP9_1,04:00,561,555,555,555,558,"99,47",255,300,0,6,3,0,0,3,3,3,2,4
02/09/2026,Verde,XSP9_2,08:00,1539,1521,1521,1521,1530,"99,42",846,675,0,18,9,0,0,9,9,9,9,9
02/09/2026,Vermelha,SAL1,02:30,1111,1104,1104,1104,1107,"99,64",689,415,0,7,4,0,0,3,4,3,4,3
02/09/2026,Vermelha,SES1,02:30,214,210,210,210,211,"98,6",14,196,0,4,3,0,0,1,3,1,0,4
02/09/2026,Vermelha,SMG3,02:00,605,604,604,604,604,"99,83",9,595,0,1,1,0,0,0,1,0,0,1
02/09/2026,Vermelha,SMG5,01:30,632,624,624,624,627,"99,21",204,420,0,8,5,0,0,3,5,3,1,7
02/09/2026,Vermelha,SMG7,13:00,431,425,425,425,429,"99,54",142,283,0,6,2,0,0,4,2,4,0,6
02/09/2026,Vermelha,SRJ1,01:30,1526,1508,1508,1508,1511,"99,02",460,1048,0,18,15,0,0,3,15,3,4,14
02/09/2026,Vermelha,SRJ10,01:00,1815,1802,1802,1802,1805,"99,45",694,1108,0,13,10,0,0,3,10,3,4,9
02/09/2026,Vermelha,SRJ10_V,01:00,97,96,96,96,96,"98,97",10,86,0,1,1,0,0,0,1,0,0,1
02/09/2026,Vermelha,SRJ13,01:30,1075,1072,1072,1072,1072,"99,72",385,687,0,3,3,0,0,0,3,0,3,0
02/09/2026,Vermelha,SRJ2,02:00,1265,1254,1255,1255,1258,"99,45",459,796,0,10,7,0,0,3,7,3,2,8
02/09/2026,Vermelha,SRJ3,02:30,1047,1031,1031,1031,1033,"98,66",300,731,0,16,14,0,0,2,14,2,2,14
02/09/2026,Vermelha,SRJ6,01:30,1235,1231,1231,1231,1233,"99,84",468,763,0,4,2,0,0,2,2,2,0,4
02/09/2026,Vermelha,SRS8,03:00,692,690,690,690,691,"99,86",301,389,0,2,1,0,0,1,1,1,0,2
02/09/2026,Vermelha,SRS9,02:30,658,653,653,653,655,"99,54",448,205,0,5,3,0,0,2,3,2,0,5
02/09/2026,Vermelha,SRS9_V,02:30,98,97,97,97,98,100,0,97,0,1,0,0,0,1,0,1,0,1
02/09/2026,Vermelha,SSC4,02:30,762,759,759,759,760,"99,74",215,544,0,3,2,0,0,1,2,1,1,2
02/09/2026,Vermelha,SSP1,02:00,640,625,625,625,634,"99,06",22,603,0,15,6,0,0,9,6,9,0,15
02/09/2026,Vermelha,SSP12,02:00,768,765,765,765,767,"99,87",273,492,0,3,1,0,0,2,1,2,0,3
02/09/2026,Vermelha,SSP13,01:00,765,758,758,758,758,"99,08",273,485,0,7,7,0,0,0,7,0,6,1
02/09/2026,Vermelha,SSP14,01:00,1200,1191,1191,1191,1194,"99,5",431,760,0,9,6,0,0,3,6,3,0,9
02/09/2026,Vermelha,SSP15,01:30,1233,1222,1222,1222,1227,"99,51",400,822,0,11,6,0,0,5,6,5,1,10
02/09/2026,Vermelha,SSP16,01:00,612,610,610,610,610,"99,67",255,355,0,2,2,0,0,0,2,0,0,2
02/09/2026,Vermelha,SSP18,02:30,597,584,584,584,587,"98,32",7,577,0,13,10,0,0,3,10,3,1,12
02/09/2026,Vermelha,SSP20,02:30,1242,1229,1229,1229,1235,"99,44",434,795,0,13,7,0,0,6,7,6,1,12
02/09/2026,Vermelha,SSP22,01:00,1027,1016,1016,1016,1020,"99,32",296,720,0,11,7,0,0,4,7,4,1,10
02/09/2026,Vermelha,SSP24,01:30,668,668,668,668,668,100,243,425,0,0,0,0,0,0,0,0,0,0
02/09/2026,Vermelha,SSP26,01:00,793,783,783,783,785,"98,99",223,560,0,10,8,0,0,2,8,2,3,7
02/09/2026,Vermelha,SSP27,02:30,707,675,675,675,681,"96,32",147,528,0,32,26,0,0,6,26,6,0,32
02/09/2026,Vermelha,SSP31,01:30,526,524,524,524,525,"99,81",223,301,0,2,1,0,0,1,1,1,1,1
02/09/2026,Vermelha,SSP37,02:30,669,665,665,665,666,"99,55",30,635,0,4,3,0,0,1,3,1,0,4
02/09/2026,Vermelha,SSP38,02:30,1067,1062,1062,1062,1066,"99,91",317,745,0,5,1,0,0,4,1,4,1,4
02/09/2026,Vermelha,SSP39,02:00,640,638,638,638,638,"99,69",231,407,0,2,2,0,0,0,2,0,1,1
02/09/2026,Vermelha,SSP4,01:00,1098,1089,1089,1089,1094,"99,64",339,750,0,9,4,0,0,5,4,5,0,9
02/09/2026,Vermelha,SSP46,01:30,526,517,517,517,523,"99,43",197,320,0,9,3,0,0,6,3,6,2,7
02/09/2026,Vermelha,SSP6,02:00,729,723,723,723,727,"99,73",244,479,0,6,2,0,0,4,2,4,0,6
02/09/2026,Vermelha,SSP9,02:00,1118,1113,1113,1113,1114,"99,64",270,843,0,5,4,0,0,1,4,1,1,4
02/09/2026,Vermelha,SSP9_V,02:00,114,112,112,112,112,"98,25",21,91,0,2,2,0,0,0,2,0,0,2
02/09/2026,Vermelha,XSP9_6,08:00,2765,2738,2738,2738,2757,"99,71",1240,1498,0,27,8,0,0,19,8,19,3,24
01/09/2026,Amarela,SBA6,04:00,604,602,602,602,602,"99,67",297,305,0,2,2,0,0,0,2,0,0,2
01/09/2026,Amarela,SDF1,03:00,437,427,427,427,437,100,194,233,0,10,0,0,0,10,0,10,0,10
01/09/2026,Amarela,SDF2,03:00,607,602,602,602,602,"99,18",411,191,0,5,5,0,0,0,5,0,2,3
01/09/2026,Amarela,SES2,04:00,320,317,317,317,318,"99,38",31,286,0,3,2,0,0,1,2,1,0,3
01/09/2026,Amarela,SMG11,04:00,601,598,598,598,598,"99,5",186,412,0,3,3,0,0,0,3,0,0,3
01/09/2026,Amarela,SMG12,03:00,674,670,670,670,671,"99,55",232,438,0,4,3,0,0,1,3,1,1,3
01/09/2026,Amarela,SMG4,03:00,321,318,318,318,319,"99,38",19,299,0,3,2,0,0,1,2,1,0,3
01/09/2026,Amarela,SMG6,03:00,909,905,905,905,905,"99,56",341,564,0,4,4,0,0,0,4,0,1,3
01/09/2026,Amarela,SMG9,02:30,973,965,965,965,967,"99,38",230,735,0,8,6,0,0,2,6,2,1,7
01/09/2026,Amarela,SMN1,04:00,896,885,885,885,890,"99,33",106,779,0,11,6,0,0,5,6,5,1,10
01/09/2026,Amarela,SMS2,03:00,752,751,751,751,752,100,410,341,0,1,0,0,0,1,0,1,0,1
01/09/2026,Amarela,SPA2,04:00,1023,1018,1018,1018,1019,"99,61",695,323,0,5,4,0,0,1,4,1,0,5
01/09/2026,Amarela,SPE1,04:00,1411,1409,1409,1409,1410,"99,93",994,415,0,2,1,0,0,1,1,1,0,2
01/09/2026,Amarela,SPR10,04:00,620,609,609,609,616,"99,35",246,363,0,11,4,0,0,7,4,7,0,11
01/09/2026,Amarela,SPR2,03:00,661,653,653,653,657,"99,39",9,644,0,8,4,0,0,4,4,4,0,8
01/09/2026,Amarela,SPR4,08:00,351,348,348,348,349,"99,43",57,291,0,3,2,0,0,1,2,1,0,3
01/09/2026,Amarela,SPR5,03:00,335,335,335,335,335,100,56,279,0,0,0,0,0,0,0,0,0,0
01/09/2026,Amarela,SPR7,03:00,621,615,615,615,617,"99,36",174,441,0,6,4,0,0,2,4,2,1,5
01/09/2026,Amarela,SPR8,04:00,1145,1138,1138,1138,1140,"99,56",400,738,0,7,5,0,0,2,5,2,0,7
01/09/2026,Amarela,SPR8_V,04:00,138,135,135,135,135,"97,83",9,126,0,3,3,0,0,0,3,0,0,3
01/09/2026,Amarela,SRJ12,04:00,180,180,180,180,180,100,38,142,0,0,0,0,0,0,0,0,0,0
01/09/2026,Amarela,SRJ4,04:00,665,658,658,658,661,"99,4",158,500,0,7,4,0,0,3,4,3,4,3
01/09/2026,Amarela,SRJ5,04:00,473,470,470,470,473,100,194,276,0,3,0,0,0,3,0,3,2,1
01/09/2026,Amarela,SRJ7,04:00,358,357,357,357,357,"99,72",111,246,0,1,1,0,0,0,1,0,0,1
01/09/2026,Amarela,SRJ9,04:00,341,338,338,338,339,"99,41",85,253,0,3,2,0,0,1,2,1,2,1
01/09/2026,Amarela,SRS1,04:00,581,574,574,574,574,"98,8",214,360,0,7,7,0,0,0,7,0,0,7
01/09/2026,Amarela,SRS3,08:00,505,502,502,502,504,"99,8",113,389,0,3,1,0,0,2,1,2,0,3
01/09/2026,Amarela,SSC5,08:00,606,598,598,598,599,"98,84",100,498,0,8,7,0,0,1,7,1,1,7
01/09/2026,Amarela,SSC7,04:00,671,666,666,666,668,"99,55",246,420,0,5,3,0,0,2,3,2,0,5
01/09/2026,Amarela,SSC8,03:00,564,559,559,559,563,"99,82",112,447,0,5,1,0,0,4,1,4,0,5
01/09/2026,Amarela,SSC9,03:00,608,603,603,603,607,"99,84",128,475,0,5,1,0,0,4,1,4,0,5
01/09/2026,Amarela,SSP10,04:00,429,424,424,424,427,"99,53",1,423,0,5,2,0,0,3,2,3,0,5
01/09/2026,Amarela,SSP17,02:30,716,702,702,702,713,"99,58",73,629,0,14,3,0,0,11,3,11,0,14
01/09/2026,Amarela,SSP17_V,02:30,133,129,129,129,130,"97,74",10,119,0,4,3,0,0,1,3,1,0,4
01/09/2026,Amarela,SSP21,03:00,601,599,599,599,600,"99,83",190,409,0,2,1,0,0,1,1,1,0,2
01/09/2026,Amarela,SSP25,03:00,993,987,987,987,991,"99,8",311,676,0,6,2,0,0,4,2,4,0,6
01/09/2026,Amarela,SSP28,04:00,437,434,434,434,436,"99,77",85,349,0,3,1,0,0,2,1,2,0,3
01/09/2026,Amarela,SSP3,02:30,639,635,635,635,638,"99,84",12,623,0,4,1,0,0,3,1,3,0,4
01/09/2026,Amarela,SSP30,03:00,1309,1300,1300,1300,1304,"99,62",431,869,0,9,5,0,0,4,5,4,0,9
01/09/2026,Amarela,SSP34,03:00,754,750,750,750,753,"99,87",179,571,0,4,1,0,0,3,1,3,1,3
01/09/2026,Amarela,SSP36,05:30,627,615,615,615,619,"98,72",100,515,0,12,8,0,0,4,8,4,0,12
01/09/2026,Amarela,SSP40,03:00,741,738,738,738,740,"99,87",182,556,0,3,1,0,0,2,1,2,0,3
01/09/2026,Amarela,SSP40_V,03:00,77,77,77,77,77,100,17,60,0,0,0,0,0,0,0,0,0,0
01/09/2026,Amarela,SSP45,03:00,703,699,699,699,700,"99,57",203,496,0,4,3,0,0,1,3,1,0,4
01/09/2026,Amarela,SSP45_V,03:00,109,108,108,108,108,"99,08",29,79,0,1,1,0,0,0,1,0,0,1
01/09/2026,Amarela,SSP48,03:00,535,533,533,533,535,100,3,530,0,2,0,0,0,2,0,2,0,2
01/09/2026,Amarela,SSP49,03:00,358,354,354,354,357,"99,72",103,251,0,4,1,0,0,3,1,3,0,4
01/09/2026,Amarela,SSP5,03:00,1089,1082,1082,1082,1084,"99,54",338,744,0,7,5,0,0,2,5,2,4,3
01/09/2026,Amarela,SSP5_V,03:00,58,58,58,58,58,100,13,45,0,0,0,0,0,0,0,0,0,0
01/09/2026,Amarela,SSP8,02:30,1769,1752,1752,1752,1760,"99,49",648,1104,0,17,9,0,0,8,9,8,1,16
01/09/2026,Amarela,XSP17_2,08:00,293,292,292,292,292,"99,66",113,179,0,1,1,0,0,0,1,0,0,1
01/09/2026,Amarela,XSP17_3,08:00,517,512,512,512,514,"99,42",201,311,0,5,3,0,0,2,3,2,2,3
01/09/2026,Amarela,XSP24_6,06:00,560,552,551,551,559,"99,82",261,290,0,9,1,1,0,7,2,7,0,9
01/09/2026,Amarela,XSP9_3,08:00,147,142,142,142,146,"99,32",6,136,0,5,1,0,0,4,1,4,0,5
01/09/2026,Azul,SAL1_C,02:00,235,234,234,234,234,"99,57",2,232,0,1,1,0,0,0,1,0,0,1
01/09/2026,Azul,SAM1_A,05:00,526,523,515,515,523,"99,43",241,274,0,11,3,8,0,0,11,0,9,2
01/09/2026,Azul,SBA1_A,01:30,435,435,435,435,435,100,65,370,0,0,0,0,0,0,0,0,0,0
01/09/2026,Azul,SBA2_C,02:00,693,690,690,690,692,"99,86",1,689,0,3,1,0,0,2,1,2,0,3
01/09/2026,Azul,SBA6_A,01:00,440,440,440,440,440,100,7,433,0,0,0,0,0,0,0,0,0,0
01/09/2026,Azul,SCE1_C,02:00,180,180,180,180,180,100,17,163,0,0,0,0,0,0,0,0,0,0
01/09/2026,Azul,SDF1_A,01:30,539,537,536,536,537,"99,63",0,536,0,3,2,0,0,1,2,1,0,3
01/09/2026,Azul,SDF2_A,01:30,251,250,250,250,251,100,10,240,0,1,0,0,0,1,0,1,0,1
01/09/2026,Azul,SES1_A,01:30,494,493,493,493,493,"99,8",3,490,0,1,1,0,0,0,1,0,0,1
01/09/2026,Azul,SGO1_A,01:00,380,378,378,378,379,"99,74",4,374,0,2,1,0,0,1,1,1,0,2
01/09/2026,Azul,SGO3_A,01:00,259,257,257,257,257,"99,23",4,253,0,2,2,0,0,0,2,0,0,2
01/09/2026,Azul,SJP1X_A,05:00,173,171,171,171,171,"98,84",49,122,0,2,2,0,0,0,2,0,0,2
01/09/2026,Azul,SJP1_A,05:00,230,230,230,230,230,100,68,162,0,0,0,0,0,0,0,0,0,0
01/09/2026,Azul,SMN1_A,05:00,25,25,25,25,25,100,0,25,0,0,0,0,0,0,0,0,0,0
01/09/2026,Azul,SMN1_C,05:00,122,121,121,121,121,"99,18",1,120,0,1,1,0,0,0,1,0,0,1
01/09/2026,Azul,SMR1_A,01:00,391,389,389,389,389,"99,49",0,389,0,2,2,0,0,0,2,0,0,2
01/09/2026,Azul,SMR2_A,01:00,208,208,208,208,208,100,2,206,0,0,0,0,0,0,0,0,0,0
01/09/2026,Azul,SPA1_C,05:00,87,86,86,86,86,"98,85",2,84,0,1,1,0,0,0,1,0,1,0
01/09/2026,Azul,SPE1_A,01:00,590,588,587,587,588,"99,66",136,451,0,3,2,0,0,1,2,1,0,3
01/09/2026,Azul,SPI1_A,05:00,244,244,244,244,244,100,0,244,0,0,0,0,0,0,0,0,0,0
01/09/2026,Azul,SRN1_A,05:00,114,114,114,114,114,100,18,96,0,0,0,0,0,0,0,0,0,0
01/09/2026,Azul,SRN2_A,05:00,162,161,161,161,161,"99,38",52,109,0,1,1,0,0,0,1,0,0,1
01/09/2026,Azul,SRS1_A,01:30,248,246,246,246,247,"99,6",0,246,0,2,1,0,0,1,1,1,0,2
01/09/2026,Azul,SRS8_A,01:30,252,250,250,250,251,"99,6",0,250,0,2,1,0,0,1,1,1,0,2
01/09/2026,Azul,SRS9_A,01:30,402,400,400,400,400,"99,5",0,400,0,2,2,0,0,0,2,0,0,2
01/09/2026,Azul,SSE1_C,02:00,244,243,243,243,244,100,1,242,0,1,0,0,0,1,0,1,0,1
01/09/2026,Rosa,FSP2_R,06:00,1882,1829,1829,1829,1835,"97,5",0,1829,0,53,47,0,0,6,47,6,0,53
01/09/2026,Rosa,XSP1_R,06:00,495,483,483,483,487,"98,38",0,483,0,12,8,0,0,4,8,4,0,12
01/09/2026,Verde,CVLHUB,08:00,116,115,115,115,116,100,1,114,0,1,0,0,0,1,0,1,0,1
01/09/2026,Verde,JADHUB,13:00,326,322,322,322,324,"99,39",0,322,0,4,2,0,0,2,2,2,0,4
01/09/2026,Verde,JETSL1,13:00,6941,6921,6921,6921,6927,"99,8",6399,522,0,20,14,0,0,6,14,6,17,3
01/09/2026,Verde,LOGHUB,13:00,178,168,168,168,178,100,0,168,0,10,0,0,0,10,0,10,0,10
01/09/2026,Verde,SBA1,04:00,515,510,510,510,514,"99,81",240,270,0,5,1,0,0,4,1,4,3,2
01/09/2026,Verde,SBA2,08:00,549,542,542,542,548,"99,82",311,231,0,7,1,0,0,6,1,6,3,4
01/09/2026,Verde,SBA3,08:00,787,784,784,784,785,"99,75",220,564,0,3,2,0,0,1,2,1,0,3
01/09/2026,Verde,SBA4,08:00,1008,999,999,999,1005,"99,7",25,974,0,9,3,0,0,6,3,6,0,9
01/09/2026,Verde,SBA7,08:00,768,757,757,757,761,"99,09",251,506,0,11,7,0,0,4,7,4,2,9
01/09/2026,Verde,SES3,08:00,414,409,409,409,410,"99,03",189,220,0,5,4,0,0,1,4,1,2,3
01/09/2026,Verde,SES3_X,08:00,399,389,389,389,389,"97,49",143,246,0,10,10,0,0,0,10,0,5,5
01/09/2026,Verde,SGO1,08:00,737,729,729,729,733,"99,46",368,361,0,8,4,0,0,4,4,4,5,3
01/09/2026,Verde,SMG1,05:30,918,905,905,905,907,"98,8",287,618,0,13,11,0,0,2,11,2,4,9
01/09/2026,Verde,SMG10,05:00,387,382,382,382,383,"98,97",5,377,0,5,4,0,0,1,4,1,2,3
01/09/2026,Verde,SMG13,08:00,380,369,369,369,370,"97,37",120,249,0,11,10,0,0,1,10,1,4,7
01/09/2026,Verde,SMG13_X,08:00,442,438,438,438,438,"99,1",164,274,0,4,4,0,0,0,4,0,1,3
01/09/2026,Verde,SMG14,05:00,1202,1190,1190,1190,1194,"99,33",431,759,0,12,8,0,0,4,8,4,2,10
01/09/2026,Verde,SMG15,05:30,1213,1203,1203,1203,1205,"99,34",418,785,0,10,8,0,0,2,8,2,1,9
01/09/2026,Verde,SMG18,05:30,353,349,349,349,349,"98,87",112,237,0,4,4,0,0,0,4,0,0,4
01/09/2026,Verde,SMG1_V,05:30,237,226,226,226,233,"98,31",6,220,0,11,4,0,0,7,4,7,0,11
01/09/2026,Verde,SMG2,05:00,1196,1182,1182,1182,1184,99,401,781,0,14,12,0,0,2,12,2,5,9
01/09/2026,Verde,SMG8,05:30,946,934,934,934,935,"98,84",103,831,0,12,11,0,0,1,11,1,4,8
01/09/2026,Verde,SMR1,04:00,697,687,687,687,688,"98,71",198,489,0,10,9,0,0,1,9,1,7,3
01/09/2026,Verde,SMS1,08:00,915,910,910,910,913,"99,78",453,457,0,5,2,0,0,3,2,3,2,3
01/09/2026,Verde,SPA1,04:00,1006,997,997,997,998,"99,2",462,535,0,9,8,0,0,1,8,1,8,1
01/09/2026,Verde,SPI1,08:00,418,414,390,390,415,"99,28",170,220,0,28,3,24,0,1,27,1,2,26
01/09/2026,Verde,SPR1,03:00,1380,1354,1353,1353,1355,"98,19",564,789,0,27,25,0,0,2,25,2,19,8
01/09/2026,Verde,SPR3,08:00,177,177,177,177,177,100,12,165,0,0,0,0,0,0,0,0,0,0
01/09/2026,Verde,SPR6,03:00,879,870,870,870,876,"99,66",130,740,0,9,3,0,0,6,3,6,2,7
01/09/2026,Verde,SRJ8,04:00,916,907,907,907,909,"99,24",140,767,0,9,7,0,0,2,7,2,2,7
01/09/2026,Verde,SRN1,08:00,218,214,214,214,215,"98,62",104,110,0,4,3,0,0,1,3,1,2,2
01/09/2026,Verde,SRS10,08:00,404,398,398,398,401,"99,26",91,307,0,6,3,0,0,3,3,3,2,4
01/09/2026,Verde,SRS2,08:00,583,577,578,578,579,"99,31",219,359,0,5,4,0,0,1,4,1,2,3
01/09/2026,Verde,SRS4,05:00,1036,1026,1026,1026,1031,"99,52",417,609,0,10,5,0,0,5,5,5,2,8
01/09/2026,Verde,SRS5,04:00,721,716,716,716,717,"99,45",176,540,0,5,4,0,0,1,4,1,0,5
01/09/2026,Verde,SSC1,13:00,987,977,977,977,977,"98,99",327,650,0,10,10,0,0,0,10,0,3,7
01/09/2026,Verde,SSC2,04:00,1167,1158,1158,1158,1160,"99,4",429,729,0,9,7,0,0,2,7,2,3,6
01/09/2026,Verde,SSC3,03:00,759,747,747,747,749,"98,68",246,501,0,12,10,0,0,2,10,2,0,12
01/09/2026,Verde,SSE1,08:00,774,763,763,763,766,"98,97",510,253,0,11,8,0,0,3,8,3,3,8
01/09/2026,Verde,SSP11,08:00,587,583,583,583,585,"99,66",83,500,0,4,2,0,0,2,2,2,0,4
01/09/2026,Verde,SSP23,03:00,1071,1062,1062,1062,1065,"99,44",336,726,0,9,6,0,0,3,6,3,0,9
01/09/2026,Verde,SSP29,03:00,969,958,958,958,961,"99,17",137,821,0,11,8,0,0,3,8,3,1,10
01/09/2026,Verde,SSP50,04:00,123,115,115,115,117,"95,12",6,109,0,8,6,0,0,2,6,2,0,8
01/09/2026,Verde,SSP50_V,04:00,16,16,16,16,16,100,1,15,0,0,0,0,0,0,0,0,0,0
01/09/2026,Verde,SSP52,13:00,260,258,257,257,258,"99,23",257,0,0,3,2,0,0,1,2,1,3,0
01/09/2026,Verde,SSP56,08:00,294,292,292,292,293,"99,66",101,191,0,2,1,0,0,1,1,1,1,1
01/09/2026,Verde,SSP7,03:00,645,640,633,633,643,"99,69",0,633,0,12,2,7,0,3,9,3,7,5
01/09/2026,Verde,STO1,08:00,444,443,443,443,444,100,110,333,0,1,0,0,0,1,0,1,0,1
01/09/2026,Verde,STO2,08:00,446,445,445,445,445,"99,78",186,259,0,1,1,0,0,0,1,0,0,1
01/09/2026,Verde,XSP23_3,08:00,967,955,955,955,961,"99,38",192,763,0,12,6,0,0,6,6,6,2,10
01/09/2026,Verde,XSP9_1,04:00,631,615,615,615,625,"99,05",320,295,0,16,6,0,0,10,6,10,1,15
01/09/2026,Verde,XSP9_2,08:00,1573,1562,1562,1562,1570,"99,81",913,649,0,11,3,0,0,8,3,8,1,10
01/09/2026,Vermelha,SAL1,02:30,1075,1067,1067,1067,1070,"99,53",735,332,0,8,5,0,0,3,5,3,5,3
01/09/2026,Vermelha,SES1,02:30,334,326,326,326,327,"97,9",60,266,0,8,7,0,0,1,7,1,0,8
01/09/2026,Vermelha,SMG3,02:00,583,579,579,579,581,"99,66",16,563,0,4,2,0,0,2,2,2,0,4
01/09/2026,Vermelha,SMG5,01:30,570,568,568,568,569,"99,82",116,452,0,2,1,0,0,1,1,1,0,2
01/09/2026,Vermelha,SMG7,13:00,578,571,571,571,572,"98,96",193,378,0,7,6,0,0,1,6,1,0,7
01/09/2026,Vermelha,SRJ1,01:30,1647,1636,1636,1636,1641,"99,64",462,1174,0,11,6,0,0,5,6,5,1,10
01/09/2026,Vermelha,SRJ10,01:00,1713,1691,1691,1691,1703,"99,42",603,1088,0,22,10,0,0,12,10,12,11,11
01/09/2026,Vermelha,SRJ10_V,01:00,114,103,103,103,108,"94,74",13,90,0,11,6,0,0,5,6,5,0,11
01/09/2026,Vermelha,SRJ13,01:30,1062,1050,1050,1050,1056,"99,44",349,701,0,12,6,0,0,6,6,6,2,10
01/09/2026,Vermelha,SRJ2,02:00,1317,1308,1308,1308,1312,"99,62",505,803,0,9,5,0,0,4,5,4,2,7
01/09/2026,Vermelha,SRJ3,02:30,1028,1023,1023,1023,1023,"99,51",269,754,0,5,5,0,0,0,5,0,4,1
01/09/2026,Vermelha,SRJ6,01:30,1286,1277,1277,1277,1282,"99,69",481,796,0,9,4,0,0,5,4,5,7,2
01/09/2026,Vermelha,SRS8,03:00,850,844,844,844,845,"99,41",303,541,0,6,5,0,0,1,5,1,1,5
01/09/2026,Vermelha,SRS9,02:30,463,457,457,457,459,"99,14",162,295,0,6,4,0,0,2,4,2,0,6
01/09/2026,Vermelha,SRS9_V,02:30,107,105,105,105,106,"99,07",1,104,0,2,1,0,0,1,1,1,0,2
01/09/2026,Vermelha,SSC4,02:30,840,839,839,839,840,100,87,752,0,1,0,0,0,1,0,1,0,1
01/09/2026,Vermelha,SSP1,02:00,709,702,702,702,705,"99,44",31,671,0,7,4,0,0,3,4,3,0,7
01/09/2026,Vermelha,SSP12,02:00,827,820,820,820,821,"99,27",274,546,0,7,6,0,0,1,6,1,0,7
01/09/2026,Vermelha,SSP13,01:00,880,869,869,869,877,"99,66",331,538,0,11,3,0,0,8,3,8,1,10
01/09/2026,Vermelha,SSP14,01:00,1238,1228,1227,1227,1228,"99,19",404,823,0,11,10,0,0,1,10,1,3,8
01/09/2026,Vermelha,SSP15,01:30,1427,1413,1413,1413,1422,"99,65",431,982,0,14,5,0,0,9,5,9,0,14
01/09/2026,Vermelha,SSP16,01:00,722,716,716,716,718,"99,45",217,499,0,6,4,0,0,2,4,2,0,6
01/09/2026,Vermelha,SSP18,02:30,741,729,657,657,729,"98,38",2,655,0,84,12,31,0,41,43,41,0,84
01/09/2026,Vermelha,SSP20,02:30,1191,1185,1185,1185,1187,"99,66",374,811,0,6,4,0,0,2,4,2,0,6
01/09/2026,Vermelha,SSP22,01:00,1017,1009,1009,1009,1012,"99,51",275,734,0,8,5,0,0,3,5,3,0,8
01/09/2026,Vermelha,SSP24,01:30,670,666,666,666,667,"99,55",223,443,0,4,3,0,0,1,3,1,0,4
01/09/2026,Vermelha,SSP26,01:00,674,663,662,662,670,"99,41",110,552,0,12,4,1,0,7,5,7,0,12
01/09/2026,Vermelha,SSP27,02:30,631,624,624,624,626,"99,21",162,462,0,7,5,0,0,2,5,2,2,5
01/09/2026,Vermelha,SSP31,01:30,472,469,469,469,471,"99,79",184,285,0,3,1,0,0,2,1,2,0,3
01/09/2026,Vermelha,SSP37,02:30,720,718,718,718,719,"99,86",9,709,0,2,1,0,0,1,1,1,0,2
01/09/2026,Vermelha,SSP38,02:30,1315,1312,1312,1312,1314,"99,92",479,833,0,3,1,0,0,2,1,2,0,3
01/09/2026,Vermelha,SSP39,02:00,695,689,689,689,691,"99,42",247,442,0,6,4,0,0,2,4,2,0,6
01/09/2026,Vermelha,SSP4,01:00,1207,1195,1148,1196,1198,"99,25",379,817,0,11,9,0,0,2,9,2,0,11
01/09/2026,Vermelha,SSP46,01:30,498,495,495,495,496,"99,6",147,348,0,3,2,0,0,1,2,1,1,2
01/09/2026,Vermelha,SSP6,02:00,748,745,745,745,746,"99,73",233,512,0,3,2,0,0,1,2,1,0,3
01/09/2026,Vermelha,SSP9,02:00,1264,1257,1257,1257,1260,"99,68",414,843,0,7,4,0,0,3,4,3,0,7
01/09/2026,Vermelha,SSP9_V,02:00,129,125,125,125,126,"97,67",38,87,0,4,3,0,0,1,3,1,0,4
01/09/2026,Vermelha,XSP9_6,08:00,3736,3703,3702,3702,3726,"99,73",1783,1919,0,34,10,1,0,23,11,23,5,29